Topic,Count,Name,Representation,Representative_Docs,Total_Likes,Average_Likes
-1,17431,-1_feed_of_art_this,"['feed', 'of', 'art', 'this', 'my', 'is', 'or', 'to', 'that', 'you']","['my feed just for the art!', 'Follow to see my art only :)', 'Here you can see my art. ⭐']",484452,27.79
0,1269,0_bluestocksapp_spamfiltered_investors_relevant,"['bluestocksapp', 'spamfiltered', 'investors', 'relevant', 'latest', 'by', 'about', 'posts', 'for', 'and']","['The latest posts about Safe (SAFE). Spam-filtered and relevant for investors.\n\nBy @bluestocks.app', 'The latest posts about Life Crypto (LIFE). Spam-filtered and relevant for investors.\n\nBy @bluestocks.app', 'The latest posts about Sonic (S). Spam-filtered and relevant for investors.\n\nBy @bluestocks.app']",958,0.75
1,1130,1_bluestocks_httpsappsapplecomappid6740137234_stocks_features,"['bluestocks', 'httpsappsapplecomappid6740137234', 'stocks', 'features', 'right', 'app', 'track', 'check', 'out', 'spamfiltered']","['The latest posts about Hasbro (HAS). Spam-filtered and relevant for investors. For all features check out the Bluestocks app to track stocks right from Bluesky: https://apps.apple.com/app/id6740137234', 'Your personalized feed of posts about stocks in your Bluestocks watchlist\n\nFor all features check out the Bluestocks app to track stocks right from Bluesky: https://apps.apple.com/app/id6740137234', 'The latest posts about Media Network (MEDIA). Spam-filtered and relevant for investors. For all features check out the Bluestocks app to track stocks right from Bluesky: https://apps.apple.com/app/id6740137234']",10,0.01
2,826,2_httpstrackgoodfeedsco_tracking_naturism_wallpaper,"['httpstrackgoodfeedsco', 'tracking', 'naturism', 'wallpaper', 'italianfood', 'nudism', 'naturist', 'tracks', 'ff14', 'r4today']","['Tracking ""nudist"", ""naturist"", ""clothes free""\n\nhttps://track.goodfeeds.co/', 'tracking people having fresh starts', 'tracking dbd, dead by daylight, and bhvr! open to suggestions for more tracking terms lol']",4970,6.02
3,756,3_music_radio_songs_metal,"['music', 'radio', 'songs', 'metal', 'audio', 'spotify', 'band', 'bass', 'song', 'rock']","['All of my music posts!', 'My music', 'A feed for my music!']",12784,16.91
4,650,4_gtsgrowthesky_local_looking_state,"['gtsgrowthesky', 'local', 'looking', 'state', 'gems', 'hidden', 'city', 'washington', 'events', 'culture']","['Explore the vibrant culture of Maryland through our feed, showcasing local events, attractions, food, and hidden gems across the state!', 'Explore the beauty and charm of West Virginia! Discover outdoor adventures, local culture, and hidden gems across this stunning state.', ""Explore the vibrant culture of Seattle through our feed, featuring local events, hidden gems, and the city's unique art scene!""]",4291,6.6
5,473,5_bluesky_blue_sky_on,"['bluesky', 'blue', 'sky', 'on', 'blueskyfeedcreatorcom', 'across', 'accounts', 'pupskyapp', 'blueskys', 'part']","['A list of bluesky posts', 'History in your Blue Sky feed', 'The top posts by BLUE influencers on Blue Sky over the past 3 hours. Posts with the most discussion and replies on top.']",20466,43.27
6,460,6_likes_last_sorted_hours,"['likes', 'last', 'sorted', 'hours', 'liked', '24', 'ranking', 'most', 'hn', 'top']","['All posts, sorted by likes.', 'A feed of  posts sorted by likes.', 'My top posts sorted by likes!']",48834,106.16
7,373,7_feeds_custom_feed_exalted,"['feeds', 'custom', 'feed', 'exalted', 'im', 'subset', 'evensong', 'betafeed', 'chucky', 'cosmere']","['Feed of all Feeds', 'Feed is dedicated to the Exalted tabletop game. \n#exalted or #exalted_ttrpg to have a post added.\nExalted writers or developers or content creators of exalted content dm @terrtle.bsky.social to make sure your content is more likely to show up. This does not affect the algorithm.', 'all of my feeds in one']",4685,12.56
8,311,8_gaming_games_game_video,"['gaming', 'games', 'game', 'video', 'indie', 'playstation', 'nintendo', 'retro', 'opt', 'developers']","['video games feed!', 'Your gaming feed! Stay updated with the latest gaming news, exclusive game insights, gaming media highlights, and upcoming games releases. Dive into the world of games—because every gamer deserves to know!', 'For all the gaming content']",14889,47.87
9,286,9_education_science_teachers_educators,"['education', 'science', 'teachers', 'educators', 'learning', 'biology', 'teaching', 'schools', 'research', 'tech']","['A feed for those interested in following posts related to Computer Science in Education.', 'education feed', ', teacher educators, and education researchers interested in progressive education, innovative schools, and play-based learning. #progressiveeducation']",6000,20.98
10,275,10_httpsbluefactsappfeedbuilder_controversies_create_own,"['httpsbluefactsappfeedbuilder', 'controversies', 'create', 'own', 'political', 'commentary', 'discussing', 'legal', 'covering', 'his']","['Posts discussing controversies and political commentary surrounding Homan, including critiques of policies and public statements.\n\nCreate your own feed with https://bluefacts.app/feed-builder', 'Curated posts covering Donald Trump, including legal debates, policy challenges, and political commentary.\n\nCreate your own feed with https://bluefacts.app/feed-builder', 'Posts discussing controversies, political actions, and commentary involving the U.S. political figure Mike Johnson.\n\nCreate your own feed with https://bluefacts.app/feed-builder']",751,2.73
11,270,11_news_journalists_breaking_sources,"['news', 'journalists', 'breaking', 'sources', 'reuters', 'journalism', 'uk', 'times', 'bbc', 'bloomberg']","['news', 'News', 'News']",10394,38.5
12,241,12_collection_art_posted_my,"['collection', 'art', 'posted', 'my', 'artworks', 'place', 'ive', 'artwork', 'all', 'of']","['a collection of all my art posts 🌈', 'A collection of all my art posts.', 'Collection of all my art posts']",596,2.47
13,233,13_blueskyfeedcreatorcom_blueskyfeedscom_made_at,"['blueskyfeedcreatorcom', 'blueskyfeedscom', 'made', 'at', 'stargate', 'sqrls', 'rockstar', 'feed', 'aka', 'is']","['A feed for tiny creatures! Collects #Borrowers, #Fairies, #GroundedGame, #HouseholdRPG, #Lilliputian, #Minish, #Mouseguard, #Mouseland, #Redwall, #SecretOfNimh, #WindInTheWillows, and variations.\r\nThis a SFW feed. \r\nInfo here: blueskyfeedcreator.com/p/minizens.bsky.social/minizens', 'Sqrls Sqrls Sqrls alternative feed for Z., for when the main one is not working. Picks up:\n\n#sqrlpix\n#sqrlpic\n#squirrelpix\n#squirrelsofbluesky\n#squirrelphotography\n#blueskysquirrels\n#squirrelsaturday', 'Stargate Feed for all things Stargate. Stargate SG-1, Stargate Atlantis, Stargate Universe and beyond. // Made at BlueskyFeeds.com']",2012,8.64
14,223,14_ai_ainfts_sfw_art,"['ai', 'ainfts', 'sfw', 'art', 'ui', 'artists', 'generative', 'spicy', 'filters', 'aigenerated']","[""See what's hot in art by human artists! Filters out AI/NFTs. Use #art to post. Pulls from a growing list of popular art related hashtags. Please Pin, Like and Share to help the feed get discovered!"", 'Art-feed||NSFW Art|| No Ai  No NFTs || Sorted by time || Still some photos in here, not sure how to reduce it to only art || Problems? Suggestions? - Let me know', 'AI Art']",21097,94.61
15,216,15_ps5pro_cultofthelamb_cult_clip,"['ps5pro', 'cultofthelamb', 'cult', 'clip', 'hoshiyomi', 'nekoshowgun', 'synduality', 'photographic', 'lamb', 'japanese']","['Rise of the Tomb Raiderだよ！\n#RiseoftheTombRaider /PS5Pro', 'Tomb Raider Definitive Editionだよ！\n#TombRaiderDefinitiveEdition /PS5Pro', 'Cult of the lambのカスタムフィードです。\n以下の文に反応します。Japanese Only\n\nCult of the Lamb cult of the lamb cultofthelamb Cultofthelamb 子羊教団 カルトオブザラムCult_of_the_lamb cult_of_the_lamb Cult of the lumb Cult of the Lumb Cult_of_the_Lumb cultofthelumb']",726,3.36
16,197,16_plant_plants_gardening_fishing,"['plant', 'plants', 'gardening', 'fishing', 'botany', 'fish', 'marine', 'flowers', 'science', 'garden']","['A Feed to compile posts on the history of plant science. Hashtags indexed:\n\n#PlantScienceHistory|#PlantSciHis|#HistoricalPlantScience|#PlantScienceClassics|#HistPlantBio|#HistBioPlant\n\nPlant Science Plant Biology', 'A quick feed hoping to aggregate all plant science, plant biology, botany, and agronomy posts on Bluesky!  Remember to tag your post with both the 🌾 and 🧪emojis!\nThese words will also tag your post in the feed: plant biology, agronomy, botany, plant science, chloroplast, photosynthesis, chlorophyll', 'Feed about Botany and Plant Research.']",33455,169.82
17,196,17_art_traditional_mediums_momoko,"['art', 'traditional', 'mediums', 'momoko', 'artonly', 'peach', 'only', 'feed', 'notart', 'charcoal']","[""Aidaita's Art Feed"", ""Kingsevil's art feed"", ""rollinrabbit's art feed""]",775,3.95
18,186,18_surfsocial_created_powered_flipboard,"['surfsocial', 'created', 'powered', 'flipboard', 'with', 'surf', 'surffeeds', 'voices', 'contribute', 'shorezone']","['Music\n\nCreated with surf.social', '試験運用: fedibirdハッシュタグを含む投稿です\n\nCreated with surf.social', 'news\n\nCreated with surf.social']",779,4.19
19,186,19_democracy_politics_overwhelmed_resistance,"['democracy', 'politics', 'overwhelmed', 'resistance', 'refresh', 'responsible', 'fascism', 'against', 'back', 'offensive']","['Election Political Polls \nPublic Opinion \nBluesky Social Feed. \n\nCheck out my Elections and Voting Rights Feeds. \n\nIf this Feed is Overwhelmed and Refresh does not work, Check Back Later and Enjoy one of my Other Feeds. \n \nNonEndorsing Curation. \nNot Responsible for Off-Topic or Offensive Content.', 'Elections \nBluesky Social Feed. \n\nCheck out my Voting Rights Feed.\n \nIf this Feed is Overwhelmed and Refresh does not work, Check Back Later and Enjoy one of my Other Feeds. \n \nNonEndorsing Curation. \nNot Responsible for Off-Topic or Offensive Content.', ""USA Politics\nConstituents Resistance\nBluesky Social Feed.\n\nCheckout my Other Protests Feed.\n\nIf this Feed is Overwhelmed & Refresh Doesn't Work, Check Back Later. \n \nNon-Endorsing Curation.\nNot Responsible for Offensive, Off-Topic or InAppropriate Content.""]",4024,21.63
20,186,20_baseball_nfl_httpsbluefactsappfeedbuilder_mlb,"['baseball', 'nfl', 'httpsbluefactsappfeedbuilder', 'mlb', 'highlights', 'create', 'team', 'own', 'plays', 'player']","['baseball accounts that I follow', 'Updates and highlights for the Blue Jays baseball team including game results, key plays, and insights.\n\nCreate your own feed with https://bluefacts.app/feed-builder', 'Latest updates, news, and fan commentary about the Chicago Cubs baseball team. Discuss game details, wins, and player highlights.\n\nCreate your own feed with https://bluefacts.app/feed-builder']",2184,11.74
21,185,21_blueskyfeedcreatorcom_listy_otters_girls,"['blueskyfeedcreatorcom', 'listy', 'otters', 'girls', 'choo', '5cp', 'wax', 'calla', '6s', 'moving']","['listy listy listy\n\nBlueskyFeedCreator.com', 'The gang is back at it again, moving forward in love... but moving backwards in friendship.\n\nBlueskyFeedCreator.com', 'Following the lives of Hayden Jr. and Tiffany Naylor as they try to find themselves while balancing crushes, friendship, school, and parties.\n\nBlueskyFeedCreator.com']",456,2.46
22,183,22_booksky_books_book_fiction,"['booksky', 'books', 'book', 'fiction', 'reading', 'nonfiction', 'literary', 'readers', 'authors', 'bookskyclublist']","[""A feed for anyone who likes reading and books. Share what you're reading with us by using 💙📚 or #booksky in your posts. More #booksky feeds 👉🏻 booksky.club/list"", ""A feed for anyone who likes reading and books. Share what you're reading with us by using 💙📚 or #booksky in your posts. More #booksky feeds 👉🏻 booksky.club/list"", 'a book feed for all literary fiction readers, authors, and books.']",34209,186.93
23,173,23_photography_photographers_blueskyfeedcreatorcom_bluesky,"['photography', 'photographers', 'blueskyfeedcreatorcom', 'bluesky', 'divcreativocom', 'blueskyfeedscom', 'artists', 'featured', 'posted', 'fashion']","[""A feed of bluesky's cosplay and costume photographers\n\nTo be added you need to\n1. Be the photographer of the content you share\n2. Mostly post cosplay or costume photography\n3. Properly tag any suggesstive content you share (this feed is SFW)"", 'An aggregate feed from our curated #photography lists, showcasing the work of selected Bluesky photographers.\r\n\r\nThis feed is sorted by new posts.', 'A feed of all the photography I post to my own Bluesky feed.']",39612,228.97
24,164,24_comic_comics_coop_strip,"['comic', 'comics', 'coop', 'strip', 'pages', 'strips', 'manga', 'librarypass', 'book', 'read']","['A feed for all of my comics!', 'Feed Comics', 'Feed of the comic']",843,5.14
25,151,25_ai_intelligence_artificial_ufo,"['ai', 'intelligence', 'artificial', 'ufo', 'machine', 'ufosky', 'learning', 'automation', 'ufos', 'tech']","['Android Dreams\nPost using #android_dreams\nA feed about AI (Artificial Intelligence), AGI (Artificial General Intelligence), SAGI (Super Artificial General Intelligence) and other posts about human, machine intelligence, or other lifeforms, e.g., cephalopods, mammals, etc..', 'Artificial intelligence and machine learning', 'Posts with AI']",1316,8.72
26,145,26_nsfw_sfw_both_art,"['nsfw', 'sfw', 'both', 'art', 'warned', 'artists', 'atropines', 'contains', 'artwork', 'masked']","['For all of my art — ️SFW + NSFW', 'All of my art SFW & NSFW', 'All of my NSFW art!']",1310,9.03
27,133,27_christianity_christian_jesus_bible,"['christianity', 'christian', 'jesus', 'bible', 'faith', 'christians', 'esv', 'catholic', 'church', 'religion']","['See what both Protestant and Catholic Christians are saying about Jesus, the Bible, God’s love, faith, grace, and more. Get encouragement, hope, and insights!\n\n""Whoever believes in him should not perish but have eternal life."" - John 3:16b (ESV)\n\n#Christianity #Bible #Jesus', 'Here are some popular Christian themed posts to ponder!\n\n#Christianity #Bible #Jesus', 'See what Catholic & Orthodox Christians are saying about Jesus, the Bible, God’s love, faith, grace, and more. Get encouragement, hope, and insights into the Christian life.\n\n""Whoever believes in him should not perish but have eternal life."" - John 3:16b (ESV)\n\n#Christianity #Bible #Jesus #Catholic']",1308,9.83
28,129,28_football_fc_united_league,"['football', 'fc', 'united', 'league', 'club', 'liverpool', 'arsenal', 'match', 'premier', 'manchester']","['This feed is all about football! Stay updated with the latest news, match updates, and transfer gossip from the world of football', 'Feed focused on English Premier League Football posts across BlueSky\r\n\r\nPosts with #EPL and club hashtags will appear on the feed', 'All things Liverpool Football Club']",2676,20.74
29,123,29_japanese_japan_period_plave,"['japanese', 'japan', 'period', 'plave', 'food', 'onf', 'en', 'samurai', 'languageshololive', 'vmax']","['Posts about Japan in non-Japanese language.', 'Japanese Posts', 'Posts mentioning on Japan or Japanese people.']",1316,10.7
30,121,30_cat_cats_pictures_pics,"['cat', 'cats', 'pictures', 'pics', 'videos', 'pets', 'dogs', 'adorable', 'photos', 'feline']","['Cat Videos - Enjoy videos of #cats including pets, street cats, and big cats! 😺 Based on cat-related keywords, hashtags, alt text, and ML classification.\r\n\r\nFiltered to remove art, spam, NSFW, spam, reposted content, and other irrelevant videos.\r\n\r\n💡Discover - mix of trending and new posts. Created w 🐮', 'Cat Videos - Enjoy videos of pet #cats, street cats, and big cats! 😺 Based on cat-related keywords, hashtags, and alt text.\r\n\r\nFiltered to remove art, spam, NSFW, reposted content, and other irrelevant videos. \r\n\r\n🆕 New - chronological posts. Feed created with @graze.social 🐮', 'Cat Pictures - Enjoy pictures of #cats including pets, street cats, and big cats! 😺 Based on cat-related keywords, hashtags, alt-text, and ML classification.\r\n\r\nFiltered to remove art, NSFW, spam, offensive, and other irrelevant content.\r\n\r\n🆕New - chronological posts. Feed created with @graze.social 🐮']",1581,13.07
31,119,31_cycling_bikes_racing_bike,"['cycling', 'bikes', 'racing', 'bike', 'bikesky', 'labelerbikeskysocial', 'motorcycle', 'label', 'pro', 'race']","['Trending Pro Cycling chatter from across Bluesky.\r\nSee @labeler.radial.racing to get a label.\r\nPost with #procycling or any rider, team or race keyword in your post or alt-text to be included.', 'Pro Cycling videos from across Bluesky 🎥 🚴🚴\u200d♀️🚴\u200d♂️.\r\nSee @labeler.radial.racing to get a label.\r\nPost with #procycling or any rider, team or race keyword in your post or alt-text to be included.', 'Trending Pro Cycling videos from across Bluesky 🎥 🚴🚴\u200d♀️🚴\u200d♂️.\r\nSee @labeler.radial.racing to get a label.\r\nPost with #procycling or any rider, team or race keyword in your post or alt-text to be included.']",2518,21.16
32,118,32_knitting_crochet_patterns_sewing,"['knitting', 'crochet', 'patterns', 'sewing', 'yarn', 'embroidery', 'stitch', 'fiber', 'knit', 'pattern']","['Crochet & Knit feed 2.\n\nFeed that only shows photos of actual crochet and knitting projects. All photos have alt text for accessibility.\n\nPicks up the usual craft emojis 🧶 AND only posts with these terms in Alt Texts: \nCrochet\nKnit\nTunisian crochet', 'My knitting, crochet, and other craft projects', 'Feed for people who love weaving, knitting, crochet, embroidery, and other fiber arts.']",3927,33.28
33,117,33_weather_australian_flooding_urbanism,"['weather', 'australian', 'flooding', 'urbanism', 'australia', 'disaster', 'disasters', 'rain', 'tropical', 'risk']","['This feed is for posts relating to flooding in the Australia.', 'This feed is for posts relating to flooding in the Australian state of Western Australia (WA).', 'This feed is for posts relating to flooding in the Australian state of South Australia (SA).']",1510,12.91
34,117,34_skyfeed_skyfeedapp_builder_skyblur,"['skyfeed', 'skyfeedapp', 'builder', 'skyblur', 'skybluruk', 'built', 'httpsskyfeedapp', 'using', 'matte', 'created']","['a test  feed for skyfeed.app', 'test feed with ""skyfeed"" posts', 'Art by me\nCreated in Skyfeed']",838,7.16
35,116,35_birding_birds_bird_irish,"['birding', 'birds', 'bird', 'irish', 'birdwatching', 'ireland', 'sightings', 'wildlife', 'hybrids', 'capture']","['Birds & birding at BBOWT College Lake, Buckinghamshire.\n#birds #birding #birdwatching #CollegeLake #bucksbirds #bucksbirdnews #bucksbirdalert #wildlife #nature', 'Birds & birding in Buckinghamshire\n#bucksbirds #bucksbirdnews #bucksbirdalert #birds #birding #birdwatching #chilterns #nature #wildlife', 'Birds & birding in the Malmö area of Sweden...\n#Malmö #Skåne #Öresund #birds #fåglar #fågel #birding #birdwatching #wildlife #nature']",1142,9.84
36,116,36_nsfw_sfw_art_ainft,"['nsfw', 'sfw', 'art', 'ainft', 'miisty', 'miinii', '10m', 'kinks', 'artists', 'spicy']","['my nsfw art feed 👍', 'A feed of my art. NSFW', 'A feed of my NSFW art.']",2559,22.06
37,114,37_fics_hololive_fanart_ao3,"['fics', 'hololive', 'fanart', 'ao3', 'holoen', 'subfeed', 'holoid', 'deltarune', 'megafeed', 'trials']","['Feed focused on hololive Indonesia fanart. \n\nThis feed tracks ID fanart hashtags, screening for AI and unlabeled nsfw. \n\nThis subfeed will be a part of a hololive production topic megafeed.\n\n#hololive #holoID #hololiveIndonesia', 'my fics on ao3 :)', 'All my fics posted to AO3']",1003,8.8
38,114,38_programming_rust_typescript_software,"['programming', 'rust', 'typescript', 'software', 'web', 'language', 'javascript', 'rustlang', 'opensource', 'devops']","['Things about programming', 'A feed with programming related posts.', 'Posts about the programming language.']",1694,14.86
39,110,39_mutuals_people_replies_friends,"['mutuals', 'people', 'replies', 'friends', 'iaccs', 'miss', 'listuserdidmutuals', 'follow', 'listuserdidfollowers', 'listuserdidfollowingfollowing']","['these are friends and mutuals who skeet much less frequently than some of my other friends. want to not miss them', 'Mutuals, friends, or cool people I just like following.', 'mutuals with replies']",6335,57.59
40,106,40_place_can_where_find,"['place', 'can', 'where', 'find', 'here', 'view', 'art', 'easy', 'my', 'artwork']","['Where you can find all my art!', 'where you can find all of my art!', 'A place where you can see all the art I made!']",533,5.03
41,106,41_tagged_animations_arpg_art,"['tagged', 'animations', 'arpg', 'art', 'myart', 'tag', 'artwork', 'vrchat', 'listed', 'graphicmedicine']","['All of my art (tagged with 👻🦈)', 'All my art posts! Tagged with 🖼️', 'All my art tagged with #art!']",628,5.92
42,103,42_2025_2024_hehe_year,"['2025', '2024', 'hehe', 'year', 'attacks', '2023', 'artfight', 'pokemon', 'october', '2022']","['April 2025 art! Mostly #oc and #pokemon stuff hehe🤸🧃', 'May 2025 art! Mostly #oc and #pokemon stuff hehe🤸🧃', 'October 2025 art! Mostly #oc and #pokemon stuff hehe🤸🧃']",1420,13.79
43,101,43_cooking_recipes_food_recipe,"['cooking', 'recipes', 'food', 'recipe', 'baking', 'meals', 'foodsky', 'bread', 'delicious', 'chefs']","[""From the creator of What's Cooking and What We're Eating comes a brand new, video-only feed! Feed tracks top cooking and food related hashtags such as #baking #cooking #recipe #foodsky #breadsky #sourdough #foodblog #homebrew #foodie #fermentation and more."", 'Just recipes!  \nUsing tags like #recipe, #baking, #cooking, etc\n\n(ver 20250914.1)', 'Cooking and Food.']",1156,11.45
44,99,44_horror_mtg_squid_hades,"['horror', 'mtg', 'squid', 'hades', 'scary', 'games', 'horrorlit', 'destiny2', 'romance', 'movie']","['A feed for specific accounts that post about, or create content related to, horror romance or romantic horror. Picks up the tags #horrorromance, #horroromance, and #horrormance as well as the emoji string 💜😱 !', 'Horror movie chat. Picks up references to HorrorSky, #Horror, various horror movie terms or names, or the 📽️ projector emoji alongside one of these: 👻🧛☠️💀🔪🎃🧟. Posts need at least one like to qualify!', 'Bite Size Horror is a short but sweet review series where I let everyone, from those just getting into horror to avid horror enjoyers, know which games they should check out and how scary they really are.']",2971,30.01
45,97,45_iqdblabelerbskysocial_autogenerated_hair_colored,"['iqdblabelerbskysocial', 'autogenerated', 'hair', 'colored', 'character', 'thighs', 'sleeves', 'eyes', 'when', 'teeth']","['Hair that has more than one color. All hair colors present should be tagged, if possible.\n\nAuto-generated by @iqdb-labeler.bsky.social', 'Hair that covers either eye. Typically associated with shy or mysterious characters. For the case where both eyes are covered, use hair over eyes.\n\nAuto-generated by @iqdb-labeler.bsky.social', 'The hub for all hairstylists, hair inspo, and all hair related content.']",67,0.69
46,97,46_artwork_preraphaelite_art_my,"['artwork', 'preraphaelite', 'art', 'my', 'artworks', 'iwish', 'easy', 'easier', 'amaruuk', 'enjoy']","['A feed of all my artwork.', 'A feed for all of my artwork!', 'Art feed of all my artwork']",347,3.58
47,96,47_black_blacksky_add_space,"['black', 'blacksky', 'add', 'space', 'promote', 'gensousky', 'educated', 'soles', 'we', 'brotherhood']","['**Welcome to Black Lemon Our Space for Black Screenwriters and Actors Collective!**\n\nJoin our vibrant community of Black Screenwriters and Actors! Here, we collaborate, share, and unite in our passion for storytelling. Ready to bring your story to life? Share your skills!', 'Black Readers and Black Authors celebrating BLACK books!\r\n\r\nUse #BlackBookSky to add to the feed\n\nBlueskyFeedCreator.com', 'Books by Black authors']",42079,438.32
48,95,48_testing_test_trial_v2,"['testing', 'test', 'trial', 'v2', 'creation', 'ignore', '0156', '789', 'ffanzufeed', 'needteststuff']","['Testing', 'Testing', 'Testing']",40,0.42
49,94,49_characters_original_character_designs,"['characters', 'original', 'character', 'designs', 'deities', 'project', 'concept', 'charactes', 'httpskoficomsoturisi', 'httpswwwpatreoncomsoturisi']","['Artwork featuring my original characters', ""Cubesona's original art, including character designs I made myself AND original characters!"", 'Art/content of my original characters']",268,2.85
50,93,50_lore_wolqotd_her_answers,"['lore', 'wolqotd', 'her', 'answers', 'gposes', 'gpose', 'warrior', 'rabbit', 'ennersval', 'artemio']","['All the lore ✧', 'My Warrior of Light: Inari 🐚\nFeed will contain gposes, lore, wolqotd answers, commissions, etc.', 'My Warrior of Light: Emrhys 🌙\nFeed will contain gposes, lore, wolqotd answers, commissions, etc.']",359,3.86
51,92,51_blueskyfeedscom_made_at_ultralight,"['blueskyfeedscom', 'made', 'at', 'ultralight', 'wizard', 'hiking', 'bo', 'beocord', 'beovox', 'beomaster']","['Ultralight hiking and ultralight hiking gear.   // Made at BlueskyFeeds.com', 'Vintage Bang & Olufsen (B&O) chatter from around BlueSky, including Beogram, Beocord, Beovox, Beomaster, and more.\n\nBlueskyFeedCreator.com', ""For all techno deejays, producers and everyone who just loves Detroit's finest artform. Boing, boom tschak! //Made at BlueskyFeeds.com""]",161,1.75
52,92,52_queer_trans_lgbtqia_lgbtq,"['queer', 'trans', 'lgbtqia', 'lgbtq', 'lgbt', 'httpswwwrainbowrevelrylgbtbskyfeeds', 'transgender', 'rainbow', 'gender', 'books']","['A feed for posts about Queer SFFH books, by which I mean books with a queer MC (and quite likely a queer author).\n\nPicks up posts with a combination of the Queer Bookworms, SFF and Horror Book Feed emojis: 🌈📚🪐 😱📚 and or some LGBTQIA and or SFFH keywords. eg. #QueerBooks & #FantasyBooks etc.', 'A feed dedicated to queer Vermont. To be included, posts must include VT or Vermont and either gay, queer, lesbian, trans, LGBT, or LGBTQIA+', 'a feed dedicated for queer representation in the fandom. Queer oc, queer art, queer shipping, queer writing - anything! \nall queer is welcomed, mlm, wlw, bi/pan, non binary, trans, all queer! \n\n#bg3queer']",4537,49.32
53,88,53_blueskyfeedscom_made_at_madonna,"['blueskyfeedscom', 'made', 'at', 'madonna', 'xpan', 'mew', 'probando', 'wholesale', 'costco', 'bob']","[""Any mention of the word 'Madonna'\nIt's supposed to be about the queen of pop."", 'A collection of everything Xoan (Hasselblad Xpan) #xpan #hasselbladxpan #fujitx1 //Made at BlueskyFeeds.com', 'Everything on Bluesky about Costco Wholesale and Kirkland Signature products. \nPosts, pics, cool finds, etc. \n\nNo affiliation with Costco Wholesale. This is a fan ran and automated feed // Made at BlueskyFeeds.com']",255,2.9
54,87,54_ocs_oc_info_main,"['ocs', 'oc', 'info', 'main', 'sheets', 'my', 'ooc', 'facts', 'orc', 'meet']","['My OCs', 'My OCs!', 'My OCs <3']",206,2.37
55,86,55_skeets_oneskies_cybertruck_crab,"['skeets', 'oneskies', 'cybertruck', 'crab', 'skeet', 'dont', 'skeeting', 'reskeets', 'trash', 'ones']","['me and who skeets', 'My skeets', 'My skeets']",300,3.49
56,83,56_instead_bsky_ranboo_deprecated,"['instead', 'bsky', 'ranboo', 'deprecated', 'ranboolive', 'httpsbskyappprofilereireidotbskysocialpost3law3gkpimc2z', 'githubcomnaim94abskyfeed', 'redgifs', 'httpsbskyappprofileunpivotshowbskysocial', 'backup']","['Use the following feed instead:\n\nhttps://bsky.app/profile/fwfeeds.bsky.social/feed/aaajmy3nongz4', 'Deprecated. Use this one instead:\nhttps://bsky.app/profile/aaronsojourner.org/feed/econjmp', 'A feed for all things Ranboo! Posts containing ""ranboo"", ""#ranboo"", ""ranboolive"", and ""#ranboolive"" // Icon Art by @kingthedumb.bsky.social']",1346,16.22
57,82,57_furry_removes_draw_drawn,"['furry', 'removes', 'draw', 'drawn', 'anthro', 'knotting', 'artists', 'commissions', 'paw', 'fursonas']","['Just my furry art!', 'My NSFW Furry Art', 'All my furry art!']",245,2.99
58,82,58_gallery_jazzaaros_mks108_asura,"['gallery', 'jazzaaros', 'mks108', 'asura', 'portfolio', 'art', 'my', 'ahad', 'wondaland', 'mokeport']","['My art gallery.', 'my art gallery !', 'My art gallery 🎨']",207,2.52
59,82,59_medsky_reverse_curation_medskysocial,"['medsky', 'reverse', 'curation', 'medskysocial', 'healthcare', 'workers', 'field', 'chronological', 'order', 'medicine']","[""A Medsky Clips feed for healthcare workers in the field of Emergency Medicine and EM subspecialties. Keywords include Emergency Medicine, EMsky, EMedSky.\r\n\r\nUsers with @medsky.social's EM-related labels will be added to curation list.\r\n\r\nPosts in reverse chronological order."", 'A Medsky feed for healthcare workers in the field of Addiction Medicine. Use keywords #AddictionMed or #HarmReduction to have posts included on the feed.\r\n\r\nUsers with @medsky.social Addiction Medicine labels will be added to curation list.\r\n\r\nPosts in reverse chronological order.', 'A Medsky Clips feed for healthcare workers in the field of Addiction Medicine. Use keywords #AddictionMed or #HarmReduction to have posts included on the feed.\r\n\r\nUsers with @medsky.social Addiction Medicine labels will be added to curation list.\r\n\r\nPosts in reverse chronological order.']",2588,31.56
60,81,60_de_da_spanish_le,"['de', 'da', 'spanish', 'le', 'les', 'un', 'para', 'sobre', 'en', 'pour']","['Feed du blog Mardiphilo.fr géré par Patrick Moulin alias @dsirmtcom // Made at BlueskyFeeds.com', 'Un feed sur le Cyberpunk, le Dieselpunk, le Steampunk et même de GiscardPunk  // Made at BlueskyFeeds.com', 'Posts de Bluesky en español // Bluesky posts in Spanish']",3413,42.14
61,79,61_posted_art_spore_nilah,"['posted', 'art', 'spore', 'nilah', 'artwork', 'my', 'miss', 'organized', 'view', 'logs']","[""Don't want to miss any of Log's artwork? Follow this feed and get it all!\n\nGrabs #logarts (personal work) and #logmedia (commission / professional work) posts and puts them all in a feed just for you.\n(It'll only take posts from my own account. so don't worry - no imposter Logs invading your feed!)"", ""Ramone Kemono's bara bathhouse feed! This is where I post all my art and creations, as well as updates on my currently developing Spore mod!\n\nFollow for concept art, advanced Spore creations and effect projects uwu"", 'recognises #arthelp, #artadvice, #artcritique, #CCwanted\n\nbe kind and constructive when giving feedback, and be mature when receiving it. Ignore bad feedback, appreciate good feedback.']",421,5.33
62,78,62_furry_furrylist_furries_furryart,"['furry', 'furrylist', 'furries', 'furryart', 'join', 'following', 'boobs', 'feeds', 'fursuit', 'nudes']","['Furry\nHottest posts by furries with #furryart and marked NSFW.\n\nJoin the furry feeds by following @furryli.st', 'Furry\nPosts by furries with #furryart. Contains a mix of SFW and NSFW content.\n\nJoin the furry feeds by following @furryli.st', 'Furry\nPosts by furries with #furryart and marked NSFW.\n\nJoin the furry feeds by following @furryli.st']",20409,261.65
63,77,63_narrative_tolkiens_death_fallout,"['narrative', 'tolkiens', 'death', 'fallout', 'fantasy', 'tolkien', 'fiction', 'jrr', '3share', 'stories']","['You life, your true story. This is a feed to tell true personal narrative stories from your life. Use hashtags #narrativestorytelling #truestory #lifestory #storyteller', 'Alternatively known as Luminous Gas Hostilities, Star Engagements, Celebrity Feuds, Shuriken Wars, or Fusion Ball Quarrels.  Use ""I love the Republic"" or ""1 quarter portion"" to get into the feed.  Be very patient and you will not be rewarded.', ""For fans of JRR Tolkien's epic fantasy series The Lord of the Rings and associated works. Work in progress, but currently tracking top hashtags and keywords associated with Tolkien's work, including #tolkien, #lotr, #lordoftherings, #tolkienart, #tolkientuesday etc.""]",1260,16.36
64,76,64_ship_aiyoku_boys_ships,"['ship', 'aiyoku', 'boys', 'ships', 'namjin', 'kiryu', 'johnny', 'mactavish', 'akizuki', 'aiyokus']","['Transformers Feed consisting of posts with all the Bumblebee ships (Atleast all that I can think of).\n\nIf a recent ship post of Bee with their ship name as a tag does not show up here, please let me know. So that I can add the ship in the tag section! 💛\n\nBeware, this feed may contain ADULT THEMES.', 'Feed for all things Namjin, SFW and NSFW. To be included, use one of these tags: #namjin, #namjinfanart, #namjinfic, #namjinficrecs, #namjinfest. Excludes other ship tags. Mod: @arrowana.bsky.social', 'Feed just for links to Namjin fics. Includes SFW and NSFW. Posts must contain an AO3 url and one of these tags: #namjin, #namjinfic, #namjinficrecs, #namjinfest. Excludes other ship tags. Mod: @arrowana.bsky.social']",689,9.07
65,75,65_posted_coloring_bluesky_mis,"['posted', 'coloring', 'bluesky', 'mis', 'ive', 'recopilacin', 'trabajos', 'dismalia', 'publicadas', 'ilustraciones']","['My Works ✨ Mis trabajos\nCompilation of my illustrations published in Bluesky  ♫\nRecopilación de mis ilustraciones publicadas en Bluesky ♫', 'My Works ✨ Mis trabajos\nCompilation of my illustrations published in Bluesky  ♫ \nRecopilación de mis ilustraciones publicadas en Bluesky ♫\n2.0', 'My art, posted here on Bluesky~']",156,2.08
66,74,66_witchsky_tarotsky_tarot_wars,"['witchsky', 'tarotsky', 'tarot', 'wars', 'star', 'witchcraft', 'occultsky', 'spiritsky', 'esotericsky', 'pagansky']","['WitchSky & TarotSky posts without attached images. Uses /witchsky, #witchsky, /tarotsky, #tarotsky, #occultsky, #spiritsky, #esotericsky, #pagansky.', 'WitchSky & TarotSky image posts that have alt text. Uses /witchsky, #witchsky, /tarotsky, #tarotsky, #occultsky, #spiritsky, #esotericsky, #pagansky.', 'Welcome to #WitchSky, for posts related to witchcraft, occultism, paganism, spirituality, etc.\nUse /witchsky, #witchsky, #occultsky, #spiritsky, #esotericsky or #pagansky for your post to be added! (See the #TarotSky feed for all things tarot!)']",2717,36.72
67,74,67_palestine_gaza_israel_palestinian,"['palestine', 'gaza', 'israel', 'palestinian', 'lebanon', 'suspicious', 'genocide', 'israeli', 'humanrights', 'conflict']","[""Gathering of all BTS fan accounts' posts with the liberation of Palestine as an aim.\r\n\r\nTo join this feed, you only need to use #ARMY4Palestine.\r\n\r\nPlease report any suspicious activity to @bagbs.bsky.social.\r\n\r\n#Palestine #Gaza #HumanRights #BTS #BTSARMY\n\nBlueskyFeedCreator.com"", ""Gathering of all BTS fan accounts' posts with the liberation of Palestine as an aim.\n\nTo join this feed, you only need to use #ARMY4Palestine.\n\nPlease report any suspicious activity to @bagbs.bsky.social.\n\n#Palestine #Gaza #HumanRights #BTS #BTSARMY"", 'This feed is about news from Palestine including Gaza.']",1081,14.61
68,73,68_commissions_commission_done_ychs,"['commissions', 'commission', 'done', 'ychs', 'info', 'prices', 'ive', 'open', 'examples', 'finished']","['To see all my commissions!', 'Posts with commissions', 'All my Commissions!']",165,2.26
69,73,69_anime_manga_bl_yaoi,"['anime', 'manga', 'bl', 'yaoi', 'danmei', 'yaoisky', 'iwatobi', 'matsuoka', 'tsunoda', 'rin']","[""In this feed you would be able to find Anime and Manga news in english. You won't be able to find NSFW content.\nIf there is any problem, like something not related to Anime and Manga news, please let me know by DM.\n🇬🇧"", 'Feed of Anime and Manga fandom Keywords in English in chronological order.', 'A feed of posts about anime and manga']",10674,146.22
70,72,70_tuesday_commonly_homepage_wednesday,"['tuesday', 'commonly', 'homepage', 'wednesday', 'themed', 'nice', 'day', 'used', 'friday', 'httpsbskyappprofileclarebrydenbskysocialpost3lbx5yoeozs2p']","['Posts with Thursday themed hashtags commonly used for nice photos. Currently #InsectThursday #Thursgate #ADoorableThursday #Threesday #TallTreeThursday #BridgesThursday #IronworkThursday #ThursJay #OrchidThursday #ThursdayBins #ThursdayChairs\r\n(HumansOfBluesky and UrbanGaze not included)', 'Posts with Tuesday themed hashtags commonly used for nice photos. Currently #RockinTuesday #ThickTrunkTuesday #TulipTuesday #TidesOutTuesday #TagTuesday #TextureTuesday #Twosday #TombstoneTuesday', ""Posts with Friday themed hashtags commonly used for nice photos. Currently #FlowersOnFriday #FlowerFriday #FloralFriday #FungiFriday #FacadeFriday #FootpathFriday #ForestFriday #FingerpostFriday #PharosFriday #FerrousFriday #FeatheredFriday #FlyDay\r\n(Friday #scape is not included, it's too big.)""]",678,9.42
71,71,71_vtuber_vtubers_emojis_emoji,"['vtuber', 'vtubers', 'emojis', 'emoji', 'nsfwinsectsspiders', 'bugtuber', 'juliarty', 'a2m', 'heckacentipedebskysocial', 'json']","[""Add 'vtuber' or #vtuber to your post to be featured here! (Last 7 days, randomized)"", 'Feed for all my Vtuber and related activities, including art of my Vtuber! :)', 'VTuber editors & the VTubers they follow in a (attempted) concise VTuber Video feed! Are you a VTuber editor? Let me know!']",4165,58.66
72,71,72_raffle_commissions_trades_commissioned,"['raffle', 'commissions', 'trades', 'commissioned', 'album', 'marquer', 'commission', 'gift', 'artwork', 'art']","['any artwork created by Marquer done for others - this includes commissions, monthly/membership rewards, art trades, and gift art', 'any art created FOR Marquer that is not drawn by him - this includes commissions he ordered, art trades, gift art, etc.', ""done of my OC's!\nCommissions, Collabs, Art Trades, Raffle Prizes, etc\n\nicon is by errezurera.bsky.social""]",266,3.75
73,71,73_space_mac_rocket_archaeology,"['space', 'mac', 'rocket', 'archaeology', 'lab', 'historical', 'archaeological', 'station', 'complexity', 'nasa']","['All things Rocket Lab', 'A feed about macOS, using Mac computers, Mac tricks, Mac tips, Mac techniques, things that will increase productivity while using Macs, Mac-related news and rumors, Mac app recommendations, observations about using a Mac.', 'Space skeets. Picks up on mentions of spacecraft, space station, spaceflight, NASA, SpaceX, Blue Origin, ArianeSpace, Firefly, Stoke Space, Rocket Lab, Relativity Space, ULA, Atlas V, Falcon 9, Long March, Tianlong, Zhuque, Vulcan Centuar, Orbex and more.']",668,9.41
74,70,74_sims_sim_family_gameplay,"['sims', 'sim', 'family', 'gameplay', 'gen', 'legacy', 'challenge', 'berry', 'generation', 'save']","[""Stay updated with The Sims community's latest news & game updates!"", 'Sims 4 gameplay, sometimes BTS sims and sometimes not~', 'Catch all feed for The Sims / The Sims 4.']",1104,15.77
75,70,75_twitch_stream_streams_schedules,"['twitch', 'stream', 'streams', 'schedules', 'live', 'livestream', 'clips', 'streamers', 'streaming', 'youtube']","[""Everything related to Marcy's Twitch stream!"", 'Twitch stream related feed', 'Twitch Feed']",847,12.1
76,69,76_reposts_replies_repost_quote,"['reposts', 'replies', 'repost', 'quote', 'without', 'does', 'no', 'languages', 'bedescarlets', 'removing']","['Only posts. No reposts or replies.', 'Only my Posts & Replies, no Reposts', 'My posts (no replies or reposts)']",8406,121.83
77,69,77_podcast_podcasts_podcasting_podcasters,"['podcast', 'podcasts', 'podcasting', 'podcasters', 'episodes', 'listen', 'ravers', 'pivot', 'episode', 'hosts']","['Mentions of the word podcast by journalists I follow', ""If you're looking for the latest updates and episodes from the Life at the Sharp End podcast in a single place, you can find them in this feed.\n\nSubscribe to the podcast at your favourite podcast provider, or at priceperrott.com/podcast"", ""Posts with links to podcast sites or 'podcast' in the text""]",496,7.19
78,69,78_testing_test_graze_rumbleverse,"['testing', 'test', 'graze', 'rumbleverse', 'first', 'forthcoming', 'bm', 'dllittlemonsters', '117', 'bananatest']","['testing a feed', 'Testing feed', 'testing feed']",45,0.65
79,67,79_place_goes_one_art,"['place', 'goes', 'one', 'art', 'my', 'tidy', 'where', 'spot', 'dump', 'neat']","['All my art in one place', '✨ My art all in one place ✨', 'All my art in one place~ ✨']",132,1.97
80,67,80_conference_business_mutual_aid,"['conference', 'business', 'mutual', 'aid', 'start', 'founders', 'effective', 'keto', 'businessplanningguide', 'businessplan']","['Find resources to help you plan and start your business using #businessplanning #businessplan #businessplanningguide #businessguide #startupguide. \nCurated by Empowered Start Business Guide (www.empoweredstartbusinessguide.com).', 'Find resources to help you plan and start your business using #businessplanning #businessplan #businessplanningguide #businessguide #startupguide. \nCurated by Empowered Start Business Guide (www.empoweredstartbusinessguide.com).', 'Find resources to help you plan and start your business using #businessplanning #businessplan #businessplanningguide #businessguide #startupguide. \nCurated by Empowered Start Business Guide (www.empoweredstartbusinessguide.com).']",718,10.72
81,66,81_photography_photographers_photo_photos,"['photography', 'photographers', 'photo', 'photos', 'metro', 'sooc', 'photographs', 'landscape', 'speed', 'fstop']","['Feed with my photography posts.', 'Feed for my photography', 'Photography feed using hashtags.\n\nPost to the feed with: #photography #photo']",574,8.7
82,66,82_regex_zines_zine_zinesters,"['regex', 'zines', 'zine', 'zinesters', 'pcb', 'pvz', 'riddle', 'regexpost', 'equals', 'riddles']","['Feed for One Piece Zines!', 'A feed for zinesters + any zines with a DIY spirit. Uses the following terms: DIYzine/DIYzines/perzine\n\nThis feed is not for fan anthologies / art books (eg zines with a formal application process and a huge budget) - all other zines are welcome.', 'A feed for any and all zines and zinesters on Bluesky! Keep drawing, writing, creating, designing, playing, expressing, and making zines!\n\nUse ""📒🦋"" or ""zine"" to be included.\n\nzines | zine | zinester | zinesters | art | zine-making | fandom | fanzine | magazine | publish | distro | publish | book']",490,7.42
83,66,83_film_movie_cinema_movies,"['film', 'movie', 'cinema', 'movies', 'filmsky', 'films', 'reviews', 'letterboxd', 'trailers', 'filmmaking']","['about film', ""A better movies feed for film lovers! Filmsky posts, movie news & reviews, trailers, Letterboxd chatter — it’s all here.\r\n\r\nTo publish to it use the film projector emoji 📽️\r\n\r\nDon't forget to ❤️ this feed!"", 'A feed of everything movie, cinema and film related (in English)']",10518,159.36
84,65,84_realgirls_kinky_boobs_chubby,"['realgirls', 'kinky', 'boobs', 'chubby', 'tits', 'kink', 'bdsmbabesbskysocial', 'titties', 'kinksky', 'boob']","['⛓Kinky feed that pulls from: #KinkSky #Kinky #Kink #KinkCommunity #Taboo\n\nEveryone on BlueSky is included here if they use the tags. \nFor a verified KinkSky Feed, go to @BDSM-Babes.bsky.social ✓', 'BOOBS BOOBS AND MORE BOOBS\r\n\r\nr u a lover of big titties? an ogler of massive booba? a mommy milker connoisseur? \r\n\r\nscroll through this feed to see all the massive tits ur heart desires ♡\r\n\r\n˃˃ creators! use #mommymilkers| massive titties to be featured', 'boooooooobs aka titties tiddies tatas tiny tits huge tits boobies booba boobas boob big jugs mommy milkers nipples nipple breast breasts cleavage melons knockers bewbs badonkers\r\n\r\nAge verified adult creators only\r\n\r\n(To be featured- babesky.com/request to be verified. Then use #boobs on relevant posts)']",5991,92.17
85,64,85_dark_romance_spooky_dungeons,"['dark', 'romance', 'spooky', 'dungeons', 'halloween', 'sapphic', 'spicy', 'spartan', 'dragons', 'horror']","['Reader reviews of their latest dark romance or spicy romance read. Use #darkromancereview or #spicyromancereview hashtags.', 'A curated list of book recommendations that are spicy. Romantasy, romance, dark romance—all included! Use #spicybooks to add to it.', 'A place to for dark romance authors and fans to gush over our naughty stories. Keywords: dark romance,  spicy romance, forbidden romance, taboo romance, spicyromance, forbiddenromance, tabooromance, darkromance,']",2369,37.02
86,63,86_yohanplumbskysocial_eileen4everbskysocials_jareddillonbskysocial_spectreskullbskysocial,"['yohanplumbskysocial', 'eileen4everbskysocials', 'jareddillonbskysocial', 'spectreskullbskysocial', 'popular', 'brought', 'brielikethechessebskysocial', 'again2dviewbskysocial', 'cultureshipname', 'chuckedahlbskysocial']","['Lewis Hamilton Ferrari\n\n@ferraribrasil.bsky.social\n#ScuderiaFerrariBR', ""An attempt to curate @solomonmissouri.bsky.social's feed, identifying his most popular longform threads. Experimental."", 'looks like he brought a bag lunch, smart.\n\nbased on the legendary \u202a@bakoon.bsky.social\u202c post']",251,3.98
87,63,87_things_dune_folklore_fairytales,"['things', 'dune', 'folklore', 'fairytales', 'yutainu', 'ottoge', 'ottg', 'inuokko', 'inok', 'suzuki']","['This curated feed aggregates posts about fairy tales - both traditional and contemporary adaptations - from all over the world. Use the following hashtags for automatic inclusion: #fairytale, #fairytales', 'A feed to catch inuokko/ottoge content! 🍙💍\n\nThis feed will pull any post mentioning: \ninuokko, ottoge, yutainu, inok, ottg, 乙棘, ยูตะอินุ, #inuokko, #ottoge, #yutainu , #inok, #ottg , #乙棘, #ยูตะอินุ', 'This feed aggregates posts about folklore. Use these hashtags for automatic inclusion: #folklore, #myths, #legends, #fairytales, #fables, #ballads, #talltales, #rituals, #ghostlore, #folkcustom, #materialculture, #worklore, #familylore, #childlore #folkmusic, #folksong']",704,11.17
88,62,88_trending_content_from_politico,"['trending', 'content', 'from', 'politico', 'prince', 'disinfomisinfo', 'decoding', 'docket', 'ikadanetwp', 'wafrn']","['Trending content from Culture', 'Trending content from your personal network', 'Trending content from WHO']",38537,621.56
89,61,89_tab_media_portfolioday_makeshift,"['tab', 'media', 'portfolioday', 'makeshift', 'basically', 'portfolio', 'tabs', 'physical', 'boibristols', 'jaymisc']","[""Nightdragon's Media Tab"", 'a media tab for my posts!', 'My Art Media Tab']",537,8.8
90,60,90_ttrpg_ttrpgs_deadlock_godot,"['ttrpg', 'ttrpgs', 'deadlock', 'godot', 'dd', 'nu', 'jintour', 'secwpemc', 'indiettrpg', 'nwtekno']","['A test feed for the TTRPG Folks feed.', 'Various TTRPG-related terms like #ttrpg and #dnd. Excludes images and replies to promote discussion.', 'TTRPG feed']",2710,45.17
91,59,91_thoughts_random_backwards_stuff,"['thoughts', 'random', 'backwards', 'stuff', 'shitposts', 'explicit', 'peoples', 'eyesores', 'reframe', 'noises']","['All of my random thoughts, nonsense, inspiration, etc..', 'my thoughts', 'Random thoughts']",140,2.37
92,58,92_climate_change_crisis_warming,"['climate', 'change', 'crisis', 'warming', 'carbon', 'environmental', 'promisesjust', 'artivist', 'climatechange', 'gregg']","['Posts related to climate change based on the keywords: climate change, global warming, climate crisis, climate hoax, carbon emssion, greenhouse gas, extreme weather, sea level', 'Climate Change News', 'All about climate change']",4387,75.64
93,58,93_neuroscience_bipolar_astrology_mental,"['neuroscience', 'bipolar', 'astrology', 'mental', 'selfcare', 'disability', 'health', 'run', 'illness', 'coping']","['Welcome to Spoonie Tips! A space for chronic illness warriors to share tips and strategies for managing physical and mental health. Whether it’s coping strategies, product recommendations, or simple self-care ideas, let’s come together to support one another and make the journey a little easier.', 'Neuroscience posts on BlueSky! Add #neuroskyence, 🧠📈, or 🧠🟦 to your post for it to appear in this feed.\n\nRules: No bigotry. No personal insults. Posts must be about neuroscience.\n\nRun by @mgallen.bsky.social', 'Bipolar, Mental Health']",7388,127.38
94,58,94_nba_basketball_highlights_httpsbluefactsappfeedbuilder,"['nba', 'basketball', 'highlights', 'httpsbluefactsappfeedbuilder', 'create', 'pacers', 'stats', 'own', 'analysis', 'game']","['NBA Conversation', 'All NBA, all the time.', 'This is a feed of all things NBA']",4988,86.0
95,57,95_nothing_hell_debugging_me,"['nothing', 'hell', 'debugging', 'me', 'time', 'nah', 'flop', 'decription', 'poo', 'memindy']","['Nothing to see here!', 'For debugging~ Nothing to see here!', 'Nothing but me me me']",338,5.93
96,57,96_cybersecurity_digest_security_professionals,"['cybersecurity', 'digest', 'security', 'professionals', 'data', 'hacking', 'risk', 'ethics', 'cyber', 'governance']","['English posts about CyberSecurity', 'All things cybersecurity', 'A curated digest of cybersecurity for professionals following emerging threats, exploits, research, and cybersecurity culture.']",810,14.21
97,57,97_hockey_leafs_sports_seattle,"['hockey', 'leafs', 'sports', 'seattle', 'hurricanes', 'canucks', 'columbus', 'nhl', 'kraken', 'jackets']","['A feed about Columbus Blue Jackets Hockey and hockey in the Columbus, OH area', '🏒🦣 English language posts about the hockey team formerly known as the Utah Hockey Club.', 'Feed Hockey - Work In progress']",2227,39.07
98,56,98_color_artwork_art_my,"['color', 'artwork', 'art', 'my', 'just', 'cyutie', 'daypril', 'bobeirinhas', 'perfil', 'shaderart']","['A feed for creative coders, including #generative, #genuary, #creativecoding, #shaderart, #glsl\r\nLet @tarwin.art know if it works', 'The official feed for A Color A Day-Pril: a month-long daily art challenge focused on the joy of color in our lives, our practices, and the world. A color a day to inspire creativity in any medium, any style, new or old, soft or bold, a prompt a day to create in your unique way.', 'A personal feed to organize my arts, doodles and sketches on my profile.\n\nUm feed pessoal pra organizar as artes, rabiscos e bobeirinhas no meu perfil.\n\n🐀']",118,2.11
99,55,99_poetry_poems_poets_poem,"['poetry', 'poems', 'poets', 'poem', 'alliterative', 'prompts', 'bskyart', 'haiku', 'verseve', 'poetrycommunity']","['this is a feed of original poetry for the past 7 days-- only poems written by the poster. No haikus, no prompts, no poems of famous poets reposted, no self promotion. Only poems from the author!', ""A feed for browsing and reading poems.\n\nPoets, it'll pick up poems you post on: #poem, #poetry, #VssPoem and #haiku."", 'General BlueSky POETRY Feed.']",752,13.67
100,55,100_clients_fpl_ordered_3rd,"['clients', 'fpl', 'ordered', '3rd', 'chronologically', 'blueskys', 'party', 'waterford', 'insiderfinancecom', 'bonne']","[""A chronologically ordered feed that shows all media posted through one of Bluesky's 3rd party clients"", ""A chronologically ordered feed that shows all media posted through one of Bluesky's 3rd party clients"", ""A chronologically ordered feed that shows all media posted through one of Bluesky's 3rd party clients""]",416,7.56
101,54,101_ocs_oc_drawings_marrow,"['ocs', 'oc', 'drawings', 'marrow', 'ares', 'featuring', 'art', 'my', 'dank', 'drako']","['All Artwork of My OCs', 'Art that features my OCs!', 'Art of my OCs']",72,1.33
102,53,102_sustmeme_sustmemecom_thnx_msg,"['sustmeme', 'sustmemecom', 'thnx', 'msg', 'sustainability', 'aligned', 'broadly', 'magazine', 'profiles', 'circular']","['Posts from profiles, both professional and personal, sharing insights and information around #sustainability in Climate & Energy.\nCurated via List by @sustmeme.com —\xa0content is broadly aligned with dedicated SustMeme Magazine Channel.\nTo be added, please msg for review. Thnx.', 'Posts from profiles, both professional and personal, sharing insights and information around #sustainability in Built Environment.\nCurated via List by @sustmeme.com —\xa0content is broadly aligned with dedicated SustMeme Magazine Channel.\nTo be added, please msg for review. Thnx.', 'Posts from profiles, both professional and personal, sharing insights and information around #sustainability in Circular Economy.\nCurated via List by @sustmeme.com —\xa0content is broadly aligned with dedicated SustMeme Magazine Channel.\nTo be added, please msg for review. Thnx.']",269,5.08
103,52,103_one_haurchefant_art_single,"['one', 'haurchefant', 'art', 'single', 'biteghosts', 'artz', 'fatfurweight', 'aspenceart', 'httpslinktreegrizzpup', 'gan']","['All my art, in one feed!', 'All of my art in one feed <3', 'All of my art in one feed!']",148,2.85
104,52,104_pixelart_pixel_isabelle_artrelated,"['pixelart', 'pixel', 'isabelle', 'artrelated', 'conditions', 'artists', 'nonimage', 'certain', 'jewels', 'artistforhire']","['All of my pixelart and pixelart animations go here! Includes posts using the #pixelart tag.', 'A simple Pixel Art feed. Pretty bad actually. Should find any posts with ""8bit"" or ""Pixel"" ""art"" or ""artist"" or ""pixelart"" for example. Includes post text, alt text, and link descriptions.\n\n""Run"" by @esdin.net', 'PixelArt feed! Now with zero replies and only including images. Mention pixel art in your post or in alt text to be included!']",586,11.27
105,52,105_minecraft_server_modded_hermitcraft,"['minecraft', 'server', 'modded', 'hermitcraft', 'builds', 'smp', 'inside', 'veeforge', 'aphmau', 'ph']","[""Minecraft Sky with all of your Minecraft post. \n\nLet's share our love for Minecraft\nuse #Minecraft or the pick axe emoji ⛏️ to be in this feed"", 'This is a feed about Minecraft', 'Feed for Minecraft']",992,19.08
106,51,106_aviation_avgeek_anarchism_humansintheloop,"['aviation', 'avgeek', 'anarchism', 'humansintheloop', 'adsb', 'pride', 'abolition', 'flight', 'communities', 'bluflymediaguide']","['Dive into the world of aviation with our feed, showcasing industry news, tips, aircraft features, and passion for flight enthusiasts!', 'all things avgeek and aviation without the bots! blend of new and trending posts. add #avgeek to your post for it to be added', 'avgeek and aviation videos. use #avgeek or #aviation on your post for it to show up in the feed']",1758,34.47
107,51,107_whole_network_collage_from,"['whole', 'network', 'collage', 'from', 'with', 'homepages', 'crit', 'goldstein', 'stopcopcity', 'promptbased']","['Posts with #gaming from the whole network', 'Posts with #community from the whole network', 'Posts with #art from the whole network']",1140,22.35
108,50,108_test_testknitting_playwright_testing,"['test', 'testknitting', 'playwright', 'testing', 'ensaios', 'appeal', 'asterix', 'busstop', 'apv', 'testknitters']","['test feed', 'Test feed', 'Test feed']",16,0.32
109,50,109_blueskyfeedscom_made_at_thringer,"['blueskyfeedscom', 'made', 'at', 'thringer', 'nutshell', 'landespolitik', 'amersfoort', 'hkvthms', 'searches', 'in']","['Amersfoort // Made at BlueskyFeeds.com', 'searches for hkvthms // Made at BlueskyFeeds.com', 'Thüringer Landespolitik in a nutshell // Made at BlueskyFeeds.com']",73,1.46
110,49,110_travel_destinations_experiences_destination,"['travel', 'destinations', 'experiences', 'destination', 'yorkshire', 'cultures', 'explore', 'luxury', 'tips', 'exploremore']","['Explore inspiring destinations, tips, and guides in this Travel feed. Discover your next adventure and make unforgettable memories!', 'Slow Travel Chronicles – A feed for travelers who take their time. Explore cultures, savor local flavors, and embrace the journey, not just the destination. Whether you’re a nomad or a mindful explorer, find inspiration for deep, meaningful travel experiences. Because the best stories unfold slowly.', 'This feed contains just English posts with #travel for those who want to check just English posts about travel.']",310,6.33
111,49,111_data_astrology_astrophotography_jyotishsky,"['data', 'astrology', 'astrophotography', 'jyotishsky', 'mesozoic', 'pixinsight', 'vedicsky', 'vedicastro', 'jyotish', 'ux']","['A collection of various paleoarts, mostly dinosaurs and other prehistoric animals of the Mesozoic era done by me. (PFP is my redrawn T-rex)\n\nFeaturing various prehistoric life of the Mesozoic, Cenozoic, and Paleozoic periods.', 'A feed for my personal fossil collection.\n🦖\nAll fossils shown here are not for sale or trade.\n🦕\nRelavant topics: fossil; fossilization; paleontology; paleontologist; prehistory; science; evolution; extinction; dinosaur; pterosaur; mosasaur; marine reptile; fish; shark; mammal; ammonite; trilobite', 'A feed for vedic astrology. tracks\n- #jyotishsky, #jyotish, #vedicsky, #vedicastro, jyotishsky, jyotish,  vedicsky, vedicastro, nakshatra']",188,3.84
112,49,112_personal_sleepy_standupcomedy_gmvs,"['personal', 'sleepy', 'standupcomedy', 'gmvs', '2010s', 'joaders', 'hinderstream', 'gifsjust', 'shutting', 'retroinspired']","['Personal feed', 'personal feed', 'Personal feed']",77,1.57
113,49,113_just_my_literally_poops,"['just', 'my', 'literally', 'poops', 'performing', 'chawan', 'shameful', 'thesethese', 'blabbing', 'dumbest']","['Just my posts', 'just my posts', 'Just my posts']",162,3.31
114,48,114_sonic_hedgehog_hedgehogs_shadow,"['sonic', 'hedgehog', 'hedgehogs', 'shadow', 'tails', 'franchise', 'peachaels', 'satam', 'nonsonic', 'sonicthehedgehog']","['Sonic the Hedgehog THE FEED', 'Nsfw sonic artists', 'All my Sonic related art']",1590,33.12
115,48,115_photography_cameras_photographers_camera,"['photography', 'cameras', 'photographers', 'camera', 'nikon', 'instant', 'lifes', 'fujifilm', 'cityscapes', 'lens']","['Photography', 'photography', 'Photography']",245,5.1
116,48,116_ship_ships_uss_between,"['ship', 'ships', 'uss', 'between', 'furina', 'chakotay', 'officer', 'tuvok', 'trio', 'katsuki']","['A feed for the ship between Furina and Clorinde from Genshin Impact. Searches for posts and tags containing the following ship names: Furinde and Clofuri.\n\nWarning: May include NSFW posts. Only tracks the past 7 days.', 'A feed for the ship between Neuvillette and Furina from Genshin Impact. Searches for posts and tags containing the following ship names: Neuvifuri, Focallette, 那芙, ヌヴィフリ, and 느비푸리. \n\nWarning: May include NSFW posts. Only tracks the past 7 days.', ""Tuvok, husband to T'pel, father of four, Starfleet dropout, mildmeld extraordinaire, junior science officer aboard the USS Excelsior under Captain Sulu, chief of security aboard the USS Voyager under Captain Janeway. #VOY #StarTrek\n\n(all mentions of Tuvok)\n\n[ID: portrait of Tuvok]""]",173,3.6
117,48,117_roblox_gift_nyt_robloxdev,"['roblox', 'gift', 'nyt', 'robloxdev', 'vibes', 'bloxburg', 'fisch', 'fisching', 'velvetreact', 'disabledinstem']","['Roblox developers who primarily post about Roblox work. DM @SkyyOrbs to be added/removed.', 'life is roblox 🔥', 'Roblox feed!']",575,11.98
118,48,118_doodles_doodle_silly_sketches,"['doodles', 'doodle', 'silly', 'sketches', 'cookie', 'wips', 'hands', 'childs', 'crapbook', 'doots']","['All of my doodles in one place!', 'Doodles n Stuff', 'Here are my Doodles! (Sketches, Doodles, WIPS...)']",48,1.0
119,47,119_shop_etsy_merch_shops,"['shop', 'etsy', 'merch', 'shops', 'pod', 'updates', 'goods', 'printify', 'printondemand', 'storefront']","['A feed specifically for my Etsy shop! Any info or updates I post about my shop will show up in here ✅️\n\nShop link:\nhttps://stoatallybored.etsy.com', ""Every WIPs and news about my etsy shop's merch! SHOP NOW👉www.etsy.com/shop/Lingishop"", 'merch and shop updates!']",82,1.74
120,47,120_languages_martial_chinese_china,"['languages', 'martial', 'chinese', 'china', 'nontext', 'poomsae', 'bjj', 'ja', 'unselect', 'brazilian']","['Custom non-""text only"" feed to receive posts about \n#WutheringWaves #鳴潮  #명조 \nTo maximize the feeds, enable [EN, JA, KR] languages or unselect all languages in Settings > Languages > Content Languages', 'Non-""text only"" feed. \n#初音ミク #hatsunemiku \nTo maximize the feeds, enable [EN, JA, KR] languages or unselect all languages in Settings > Languages > Content Languages', 'Non-""text only"" feed. \n#東方Project \nTo maximize the feeds, enable [EN, JA, KR] languages or unselect all languages in Settings > Languages > Content Languages']",170,3.62
121,47,121_ukraine_war_ukrainians_ukrainianview,"['ukraine', 'war', 'ukrainians', 'ukrainianview', 'ukrainian', 'say', 'osint', 'sendmonobankua', 'govua', 'invasion']","['English-language feed about Ukraine and Ukraine war.', 'News from Ukraine 🇺🇦', 'News about Ukraine']",5278,112.3
122,46,122_collocates_leaflet_wordle_plots,"['collocates', 'leaflet', 'wordle', 'plots', 'ward', 'soothing', 'archers', 'beginnings', 'messages', 'gossip']","[""Our Life feed. Uses #OurLife, #OLBA, #OurLifeBeginningsandAlways, #CoveHolden, #DerekSuarez, #BaxterWard, #OLNF, #OurLifeNowandForever, #QiuLin, and #TamarackBaumann.\n\nAvatar image from Step 4 of Our Life: Beginnings & Always - Baxter's Story"", 'Welcome to Anime Music Meme Sky! Dive into a world of soothing tunes and magical coffee moments. Whether you’re here to relax, study, or simply escape reality for a bit, this Sky is your perfect companion. Remember to repost, like, and comment your thoughts. Thank you for listenning.', 'Immerse yourself in soothing tunes while savoring your favorite cup of coffee. Whether you’re here to relax, study, or simply enjoy the moment, this Sky offers the perfect soundtrack. Remember to repost, like, share your thoughts and if the vibe hits Follow.  Thanks for listening and happy sipping!']",1175,25.54
123,45,123_josh_discordggqgjfy8wqst_joshuniversecom_sciencesocial,"['josh', 'discordggqgjfy8wqst', 'joshuniversecom', 'sciencesocial', 'official', 'discord', 'website', 'universe', 'moderation', 'questions']","['Official Astrophysics feed on Bluesky by Science.Social and Josh Universe. Use the #astrophysics hashtag to post to this feed.\n\nContact us via Discord for questions or moderation: discord.gg/QgjFy8wQST\nOfficial Website: joshuniverse.com', 'Official Engineering feed on Bluesky by Science.Social and Josh Universe. Use the #engineering, #engineer, or #aerospaceengineering hashtag to post to this feed.\n\nContact us via Discord for questions or moderation: discord.gg/QgjFy8wQST\nOfficial Website: joshuniverse.com', 'Official Biology feed on Bluesky by Science.Social and Josh Universe. Use the #biology or #bio hashtag to post to this feed.\n\nContact us via Discord for questions or moderation: discord.gg/QgjFy8wQST\nOfficial Website: joshuniverse.com']",477,10.6
124,45,124_indepth_technology_topics_explore,"['indepth', 'technology', 'topics', 'explore', 'science', 'microsystems', 'electrical', 'manufacturing', 'mechanical', 'areas']","['Explore in-depth technology and science topics', 'Explore in-depth technology and science topics', 'Explore in-depth technology and science topics']",2,0.04
125,45,125_wips_finished_splatoc_painting,"['wips', 'finished', 'splatoc', 'painting', 'sausage', 'shaped', 'doodles', 'attorney', 'documenting', 'pieces']","['All my art excluding wips :b', 'Documenting my descent into insanity through small sausage roll shaped Ace Attorney plushies\n\n(Now featuring sausage roll shaped plushies that aren’t even Ace Attorney!)', 'This is where you can find all of my art, from WIPs to finished works! :]']",103,2.29
126,45,126_sketches_unfinished_wips_finished,"['sketches', 'unfinished', 'wips', 'finished', 'drawings', 'warmups', 'ikamiaas', 'rkgk', 'doodles', 'progress']","['A collection of sketches and w.i.p.s!', ""CatSidheSilvie's sketches and WIPs!"", 'Sketches and WIPs']",29,0.64
127,45,127_osnat_tzadok_by_art,"['osnat', 'tzadok', 'by', 'art', 'gemerency', 'jungleworldbubble', 'alte', 'cndcrd', 'cptsalmon', 'elysianaut']","['Art by Grace P. Fong (fictograph).', 'these ones do words good\n\nart: the forest by osnat tzadok', 'my poor attempts with haiku, tanka, senryu, et al\n\nart: bright future by osnat tzadok']",127,2.82
128,44,128_allowww_briize_artphotomusic_esther,"['allowww', 'briize', 'artphotomusic', 'esther', 'tolong', 'ttpd', 'maxies', 'theos', 'baca', 'upchar']","['𐙚₊˚— get to know esther!', '🧡 For THAI BRIIZE 🇹🇭', 'Tolong di baca💗']",152,3.45
129,43,129_wip_wips_setup_whc,"['wip', 'wips', 'setup', 'whc', 'desk', 'desksetup', 'theriac', 'wyrley', 'wpays', 'waaay']","['wip', 'wip', '[WIP]']",40,0.93
130,43,130_sfw_mythiccvixen_received_artwork,"['sfw', 'mythiccvixen', 'received', 'artwork', 'illustrutations', 'lasciviousfox', 'mhm', 'lilacc', 'contaning', 'cheeks']","[""All of Butterscotch's SFW art posts."", ""all of marisketch's sfw art"", 'all my SFW art!']",66,1.53
131,43,131_gposes_dragon_jaylah_wolposting,"['gposes', 'dragon', 'jaylah', 'wolposting', 'mateo', 'age', 'emetwol', 'con', 'directory', 'prompts']","['only the gposes', 'All the gposes ✧', 'All of my GPOSEs!']",455,10.58
132,43,132_donate_blueskyfeedcreatorcom_abdl_nokings,"['donate', 'blueskyfeedcreatorcom', 'abdl', 'nokings', 'oct', 'met', 'vids', 'pamverse', 'chotiner', 'chotinerings']","['#NoKings posts with videos\n\nBlueskyFeedCreator.com\nDonate: https://blueskyfeedcreator.com/p/ericpberry.bsky.social/NoKingsVideos#donate', 'e’re on Gen 6 of the Dashley legacy with Tanner Sterling Philipon\n\nBlueskyFeedCreator.com\nDonate: https://blueskyfeedcreator.com/p/creativetraitsims.bsky.social/dashleylegacy#donate', 'Posts that moderation might smack my little pizza hands for with the new Oct 15th tos\n\nBlueskyFeedCreator.com\nDonate: https://blueskyfeedcreator.com/p/cactasorn.bsky.social/ShadowCactus#donate']",315,7.33
133,42,133_goth_sizesky_giantess_shrinking,"['goth', 'sizesky', 'giantess', 'shrinking', 'macrophilia', 'size', 'growth', 'gothgirl', 'pm', 'pixiegirlcambskysocial']","['Testing a custom feed for #SizeSky 🧪\n\nUse #AddToSizeSky at least once to add yourself.\nUse #SizeSky to add only a single post.\n\nOther incuded tags: BlueSize, BreastExpansion, CockVore, GiantCouple, Giantess, GiantMale, Growth, MacroFurry, Macrophilia, Shrinking, etc.\n\nPM me if you have any issues.', 'Latest size posts from the past 7 days, \nfocused on anthros 🚶\n\nMashup of #sizesky, #giantess, #gts, #sizebsky, #sizefetish, #shrinking, #growth, #macrophilia, #巨大娘, #サイズフェチ...\n\nPM me to add missing ones.\n\nBe Curious,\nBe Awesome 💗', 'Text focused size news!\nLatest Size posts 📜, focused on text and writing, from the past 7 days.\n\nMashup of #sizesky, #giantess, #gts, #sizebsky, #sizefetish, #macro, #micro, #shrinking, #growth, #macrophilia, #sizetwitter, #巨大娘, #サイズフェチ...\n\nPM me to add missing ones.\n\nBe Curious,\nBe Awesome 💗']",1069,25.45
134,42,134_animals_cute_cat_uglydogs,"['animals', 'cute', 'cat', 'uglydogs', 'dogs', 'guinea', 'dog', 'catposting', 'cats', 'dachshund']","['Cute animals feed', 'Cute animals feed', 'A feed for R+ dog training.\n\nUse any of these hashtags to be included:\n\n#positivedogtraining \n#forcefreedogtraining #rewardbasedtraining #relationshipbasedtraining #positivetrainer #positivereinforcementdogtraining #rplus #rplusdogtraining #rplusdogtrainer #fearfree #cooperativecare']",1139,27.12
135,41,135_pokemon_pokmon_rook_caught,"['pokemon', 'pokmon', 'rook', 'caught', 'pokemonfanart', 'per', 'professor', 'alphabet', 'centered', 'rookanis']","['Pokemon I caught on Pokemon Go.', 'a feed containing all of my pokemon art', 'For my pokemon related posts!']",684,16.68
136,41,136_fanart_outlast_pacman_pipin,"['fanart', 'outlast', 'pacman', 'pipin', 'desperately', 'fanarts', 'crash', 'trigun', 'idk', 'chomping']","['See only my fanart!', 'Fanart for me', 'all other fanart!']",104,2.54
137,41,137_bookmarks_adfc_accounts_bookmarkcool,"['bookmarks', 'adfc', 'accounts', 'bookmarkcool', 'adfcaccounts', 'bookmark', 'neospring', 'comedy', 'steps', 'raids']","['ADFC-Accounts', 'just a feed for my bookmarks', 'Bookmarks without 📌\n\nTo bookmark a post, click … below the post & send it via direct message to @bookmark.cool (Private Bookmarks)\n\nThe post will appear in the feed a minute later\n\nNobody else can see your bookmarks\n\nTo remove a bookmark, send it via DM to @bookmark.cool with `/delete` in the DM']",661,16.12
138,41,138_dataset_mechanical_mom_python,"['dataset', 'mechanical', 'mom', 'python', 'moms', 'sample', '27th', 'mothers', 'parenting', 'interactions']","[""Experimental feed. Building block for more advanced feeds.\nDataset:\nMarch 27th 2024\nIf you registered later or didn't have enough mutual interactions to get on this dataset sample - the feed will be empty for you."", ""Experimental feed. Building block for more advanced feeds.\nDataset:\nMarch 27th 2024\nIf you registered later or didn't have enough mutual interactions to get on this dataset sample - the feed will be empty for you."", ""Experimental feed. Building block for more advanced feeds.\nDataset:\nMarch 27th 2024\nIf you registered later or didn't have enough mutual interactions to get on this dataset sample - the feed will be empty for you.""]",1953,47.63
139,41,139_first_cozy_my_oine,"['first', 'cozy', 'my', 'oine', 'babys', 'starters', 'newsfeed', 'warm', 'terrible', 'feels']","['my first feed', 'My first feed', 'My first feed']",18,0.44
140,41,140_ych_nsfw_shaymin_fiter,"['ych', 'nsfw', 'shaymin', 'fiter', 'miqote', 'onewayexe', 'toy', 'hrothgar', 'remove', 'naughty']","['Follow this feed to see YCH offers and auctions\r\nuse keywords like YCH, auction, bid and the hashtags #ychcommission #ych and #ychauction\r\nThis feed includes NSFW drawings and furry\r\n\r\nNo AI, no NFTs\n\nBlueskyFeedCreator.com', ""🔞 NSFW YCH feed. A version of the YCH feed that has NSFW. I'm having a hard time filtering to just NSFW so it will be a mix for the time being. \n\nFeel free to DM me for any questions/concerns\n\nBe careful who you commision, be cautious of links to outside websites, be smart, and be safe!"", 'A feed of spicy, NSFW YCH commissions.\r\n\r\nSearch Terms:\r\n#nsfw * #ych, #ych * #nsfw, #nsfwych, #ychnsfw, #nsfwychopen\r\n\r\nUsing SPACE+WILDCARD+SPACE between the tags appears to allow the combination of tags pretty nicely. Good way to avoid getting every single post flagged as NSFW.']",496,12.1
141,40,141_photos_pano_panoplop_panodul,"['photos', 'pano', 'panoplop', 'panodul', 'photography', 'actual', 'pictures', 'fotografia', 'nature', 'et']","['Photos of industrial machinery and mechanics. Based on actual image contents (not tags).', 'Photography. Based on actual image contents (not tags).', 'Photographie panoramique avec le hashtag #pano,\n#PanoDul et #PanoPlop\nFotografia panoramica con el hashtag #pano, #PanoDul et #PanoPlop\nPhotography with the hashtag #pano, #PanoDul et #PanoPlop']",2833,70.82
142,40,142_wrestling_aew_wwe_prowrestling,"['wrestling', 'aew', 'wwe', 'prowrestling', 'wrestlesky', 'njpw', 'gcw', 'roh', 'ajpw', 'watchroh']","['Feed for Fans of Pro-Wrestling WWE,AEW,TNA,ROH,NJPW & Others', 'Wrestling video highlights and clips\n\nPlease tag posts with any of the 3 wrestling emojis, #prowrestling, #wrestlesky #LuchaLibre #aew, #wwe, #NJPW, #ROH, #WatchROH, #BritWres, #CMLL, #GCW, #TJPW, #ECW, #WCW, #AJPW, #DDT, #NOAH, #STARDOM', 'Posts about pro wrestling\n\nPlease tag posts with any of the 3 wrestling emojis, #prowrestling, #wrestlesky #LuchaLibre #aew, #wwe, #NJPW, #ROH, #WatchROH, #BritWres, #CMLL, #GCW, #TJPW, #ECW, #WCW, #AJPW, #DDT, #NOAH, #STARDOM']",2021,50.52
143,40,143_says_tin_personal_use,"['says', 'tin', 'personal', 'use', 'what', 'tincantrashhea', 'thedisney1901', 'thkcommu', 'heartjust', 'earl']","['What says in the tin can. 💜', 'What it says on the tin', 'What it says on the tin']",91,2.28
144,40,144_live2d_quiettomato_sauce_sam,"['live2d', 'quiettomato', 'sauce', 'sam', 'emoji', 'doll', 'ezreal', 'mangle', 'simps', 'dsaf']","[""An image feed for Day Shift at Freddy's!\n✰\nIncludes: Mainly just DSaF art\nExcludes: NSFW, Adult Content\n✰\nTags (Ignore): #DSaF #DaveMiller #JackKennedy #DayShiftatFreddys #FNaF"", 'A feed for Live2D tips, tutorials and study files. Both model art and rigging! \n\nTags include #Live2DTutorial #Live2DTips #Live2DStudy #Live2DHelp', 'An image feed for the Springtrap and Mangle series by QuietTomato!\n✰\nIncludes: Mostly S.A.M. fanart, QuietTomato posts\nExcludes: NSFW, Adult Content\n✰\nTags (Ignore): #FNaF #SpringtrapandMangle #SAM #Springtrap #Mangle #Sprangle #S.A.M. #QuietTomato #FiveNightsatFreddys']",723,18.08
145,40,145_pic_petite_rug_verified,"['pic', 'petite', 'rug', 'verified', 'realnsfwsocial', 'realnsfw', 'wet', 'babeskycomrequest', 'puffy', 'innie']","['Welcome to the Petite Feed. \n\nThis Feed is for women to show off their petite/small features. If you don’t have small features to show then this is not the Feed for you. Short does not mean petite.\n\nIn order to post to this feed all you have to do is #petite on your post.', 'feed for wet tshirt pic just use #wettshirt, wet shirt or wet tshirt to get your pic in the feed', 'feed for petite people use #petite to have your pic in the feed']",1224,30.6
146,40,146_destructive_unfactual_contained_harmful,"['destructive', 'unfactual', 'contained', 'harmful', 'hateful', 'disclaimer', 'treat', 'potentially', 'otherwise', 'inappropriate']","['Video first feed for all things global related.\r\n\r\n*Disclaimer: due to human nature, inappropriate content can be contained within this feed.  Treat this and any other feed as potentially containing adult, harmful, hateful, un-factual or otherwise destructive content.', 'A video first feed for all things books.\r\n\r\n*Disclaimer: due to human nature, inappropriate content can be contained within this feed.  Treat this and any other feed as potentially containing adult, harmful, hateful, un-factual or otherwise destructive content.', 'Video first feed for all things music.\r\n\r\n*Disclaimer: due to human nature, inappropriate content can be contained within this feed.  Treat this and any other feed as potentially containing adult, harmful, hateful, un-factual or otherwise destructive content.']",922,23.05
147,40,147_autistic_autism_adhd_neurodiversity,"['autistic', 'autism', 'adhd', 'neurodiversity', 'adults', 'neurodivergent', 'research', 'autismo', 'autisticelders', 'mutism']","['Autistic? ADHD? Combo platter? If your brain wiring is just a little unique and you feel a certain kinship with other neurodivergent folks, this thread is for you! Run by iceboxplums.bsky.social - add #ADHD or #Autistic for the feed to pick up your post! \nName credit to glitterburrito.bsky.social', 'A feed dedicated to discussions, news, research, and personal experiences about autism and ADHD. Engage, share, and learn more about neurodiversity.', 'Bringing together all Neurodivergents - autism, autistic, adhd, audhd, actually autistic, neurodiversity, neurodivergent, of course neurospicy and more']",942,23.55
148,40,148_crypto_cryptocurrency_blockchain_bitcoin,"['crypto', 'cryptocurrency', 'blockchain', 'bitcoin', 'spy', 'web3', 'cryptoart', 'stablecoins', 'nanocurrency', 'currency']","['Stay ahead in crypto! 🚀 The ultimate Bitcoin & Altcoin feed delivers news, market insights, user posts, and key updates—all in one spot. Subscribe for free and never miss a crypto beat! ⬇️ 🎯', 'Web3, blockchain, etc. but no crypto.', 'This feed will include posts about crypto']",442,11.05
149,39,149_reveals_frames_fanfiction_xiaolumi,"['reveals', 'frames', 'fanfiction', 'xiaolumi', 'alexis', 'fan', 'carats', 'lumine', 'griffia', 'extension']","[""Custom feed to only show frames from S1EP7 of Helluva Boss (OZZIE'S).\n\nI am not affiliated with Frames of Hellaverse, but just a fan of Fizzarolli who made a custom character feed awhile back and wasn't seeing the frames from this epsiode."", 'This holds fic reveals, author reveals, extension fic reveals, and extension author reveals for season 1 of BTS Guiding Light Fest!', 'Kingdom of Griffia ARPG\nTags: Griffia | GriffiaARPG | Griffian | Griffolk | Bagbean | Perfaunt | Kryptox | Fornlee | Foolee | Bavom | Novinaut | Parasplicer | Terradragon']",1123,28.79
150,39,150_locked_players_conversations_highlights,"['locked', 'players', 'conversations', 'highlights', 'stay', 'join', 'game', 'knicks', 'trollish', 'datadrivenmdsocial']","['Stay locked in on the New York Knicks! 🗽🏀 Join the latest conversations on players, news, game highlights, and more. All things Knicks, all in one place.\n\n#Knicks #NewYorkKnicks #NewYorkForever #NYKnicks', '#DubNation, minus the noise. Pin and Like this Golden State Warriors feed for real-time game reaction and friendly conversation.\n\nTo foster community among real fans, this feed downranks spammy, automated, and trollish accounts.\n\nmade with 🫶🏼 by @DataDrivenMD.social', '#NewYorkForever, minus the noise. Pin and Like this New York Knicks feed for real-time game reaction and friendly conversation.\n\nTo foster community among real fans, this feed downranks spammy, automated, and trollish accounts.\n\nmade with 🫶🏼 by @DataDrivenMD.social']",337,8.64
151,39,151_honkai_impact_genshin_3rd,"['honkai', 'impact', 'genshin', '3rd', 'hi3rd', 'convienience', 'fragment', 'rail', 'ayrlin', 'feedhonkai']","['Feed dedicated to the cinematics, animations, and music of Honkai Impact 3rd. May all the beauty be blessed.\n\na fragment of a more comprehensive hi3rd feed(Honkai Impact 3rd), for your convienience.\n- ayrlin', 'Feed dedicated to a curated list of notable Honkai Impact 3rd content creators and accounts.\n\na fragment of a more comprehensive hi3rd feed(Honkai Impact 3rd), for your convienience.\n- ayrlin', 'Feed dedicated to the various names of Honkai Impact 3rd. \n\na fragment of a more comprehensive hi3rd feed(Honkai Impact 3rd), for your convienience.\n- ayrlin']",1261,32.33
152,39,152_law_legal_lawyers_lawfare,"['law', 'legal', 'lawyers', 'lawfare', 'tariffs', 'zapatista', 'firms', 'mexico', 'httpsbskyappprofiledidplctf3cuutfe2ukjvmimfljzptdlists3lok5i2h6mr2o', 'actions']","['A feed for Law Youtubers and Law Nerds.', 'A Legal Tech feed - all things Legal technology, technology in Law Firms, IT related to law firms, general legal technology posts. Picks up common legal tech topics, but to include a post just tag your post with #legaltech or #legalit', 'Latest posts and discussions about Law.']",623,15.97
153,39,153_mindfulness_meditation_yoga_buddhism,"['mindfulness', 'meditation', 'yoga', 'buddhism', 'spiritual', 'inner', 'growth', 'zen', 'mantras', 'indulgence']","[""This feed includes posts that are tagged or mention mindfulness. Please like, pin, and share so others can find the feed. Let's build a mindfulness community here!"", 'Latest posts and discussions about Mindfulness.', 'A feed all about Mindfulness and Meditation']",214,5.49
154,39,154_battletech_mechwarrior_tracks_chiitan,"['battletech', 'mechwarrior', 'tracks', 'chiitan', 'daliban', 'dgg', 'uraume', 'mentioning', 'destinygg', 'tag']","['A feed of trending posts inside the Daliban, a community of regards devoted to spreading the word of their Black queen streamer @destiny.gg + his orbiters. Use any one of the these hashtags: #dgg, #dggL, or #daliban to post to the feed.', 'Simple Battletech and Mechwarrior feed. Includes #battletech and #mechwarrior hashtags. // Made at BlueskyFeeds.com', ""All things Battletech and MechWarrior. Use #battletech or #mechwarrior and have an image to appear on the feed, but other mentions of Battletech may also appear here!\r\n\r\nLGB-7Q is the Pride 'Mech <3""]",2463,63.15
155,38,155_recomendations_maximize_trip_traveling,"['recomendations', 'maximize', 'trip', 'traveling', 'gowhee', 'families', 'usa', 'parents', 'tips', 'kids']","['Discover and share tips with other families about traveling to Oregon USA with kids. From local recomendations to tips to maximize your trip, all curated by GoWhee the only global travel app for parents. Tag #gowheeOR', 'Discover and share tips with other families about traveling to California USA with kids. From local recomendations to tips to maximize your trip, all curated by GoWhee the only global travel app for parents. Tag: #gowheeCA', 'Discover and share tips with other families about traveling to New York USA with kids. From local recomendations to tips to maximize your trip, all curated by GoWhee the only global travel app for parents. Tag: #gowheeNY']",9,0.24
156,38,156_vrchat_vrc_vrchatworld_jerry,"['vrchat', 'vrc', 'vrchatworld', 'jerry', 'vr', 'vrchatrelated', 'vrcphoto', 'iasip', 'dupes', 'vrchatphotography']","['All Things VRChat', 'VRChat content', 'All posts in #VRChat']",1131,29.76
157,38,157_starter_bluepit_brindle_pack,"['starter', 'bluepit', 'brindle', 'pack', 'representation', 'packs', 'peanuts', 'charlie', 'brown', 'fnaf']","['#BluePit posts using the People Of Color representation tag (#POC)', 'Feed of all starter packs', 'posts from the starter pack']",322,8.47
158,38,158_katharine_hayhoes_climate_pack,"['katharine', 'hayhoes', 'climate', 'pack', 'starter', 'based', 'starterpack', 'katharines', 'recommends', 'hayhoe']","[""Feed based on Katharine Hayhoe's Starter Pack:\nKatharine's Canadian Climate Scientists.\nLink: https://go.bsky.app/GcVKfkc"", ""This feed is based on Katharine Hayhoe's Starter Pack: Climate Scientists Katharine Recommends.\nhttps://go.bsky.app/7Mbnoge"", 'This feed is based on Katharine Hayhoes Starter Pack on Climate Science & Research Orgs.\nhttps://go.bsky.app/5kuYAhM']",262,6.89
159,38,159_rugby_cricket_six_nations,"['rugby', 'cricket', 'six', 'nations', 'cup', 'nwsl', 'slop', 'championship', 'australian', 'wcbb']","['This custom Six Nations feed filters and prioritises posts related to the 2025 Six Nations Championship, ensuring you see the most relevant and recent discussions.', 'This custom Six Nations feed filters and prioritises posts related to the 2025 Six Nations Championship, ensuring you see the most relevant and recent discussions.', ""Australian Rugby Union 15's feed (not 10's, 7's, or League). Captures any post with the hashtags for Super Rugby, Super W, Super Rugby AUS, Rugby Championship, Tri-Nations, Bledisloe Cup, Pacific Four, WXV2, Wallabies, Wallaroos, Shute Shield, and Hospital Cup.""]",314,8.26
160,38,160_gay_germangay_exclusion_porn,"['gay', 'germangay', 'exclusion', 'porn', 'pic', 'mancrushmonday', 'scissoring', 'gaysfw', 'gaymers', 'cucks']","['Feed to follow the hashtag #germangay posts with pics. Feed contains nsfw images (no exclusion by feed design). Collects from past 7 days, only posts, no replies or reposts. Post a pic and use #germangay', 'For those times when you wanna see #gay posts that dont make you hot and bothered - and are, so to say, Safe For Work \nGaySFW content, the feed pulls gay sfw photography, lifestyle, people from the whole gaybluesky\n#gay #gayphotography #gaysfw', 'Feed to follow the hashtag #germangay posts with pics. Feed contains nsfw images (no exclusion by feed design). Collects from past 7 days, only posts, no replies or reposts. Post a pic and use #gayselfie']",2217,58.34
161,38,161_art_my_guess_awawi,"['art', 'my', 'guess', 'awawi', 'literallly', 'erincrisis', 'verbiage', 'jojo', 'yknow', 'all']","['All my art', 'all my art', 'all my art :3']",76,2.0
162,38,162_ponymlp_little_past_pony,"['ponymlp', 'little', 'past', 'pony', 'days', 'have', 'mlp', 'any', 'mlpartist', 'pooled']","['Top liked My Little Pony images from the past 24 hours.\n\nPooled from the following tags from the past 24 hours: #mlp, #mylittlepony #mlpart, #mlpartist\n\nDoes not contain NSFW, AI art, or posts from accounts that primarily repost other artists.\n\nContact: @bryastar.bsky.social', 'Top liked My Little Pony images from the past 7 days.\n\nPooled from the following tags from the past 7 days: #mlp, #mylittlepony #mlpart, #mlpartist\n\nDoes not contain NSFW, AI art, or posts from accounts that primarily repost other artists.\n\nContact: @bryastar.bsky.social', 'Top liked My Little Pony images from the past 3 days.\n\nPooled from the following tags from the past 3 days: #mlp, #mylittlepony #mlpart, #mlpartist\n\nDoes not contain NSFW, AI art, or posts from accounts that primarily repost other artists.\n\nContact: @bryastar.bsky.social']",61,1.61
163,37,163_artfeed_art_artifexdemons_aestrayas,"['artfeed', 'art', 'artifexdemons', 'aestrayas', 'rwxllls', 'supergameplayer64s', 'artnectars', 'catrinas', 'daisysan', 'domxtos']","[""icarvsart's artfeed!!"", ""RWXlll's artfeed"", ""domxto's artfeed""]",64,1.73
164,37,164_cats_paws_reset_dog,"['cats', 'paws', 'reset', 'dog', 'pet', 'dogs', 'p8', 'otago', 'animals', 'retriever']","[""Cats of Blue Sky! Follow the feline feed meow for cats, cats, more cats and yet more cats!\nCaturday is all day, everyday! Just mentions cats, hashtag or not and you'll be included in the feed. // Made at BlueskyFeeds.com"", 'reset & paws 🐾\r\ntreat yourself to a reset & paws (pause) on this feed of cute animals', 'reset & paws 🐾\r\ntreat yourself to a reset & paws (pause) on this feed of cute animals']",1688,45.62
165,37,165_articbleubskysocial_icon_artfight_8ball,"['articbleubskysocial', 'icon', 'artfight', '8ball', 'broomfiebskysocial', 'girribskysocial', 'girri', 'funkybunbskysocial', 'doodlysheerybskysocial', 'erinartistabskysocial']","['An art feed compiling the art and sketches of @kurai0okami.bsky.social\u202c. For folks who just want to follow the art without the outside reskeets and excess commentary cluttering up their dash.', 'Artwork related to the character 8ball and the story Billiards Gang by @articbleu.bsky.social!', 'aggregating posts and art that have Michi and Numi tags in them.\n\nicon art by @macalex.bsky.social\u202c']",90,2.43
166,37,166_chemistry_royal_chemical_journal,"['chemistry', 'royal', 'chemical', 'journal', 'society', 'compchem', 'uk', 'pccp', 'rsc', 'chemsky']","['A feed for posts about work published in Royal Society of Chemistry journals and posts from the journal accounts, the RSC and Chemistry World.\n\nBlueskyFeedCreator.com', 'This feed captures the posting of Green Chemistry papers, relevant announcements and other material related to the Royal Society of Chemistry journal. #GreenChemistry\n\nBlueskyFeedCreator.com', 'This feed covers work published in general chemistry journals at the Royal Society of Chemistry. Focused on Chemical Science, ChemComm, Chem Soc Rev, New Journal of Chemistry, and RSC Advances.\n\nBlueskyFeedCreator.com']",325,8.78
167,37,167_women_men_white_asian,"['women', 'men', 'white', 'asian', 'featuring', 'curated', 'black', 'nsfw', 'interracial', 'bmaf']","['A curated feed of NSFW posts featuring white men and black women.', 'A curated feed of NSFW posts featuring black men and white women.', 'A curated feed of NSFW posts featuring white men and asian women.']",535,14.46
168,37,168_mixture_gap_bridge_digest,"['mixture', 'gap', 'bridge', 'digest', 'outlets', 'politicans', 'politial', 'traditional', 'newspapers', 'texas']","['The latest posts from a mixture of traditional and new media outlets to help bridge the gap in the news we digest daily.', 'The latest posts from a mixture of traditional and new media outlets based or related to Ohio to help bridge the gap in the news we digest daily.', 'The latest posts from a mixture of traditional and new media outlets based or related to Texas to help bridge the gap in the news we digest daily.']",244,6.59
169,36,169_commissioned_aqu_pieces_gotten,"['commissioned', 'aqu', 'pieces', 'gotten', 'brainrotters', 'darkwing', 'mano', 'tripletart', 'jarlaxle', 'papel']","['commissioned art!', 'My art, including personal and commissioned pieces!', 'All my art is here! Doodles, illustrations, digital, ink and paper, you will find them here.\n¡Todo mi arte esta aquí! Bocetos, ilustraciones, digital o a mano con tinta y papel, los encontraras aquí.']",51,1.42
170,36,170_nsfw_wtf_bluesky_horny,"['nsfw', 'wtf', 'bluesky', 'horny', 'gakyoorbithubxyz', 'adored', 'spavelbskysocial', 'rinyafiirocks', 'pron', 'httpsgobskyapppmhnldb']","[""🦋 BlueSky page for Cute NSFW Girls\r\n🐝 only real adult content creators in here\r\n\r\nevery girl is a cutie 🎀 even more when they're naked 🙈\r\n\r\n🌸 admin @lustfullucy\r\n\r\nCute Girls of BlueSky it's a home to all the cuties out there just waiting to be seen and adored✨\n\nBlueskyFeedCreator.com"", 'A feed of all NSFW posts on Bluesky.', ""video posts featuring bluesky's Goddesses, Mistresses, Dominas, Mommies, Daddies, Princesses, Queens, Deities and other supreme femme beings. worship and pay your respects accordingly! \r\n\r\nmore NSFW feeds 👉🏻 clarabelle.club/feeds\r\n\r\nuse #femdom to post directly to feed (dommes ONLY)""]",479,13.31
171,36,171_electric_cars_bmw_vehicles,"['electric', 'cars', 'bmw', 'vehicles', 'ev', 'car', 'rivian', 'emobility', 'aptera', 'vehicle']","['A feed featuring Electric Cars and Ebikes.', 'All about electric vehicles -- this feed is centered around cars and trucks.', 'Matches posts containing:\n\n🔌🚗\n🔌🚌\n🔌🚚\n🔌🛥️\n🔌🚤\n🔌🚢\n🔌🛳️\nEV\nElectric Vehicle\nEVcharging\nElectric car\nElectric Bus\nElectric Ship\nElectric Boat']",526,14.61
172,36,172_ocs_oc_fanart_transformers,"['ocs', 'oc', 'fanart', 'transformers', 'reiner', 'ocxcanon', 'rwby', 'nonimage', 'figures', 'gotten']","['SFW OC art', 'All of my art, ocs + fanart + whatever', 'Collection of fanart of my OCs & art I commissioned']",97,2.69
173,36,173_gowhee_parents_families_kids,"['gowhee', 'parents', 'families', 'kids', 'travel', 'traveling', 'global', 'tips', 'discover', 'curated']","['Discover and share tips with other families about traveling to New Zealand with kids. From local recommendations to tips on how to maximize your trip, all curated by GoWhee the only global travel app for parents. Tag: #gowheenewzealand', 'Discover and share tips with other families about traveling to the U.S with kids. From hotel recommendations to local tips, all curated by GoWhee the only global travel app for parents. Tag: #gowheeUSA', 'Discover and share tips with other families about traveling to Australia with kids. From local recommendations to tips on how to maximize your trip, all curated by GoWhee the only global travel app for parents. Tag: #gowheeaustralia']",2,0.06
174,36,174_marvel_comics_dc_superman,"['marvel', 'comics', 'dc', 'superman', 'dcs', 'mcu', 'kimhubskysocial', 'universe', 'marvelcomics', 'blockbuster']","['Your go-to hub for all things Marvel — from iconic comics and blockbuster movies to thrilling shows and beyond! Stay up to date with everything in the Marvel Universe!', 'Your go-to hub for all things Marvel — from iconic comics and blockbuster movies to thrilling shows and beyond! Stay up to date with everything in the Marvel Universe!', 'Chronological feed of posts about the Marvel universe! Read what people are saying about Marvel comics, games, the MCU, and more!']",949,26.36
175,36,175_india_indian_bollywood_pakistan,"['india', 'indian', 'bollywood', 'pakistan', 'celebrity', 'bleeds', 'capoeira', 'pakistani', 'typical', 'spin']","['News about Jammu and  Kashmir and the Military Forces of India and Pakistan', ""Where Bollywood news bleeds into reality. Cutting through the PR spin to deliver raw, authentic stories from Indian cinema. Not your typical entertainment feed – we're brewing a stronger blend of celebrity culture."", ""Where Bollywood news bleeds into reality. Cutting through the PR spin to deliver raw, authentic stories from Indian cinema. Not your typical entertainment feed – we're brewing a stronger blend of celebrity culture.""]",101,2.81
176,36,176_characters_original_sheets_alstroemeria,"['characters', 'original', 'sheets', 'alstroemeria', 'drews', 'character', 'tears', 'marquer', 'mario', 'dnd']","['Original characters!', 'my original characters', 'my original characters']",27,0.75
177,36,177_nipple_adoptables_skinny_adult,"['nipple', 'adoptables', 'skinny', 'adult', 'fastfootwoche', 'stucky', 'solo', 'sold', 'creators', 'adopts']","['Add the following appropriate tags to ensure your post about resources or support for sex workers appears on this feed: #swresource, #swerresource, #swresources, #swerresources, #swsupport, or #swersupport! Please see our other feeds for promotions and mutual aid. 💛💚', ""Welcome To RedSky Ladies & Gents👹😈 ! \nThis community is for the dirty minds & freaky nasty individuals🍑🍆💦\n\nThis feed is for any SW that's just getting started & actually wants real feedback from a community!\nWe have tons of adult fun here & we 100% respect any & all SW's that joins the feed ! ❤️♥️🔞"", 'An 18+ / NSFW Feed focused on female-presenting breast stimulation/bondage, and nipple play.\r\n\r\nSearching Terms/Tags:\r\n#breastbondage, #nippleplay, nipple play, #nippleclamps, nipple clamps, #nippletorture, nipple torture, #tiedtits, #boundtits,\r\n...(and more)\n\nBlueskyFeedCreator.com']",868,24.11
178,36,178_emoji_tagged_spider_collage,"['emoji', 'tagged', 'spider', 'collage', 'waifu', 'porygon', 'waifus', 'krbk', 'hentai', 'marked']","['ALL my art tagged with a 🔥 emoji', 'ALL my art tagged with a ⛓️ emoji', 'Feed for all of my Art, tagged with the 🎨\n emoji.']",356,9.89
179,35,179_architecture_beauty_interior_buildings,"['architecture', 'beauty', 'interior', 'buildings', 'uplifting', 'hope', 'positivity', 'exist', 'nature', 'design']","['Sustainable architecture and interior design', 'Architecture posts on Bluesky, from Architects all around the world!\nThis feed displays posts containing the words: architecture & #architecture.', 'Posts related to architecture and containing the #architecture tag']",257,7.34
180,35,180_alt_text_image_images,"['alt', 'text', 'image', 'images', 'ktm', 'aeromorph', 'alttext', 'stack', 'adding', 'textlink']","['new images with alt text', 'posts with images and no alt text', 'Image with alt text']",321,9.17
181,35,181_draw_drawn_drawing_sometimes,"['draw', 'drawn', 'drawing', 'sometimes', 'safe', 'yes', 'things', 'faded', 'drawin', 'drawperson']","['collection of things that I draw', 'For all of the things I draw', 'The things I draw']",62,1.77
182,35,182_httpsdazzlefmalgorithms_sort_explore_top,"['httpsdazzlefmalgorithms', 'sort', 'explore', 'top', 'atproto', 'apps', 'windsurfing', 'performer', 'atprotobased', 'chromebooks']","['Explore the vibrant culture and attractions of St. Louis. (top sort)\n\nhttps://dazzle.fm/algorithms', 'Explore product strategy for atproto-based solutions (top sort)\n\nhttps://dazzle.fm/algorithms', 'Explore the latest apps on ATProto (top sort)\n\nhttps://dazzle.fm/algorithms']",28,0.8
183,35,183_swift_taylor_swifties_eras,"['swift', 'taylor', 'swifties', 'eras', 'tour', 'swiftorg', 'swiftiessocial', '1989', 'language', 'easter']","['Taylor Swift news (latest concerts, music albums, and all things Taylor Swift).', 'Feed of just posts including the name ""Taylor Swift""!!', 'Posts about Taylor Swift']",3513,100.37
184,34,184_financial_money_wealth_investment,"['financial', 'money', 'wealth', 'investment', 'investing', 'strategies', 'buttondown', 'spending', 'trading', 'insights']","['Explore our Trading feed for insights, strategies, and tips on market trends to enhance your trading skills and investment success!', 'Your journey to financial freedom starts here! 🎯\r\nFollow us for:\r\n✅ Tips on tackling debt smarter and faster\r\n✅ Stories of real people crushing their debt goals\r\n✅ Expert advice to build better money habits\r\n✅ Tools and strategies to stay motivated\r\n\r\nLet’s build a brighter financial future together! 🚀✨', 'Explore the world of Finance! Stay updated with tips, trends, and insights to enhance your financial literacy and investment strategies.']",104,3.06
185,34,185_artwork_nami_brawlers_2k23,"['artwork', 'nami', 'brawlers', '2k23', 'shibuya', 'heehoo', 'themez', 'tee', 'drawingz', 'cringetober']","['My artwork!', 'All of my artwork!', 'ALL DA CRINGETOBER DRAWINGZ FOR 2K23!!!\n\n[CONTENT WARNING!]\nEyestrain, Unsettling Themez']",83,2.44
186,34,186_kpop_groups_idols_girl,"['kpop', 'groups', 'idols', 'girl', 'aespa', 'kpopsky', 'itzy', 'group', 'bts', 'hunters']","['kpop feed post only', 'kpop for all <3', 'all kpop.']",634,18.65
187,34,187_test_blueskyfeedcreatorcom_storm_osu,"['test', 'blueskyfeedcreatorcom', 'storm', 'osu', 'yellow', 'abesmithbskysocial', 'asuka', 'bogalusa', 'summervillesc', 'gazers']","['the osu! bluesky feed! link to your osu! profile in your bio to be included! in some cases can take up to 2 days', 'Pulls Carcosa, King in Yellow, Yellow King, #bskybc, Hasteur', 'This is the home for weather lovers, storm chasers, and sky gazers. Share forecasts, radar insights, view storm pictures/videos, and dive deep into the science of the skies. Join the Bluesky weather community and stay ahead of the storm.']",224,6.59
188,34,188_digimon_dragons_emblem_dragon,"['digimon', 'dragons', 'emblem', 'dragon', 'tiny', 'course', 'promise', 'appearing', 'anime', 'train']","[""Feed for Jaymi's Digimon Story; Digimon Rumble Academy"", 'The blue dragon digimon, first appearing in Digimon Adventure 02.', 'All of my Digimon related fan art.']",54,1.59
189,34,189_camprevpit_beer_sprints_encouragement,"['camprevpit', 'beer', 'sprints', 'encouragement', 'advice', 'prompts', 'cabin', 'pump', 'brewing', 'writers']","['A community feed for all things Fantasy CampRevPit 2025 – updates, prompts, sprints, advice, and encouragement for writers.\n\nBlueskyFeedCreator.com', 'A community feed for all things Fantasy CampRevPit 2025 – updates, prompts, sprints, advice, and encouragement for writers.\n\nBlueskyFeedCreator.com', 'A community feed for all things Fantasy CampRevPit 2025 – updates, prompts, sprints, advice, and encouragement for writers.\n\nBlueskyFeedCreator.com']",289,8.5
190,33,190_african_africa_doctors_borders,"['african', 'africa', 'doctors', 'borders', 'nigeria', 'sudan', 'africanliterature', 'africanornithology', 'africanwriter', 'africanbook']","['A comprehensive hashtag feed for African Fiction\n\n#africanlit #africanliterature #africansf #africanfuturism #africanwriter #africanauthor #africanbook #africanpublisher #africanmagazine #africananthology #africancollection #africanfiction', ""Doctors Without Borders' updates from Ukraine."", ""Doctors Without Borders' updates from South Sudan.""]",304,9.21
191,33,191_cilia_gis_maps_maths,"['cilia', 'gis', 'maps', 'maths', 'atprotoscience', 'fungal', 'geography', 'fermentation', 'math', 'studies']","['Stuff about maps, GIS and geotech from people I know', 'Stay on the cutting edge of GIS, mapping, and spatial technologies. This curated feed brings together the best posts from the global GIS community — including #GIS, #ArcGIS, #QGIS, #ESRI, #FOSS4G, #GISChat, and more.', ""Dear cilia enthusiasts - here's an attempt to create a feed to collect interesting content about ciliated organisms (ciliates, choanoflagellates, ctenophores...), cilia biology, and ciliopathies.\n\nTag your post with #cilia to ensure it appears in the feed. (Refer to euk. flagella as cilia please!)""]",528,16.0
192,33,192_iox_gratitude_itzy_schedules,"['iox', 'gratitude', 'itzy', 'schedules', 'twitter', 'dlsite', 'corruptive', 'gratification', 'granny', 'thecreator']","['New users who recently migrated from X / Twitter.\n\nLooks for posts with the phrase ""hello world"", and either ""X"" or ""Twitter"".\n\nwelcome | twitter | x | exodus | xodus | bluesky | new | users | migration | social media | social network | fun | funny', 'This feed is meant for custom VTuber assets that either I make for myself and/or receive as gifts from peers & close friends.\n\nFeed image credit goes to Kuso09k & Granny Cherry.', 'This is an unnofficial feed for iox, the creator capitol. Anybody else that works with iox, I might add them later too, but not until people notify @pickelrye.bsky.social to do so.']",981,29.73
193,33,193_cosplays_cosplay_blazinvixenart_hypos,"['cosplays', 'cosplay', 'blazinvixenart', 'hypos', 'aranea', 'conniiees', 'digirhys', 'dreamlightvalley', 'ddlv', 'greatful']","['All my cosplays!! ☺️💖', 'My Cosplays :3', 'The place to show off your best cosplays, your current projects and your total cosplay flops. Use #cosplay in your posts to show up in the feed.']",1258,38.12
194,33,194_unity_consciousness_interconnectedness_compassion,"['unity', 'consciousness', 'interconnectedness', 'compassion', 'filth', 'harmonious', 'eunoia', 'wisdom', 'principles', 'courses']","['Explore scientific research supporting the concepts of interconnectedness and unity consciousness.', 'Share insights and excerpts from our ""Living Unity: Embracing the Eunoia Way"" e-book, offering daily wisdom on unity consciousness.', 'Discover the path to a harmonious world with our Unity Consciousness feed. Explore daily insights on compassion, interconnectedness, and peace-building. Join a community dedicated to transforming lives through the wisdom of ""Living Unity: Embracing the Eunoia Way']",63,1.91
195,33,195_finished_compile_easier_dolfengra,"['finished', 'compile', 'easier', 'dolfengra', 'dewey', 'felis', 'nari', 'nonetheless', 'necesarily', 'artworks']","['i think im putting my art under there im trying to work this out ok whats a license', 'Im Dewey and this is me trying to compile all of my art!', 'My ""other"" body of work. Experiments or work which doesn\'t necesarily match my vision, yet I\'m still proud of nonetheless. I can\'t define what they have different, they just are.']",62,1.88
196,32,196_dice_artists_panda3d_fav,"['dice', 'artists', 'panda3d', 'fav', 'cofs', 'fenton', 'cubed', 'denen', 'clacks', 'cuberolling']","['A collection of dice making content', 'Sammlung meiner Posts auf denen Würfel sind | Collection of my posts containing dice', 'All the dice Jiji makes! Fun experiments, dice making troubles and the actual finished click clacks!']",45,1.41
197,32,197_dollars_nuclear_atomiccabaret_fintech,"['dollars', 'nuclear', 'atomiccabaret', 'fintech', 'abolition', 'cryptoweb3blockchainsdlts', 'bigness', 'httpsawakaricomsubdetailshtmlidfirefox', 'httpsawakaricomsubdetailshtmlidwasm', 'hvachackshvaccontractorbuildingperformanceenergyefficiencyhvaclifeairconditioninghvacservicerebateprogramnyserdaheatpumpheat']","[""aloha #NoNukes ! Here's a feed for anti-nuclear and Nuclear abolition activists and information."", 'This is a feed about my show #AtomicCabaret Going on tour in 2025 in the UK and Europe. Use the #AtomicCabaret To share photos or questions Or relevant news and posts related to nuclear abolition.❤️', 'Points out if anyone horrifically types a dollar amount like so:\n\n""$3 dollars""\n\n...because that monstrosity essentially translates to ""3 dollars dollars"". Bills, y\'all.']",85,2.66
198,32,198_brother_big_tm_movement,"['brother', 'big', 'tm', 'movement', 'promoted', 'twists', 'bb27', 'fire', '2025', 'behindthescenes']","['Promi Big Brother 2025 / Knossi Big Brother 2025', 'Dedicated update accounts for Big Brother US', 'Posts containing ""Big Brother""']",111,3.47
199,31,199_artwork_ink_sketches_alis,"['artwork', 'ink', 'sketches', 'alis', 'gent', 'inkkey', 'dedroll', 'artsydoe', 'kha0s', 'lyndseyluvs']","['Drawings of Balance, Serendipity and Virvayne!', 'non shippy non kuradex art by me', 'Art from the Paleo Panthera pewter foundry and art studio; art by Palaeosinensis.']",38,1.23
200,31,200_bdsm_kink_babesky_femdom,"['bdsm', 'kink', 'babesky', 'femdom', 'hoes', 'raving', 'whores', 'baddies', 'sluts', 'fetish']","['Updated: April 2, 2025 - BDSM & Femdom Feed. This feed includes widely recognized search terms such as BDSM, bondage, dominatrix, femdom, dominant, sadism, masochism, etc. The post needs to mention a major Asian city or country. It shows posts of the last 7 days, sorted by popularity.', 'Kink, fetish, & BDSM themed feeds from Babesky accounts', 'Updated: March 8, 2025 - BDSM & Femdom Feed. This feed includes widely recognized search terms such as BDSM, bondage, dominatrix, femdom, dominant, sadism, masochism, etc. It shows posts of the last 24 hours, sorted by popularity.']",1124,36.26
201,31,201_moths_wasps_lacewings_vc55,"['moths', 'wasps', 'lacewings', 'vc55', 'seasonings', 'neuropterida', 'maspalomas', 'ants', 'sauces', 'canaria']","['Wasps, Ants, Bees, and Sawflies. Sometimes also bugs that have been parasitised by wasps, or want to look like wasps. Because everyone knows wasps are the best.', 'The feed for moths from VC55 Leicestershire and Rutland. Just include #vc55moths in your post, and lets please keep this to moths and moth recording from VC55 only.', 'A feed for  lacewings and allied insects.  All Neuropterida are welcome including Neuroptera (lacewings including antlions, waxflies etc.), Megaloptera (alderflies) and Rhaphidioptera (snakeflies).  Also Mecoptera (Scorpionflies & Snow Flea) as previously grouped with Neuropterida.']",299,9.65
202,31,202_2d_3d_patreon_blender,"['2d', '3d', 'patreon', 'blender', 'crafts', 'artistmy', 'drystone', 'commisisons', 'craftworkfolk', 'commissionsadopts']","['Happy #PortfolioDay everyone!\n\nShare your 2d and 3d art with the community!', 'Art I made whether it includes 3D Blender stuff, the rare written story, or actual 2D art, this is where you will see it end up. ::3', 'You can see my arts here, both 3D and 2D.']",290,9.35
203,31,203_chars_week_pc2_posted,"['chars', 'week', 'pc2', 'posted', 'images', 'nsfw', 'spidersonaoc', 'suppresses', 'worf', 'botanical']","['NSFW images of Marvel chars posted in the last week', 'NSFW images of Nintendo chars posted in the last week', 'NSFW images of FInal Fantasy 7 chars posted in the last week']",188,6.06
204,31,204_ocsky_oc_ocs_originalcharacter,"['ocsky', 'oc', 'ocs', 'originalcharacter', 'plural', 'max', 'hop', 'considering', 'follower', 'write']","[""Like OCs: What's Hot, but with a max likes at 25! Considering adding a max follower count later. | Write or tag #OC / #OriginalCharacter (single or plural) or #OCsky to hop in!"", ""Like OCs: What's Hot, but with a max likes at 50! Considering adding a max follower count later. | Write or tag #OC / #OriginalCharacter (single or plural) or #OCsky to hop in!"", ""Like OCs: What's Hot, but with a max likes at 100! Considering adding a max follower count later. | Write or tag #OC / #OriginalCharacter (single or plural) or #OCsky to hop in!""]",931,30.03
205,30,205_indepth_technology_topics_explore,"['indepth', 'technology', 'topics', 'explore', 'science', 'depth', 'psychology', 'and', '', '']","['Explore in-depth technology and science topics', 'Explore in-depth technology and science topics', 'Explore in-depth technology and science topics']",5,0.17
206,30,206_energy_httpsappsapplecomappid6740137234_bluestocks_stocks,"['energy', 'httpsappsapplecomappid6740137234', 'bluestocks', 'stocks', 'features', 'right', 'app', 'track', 'check', 'sun']","['The latest posts about Dominion Energy (D). Spam-filtered and relevant for investors. For all features check out the Bluestocks app to track stocks right from Bluesky: https://apps.apple.com/app/id6740137234', 'The latest posts about Camber Energy (CEIN). Spam-filtered and relevant for investors. For all features check out the Bluestocks app to track stocks right from Bluesky: https://apps.apple.com/app/id6740137234', 'The latest posts about Camber Energy (CEI). Spam-filtered and relevant for investors. For all features check out the Bluestocks app to track stocks right from Bluesky: https://apps.apple.com/app/id6740137234']",0,0.0
207,30,207_f1_formula_race_driver,"['f1', 'formula', 'race', 'driver', 'nof1', 'lights', 'optout', 'drivers', 'names', 'prix']","['Lights out and away we go! All the links about Formula 1 / F1.\n\nLink posts excluded from the main feed that mention F1 or any number of related terms such as driver\'s names, track names, and many more. To opt-out use the terms ""nofeed"" or ""nof1"" in your post.', 'Lights out and away we go! All the conversation about Formula 1 / F1.\n\nPosts show up here if they mention F1 or any number of related terms such as driver\'s names, track names, and many more. To opt-out use the terms ""nofeed"" (generic) or ""nof1"" (feed specific) in your post.', 'Lights out and away we go! All the conversation about Formula 1 / F1.\n\nVideos show up if they mention F1 or any number of related terms such as driver\'s names, track names, and many more. To opt-out use the terms ""nofeed"" or ""nof1"" in your post.']",2152,71.73
208,30,208_library_libraries_librarians_transplant,"['library', 'libraries', 'librarians', 'transplant', 'vet', 'librarian', 'schoollibrary', 'psychology', 'school', 'teacherlibrarian']","['Welcome to Library Technology! A hub for librarians and tech enthusiasts to explore innovations, share tips, and discuss the tools shaping modern libraries. From cataloging to makerspaces, let’s connect and learn! 💻📖 #librarytech #librarian #library', 'Welcome to Teacher Librarian! A community for educators who bring learning to life through libraries. Share resources, spark creativity, and celebrate the magic of teaching in the library world. 📚🎓✨ #teacherlibrarian #schoollibrary #librarians', 'Welcome to Libraries in Schools! A space for school librarians, teacher-librarians, and library enthusiasts to share ideas, resources, and stories. Let’s celebrate the heart of every school: the library. 💡📚✨ #schoollibrary #teacherlibrarian #librarians']",596,19.87
209,30,209_test_testing_11th_blueskyfeedcreatorcom,"['test', 'testing', '11th', 'blueskyfeedcreatorcom', 'edition', 'pharmacology', 'bank', 'jacqueline', 'randall', 'prod']","['This a feed curated by @leichteckig.bsky.social on all things Test Automation, Quality Assurance, Software Testing ... basically all things Testing in Tech.\n\nBlueskyFeedCreator.com', 'Test Bank for Roachs Introductory Clinical Pharmacology 11TH EDITION (Kindle Edition) by Randall Sherrin\n\n\nhttps://www.stuvia.com/doc/8867518/test-bank-for-roachs-introductory-clinical-pharmacology-11th-edition-kindle-edition-by-randall-sherrin', ""Test Bank For Lehne's Pharmacology for Nursing Care 11th Edition by Jacqueline Rosenjack Burchum, Laura D. Rosenthal\n\nhttps://www.stuvia.com/doc/8861155/test-bank-for-lehnes-pharmacology-for-nursing-care-11th-edition-by-jacqueline-rosenjack-burchum-laura-d.-rosenthal""]",21,0.7
210,29,210_pinned_bookmarks_bookmarked_bookmark,"['pinned', 'bookmarks', 'bookmarked', 'bookmark', 'important', 'httpsbhatenanejpentryurlhttps3a2f2fwwwafpbbcom2farticles2f2f3541009', 'aliass', 'repopulate', 'worthwhile', 'lemmi']","['Pinned posts', 'My Pinned Posts', 'My personal bookmarks and pinned posts.']",17,0.59
211,29,211_cannabis_weed_420_marijuana,"['cannabis', 'weed', '420', 'marijuana', 'stoners', 'stoner', 'growing', 'ganja', 'hemp', 'weedsky']","['A feed of cannabis growers talking about growing cannabis. To be added to the list, drop us a note.', 'Weed related feed, including keywords for growing and medical cannabis.', 'Cannabis research & science posts']",683,23.55
212,29,212_aespa_drdt_xenoseries_dcrc,"['aespa', 'drdt', 'xenoseries', 'dcrc', 'osrs', 'mhau', 'runescape', 'markhyuckau', 'mahaeau', 'designated']","['A feed to Hollow Knight fans interact, share memes, fanarts, AUs, and anything related to the games.\n\nHashtags:\n#HollowKnight #HKart #HKfanart #HollowKnightart #HollowKnightfanart #Silksong\n\nNewer and most liked posts are prioritized over older ones, ensuring a constantly updated feed.\n\n🚫No AI/NFTs', 'Interlink with this feed to see the hottest sparkin\' Xenoblade and Xenoseries posts! Does NOT filter out spoilers, but tries to exclude discourse, Smash, Twitch, and \'waifu\'-related posts. Hornyposting is okay.\nUse ""#Xenoblade"" or ""#Xenoseries"" in your post to be included', 'Special feeds for Author and Readers Markhyuck fanfic \r\n\r\nPosted, or QRT with the keyword in below\r\n#markhyuckau , markhyuckau , #mahaeau , mahaeau , #MHAU , MHAU , mhfanfic , mahaeff , markhyuckff , mhprompt , mhfic']",865,29.83
213,29,213_astronomy_scienceoriented_botastronomyblue_astronomers,"['astronomy', 'scienceoriented', 'botastronomyblue', 'astronomers', 'sign', 'signed', 'heliophysics', 'instrumentation', 'part', 'via']","['A science-oriented feed about Galactic astronomy. Part of the Astronomy feeds network.\nAstronomers can sign up to post here via @bot.astronomy.blue\nContains posts from signed up users with #galactic or #galacticastro.\nPosts here are also included in the main Astronomy feed.', 'A science-oriented feed about high-energy astronomy and astroparticle physics! Part of the Astronomy feeds network.\nAstronomers can sign up to post here via @bot.astronomy.blue\nContains posts from signed up users with #highenergyastro.\nPosts here are also included in the main Astronomy feed.', 'A science-oriented feed about astronomical instrumentation! Part of the Astronomy feeds network.\nAstronomers can sign up to post here via @bot.astronomy.blue\nContains posts from signed up users with #instrumentation.\nPosts here are also included in the main Astronomy feed.']",1832,63.17
214,29,214_sakura_wars_collect_searched,"['sakura', 'wars', 'collect', 'searched', 'worth', 'rp', '99', 'register', 'set', 'eruri']","['サクラ大戦Ⅴ（サクラ大戦シリーズ）のフィードです。\nThis is the feed for Sakura Wars: So Long, My Love (Sakura Wars series).\n\nサクラ大戦Ⅴに関する文言を登録し、検索したポストを収集しています。\nWe register phrases related to Sakura Wars: So Long, My Love and collect searched posts.\n\n※7日分のポストを集める設定にしています\n※I have it set to collect 7 days worth of posts.', 'サクラ大戦4（サクラ大戦シリーズ）のフィードです。\nThis is the feed for Sakura Wars 4: Fall in Love, Maidens(Sakura Wars series).\n\nサクラ大戦4に関する文言を登録し、検索したポストを収集しています。\nWe register phrases related to Sakura Wars 4 and collect searched posts.\n\n※7日分のポストを集める設定にしています\n※We have it set to collect 7 days worth of posts.', '新サクラ大戦（サクラ大戦シリーズ）のフィードです。\nThis is the feed for New Sakura Wars (Sakura Wars series).\n\n新サクラ大戦に関する文言を登録し、検索したポストを収集しています。\nWe register phrases related to New Sakura Wars and collect searched posts.\n\n※7日分のポストを集める設定にしています\n※I have it set to collect 7 days worth of posts.']",175,6.03
215,29,215_energy_bluestocksapp_solar_spamfiltered,"['energy', 'bluestocksapp', 'solar', 'spamfiltered', 'investors', 'relevant', 'nine', 'fuel', 'latest', 'clne']","['The latest posts about Ring Energy (REI). Spam-filtered and relevant for investors.\n\nBy @bluestocks.app', 'The latest posts about Energy Transfer (ET). Spam-filtered and relevant for investors.\n\nBy @bluestocks.app', 'The latest posts about Bloom Energy (BE). Spam-filtered and relevant for investors.\n\nBy @bluestocks.app']",17,0.59
216,29,216_search_sakuna_liesofp_philippines,"['search', 'sakuna', 'liesofp', 'philippines', 'calamity', 'lies', 'link', 'disaster', 'concerning', 'filipino']","['search ”曦瑶”', 'Sakuna is the native word for calamity and disaster in the Philippines. This is an ATmosphere (Bluesky) custom Feed about sakuna concerning the Philippines and the Filipino people.\r\n\r\nPowered by Graze.social.', 'Sakuna is the native word for calamity and disaster in the Philippines. This is an ATmosphere (Bluesky) custom Feed about sakuna concerning the Philippines and the Filipino people.\r\n\r\nPowered by Graze.social.']",97,3.34
217,28,217_trek_star_startrek_snw,"['trek', 'star', 'startrek', 'snw', 'janewaychakotay', 'emacs', 'framesearlgreymemesclub', 'est', 'shots', 'incognitomode']","['Collections of Star Trek memes.', 'Star Trek: Strange New Worlds SNW\n#SNW #StrangeNewWorlds #StarTrek\n\n[ID: SNW poster]', 'Posts about Star Trek']",128,4.57
218,28,218_film_photography_white_photographers,"['film', 'photography', 'white', 'photographers', 'monochrome', 'contrasts', 'uncluttered', 'camera', 'filmisnotdead', 'believeinfilm']","['Black & white photography / Photographie en noir et blanc.  \nStolen glances, silent echoes, timeless contrasts.  \nRegards volés, silences suspendus, contrastes intemporels.  \nA space for visual storytelling beyond color.', 'Black and white film photos\n\nTracks the usual film photo hashtags plus  #BlackAndWhite #bnw, #b&w #monochrome and others', 'Color and B&W Film Photography\n\nTracks the usual film photo hashtags #filmphotography #believeinfilm #filmisnotdead #analogphotography']",750,26.79
219,28,219_norelle_duel_yugioh_master,"['norelle', 'duel', 'yugioh', 'master', 'pantheons', 'narrative', 'lore', 'isara', 'r34', 'boruto']","['Her punishment was to be seen. Her solace... is to be blind. All official art, lore, and narrative moments featuring the story of the First Recognized, Lien. #Norelle', ""In a world built to protect her, she finds her own secrets to keep. All official art, lore, and narrative moments featuring the Pantheon's quiet observer, Liana. #Norelle"", 'This is Feed to collect Master Duel related items.\nI think the accuracy is not quite there yet as it is trial and error.\nPlease feel free to follow me.\n\nCollecting Words: Master Duel, #Master Duel, Yu-Gi-Oh! Master Duel, Yugioh Master Duel']",629,22.46
220,28,220_art_my_view_personal,"['art', 'my', 'view', 'personal', '', '', '', '', '', '']","['My art!', 'My art!', 'My art!']",47,1.68
221,28,221_eurovision_final_national_contest,"['eurovision', 'final', 'national', 'contest', 'marino', 'song', 'luxembourg', 'melodifestivalen', 'melfest', 'nicknamenicklasbskysocial']","['Your feed for everything Eurovision!\n\nIncludes #Eurovision, #UnitedByMusic, #JuniorESC and many more keywords to stay up to date with the biggest song contest in the world.\n\nEurovision is now officially on Bluesky: @eurovision.tv', 'A feed for Eurovision nerds, with anything related to Eurovision Song Contest.', 'Posts about Eurovision']",375,13.39
222,28,222_mdni_nsfw_gooning_porn,"['mdni', 'nsfw', 'gooning', 'porn', 'furry', '18', 'sex', 'nudes', 'toy', 'creditremovalpromo']","['18+ | NSFW | MDNI\n\nFeed aims to find those showing their wares... their underwears (who let the pun out?).\n\nMedia using alt text will be included; media without alt text will be ignored. If you do not wish to be featured in feed, please send DM.', 'Porn for your ears :x\r\n\r\nAnyone can post, use #NSFWaudio, #GWaudio, #GoneWildAudio, #audioPorn, #voiceKink, #NSFWVA, #NSFWvoiceActing, #NSFWvoice, #NSFWASMR, or #eroticAudio', 'NSFW - 18+ - MDNI\r\n\r\nHave at it. For your gooning pleasure\r\nYour one stop shop for porn, nudes, sex vids, and general horniness.\r\n\r\nAnyone can post, just use any of the hashtags on your post:\r\n#goonsky #goon #gooning #gooner #goonette #goonfuel #porn']",834,29.79
223,28,223_kiss_personal_illustratorcomic_gothcute,"['kiss', 'personal', 'illustratorcomic', 'gothcute', 'angeli', 'losteventide', 'mwah', 'thise', 'katnaxel', 'picturethispost']","['A feed of all the complete or refined art created by LostEventide.', 'This feed is a personal preference of mine, filled with art from artists that inspire me to make art.', 'kiss kiss mwah a feed for my moots <3']",47,1.68
224,27,224_strawpage_interests_asks_shojosei,"['strawpage', 'interests', 'asks', 'shojosei', 'sotfest', 'agent', 'submissions', 'sometimes', 'received', 'beefleaf']","['my interests right now', 'A Feed for all my strawpage submissions', 'Asks from my Strawpage!']",60,2.22
225,27,225_coffee_coffeeneuring_decks_cookie,"['coffee', 'coffeeneuring', 'decks', 'cookie', 'adam', 'identity', 'time', 'cheeseburger', 'crk', 'diner']","['Brewing, finding, and consuming good coffee. Feed for Coffee related content.', ""Love coffee? This feed has you covered. It's Coffee all day long."", 'i like coffee and you']",385,14.26
226,27,226_3d_printing_parametric_filament,"['3d', 'printing', 'parametric', 'filament', 'laser', '3dprinter', 'gcode', '3dp', 'cutter', 'positron']","['The image-only version of the 3D printing🧊 feed.\n🧐  - Includes either ""3D Printing | CNC | Laser Cutter | ..."" or related terms such as ""filament | gcode | ..."".\nAlso tags, ""#3DPrinter, #3dp, ...""\n\n🙆\u200d♀️- All post langs', 'all things 3d printing', '3d printing.']",341,12.63
227,27,227_media_mixed_blenders_audiovisual,"['media', 'mixed', 'blenders', 'audiovisual', 'ompuco', 'grithors', 'yote', 'tealbitzs', 'peloriq', 'lost']","['My media!', ""Grithor's Media"", ""TeaLBiTZ's Media""]",1356,50.22
228,27,228_fashion_clothing_recycled_sustainable,"['fashion', 'clothing', 'recycled', 'sustainable', 'hfsky', 'style', 'meets', 'lolita', 'runway', 'upcycled']","['Compiled fashion posts, fashion history, outfit inspiration (controlled by list)', 'passion 4 fashion', 'All posts related to sustainable fashion. Use #sustainablefashion to be included.\n\nsustainable fashion | slow fashion | slowfashion | fast fashion | fashion | fashion industry | sustainability | ethical fashion | environment | eco friendly fashion | eco-friendly fashion | climate change']",194,7.19
229,27,229_shorts_video_vertically_gimmick,"['shorts', 'video', 'vertically', 'gimmick', 'alt4me', 'youtube', 'optional', 'videos', 'bot', 'vark']","['Shows every single longform (not shorts) YouTube video!', 'YouTube Videos (include shorts)', 'Feed of fuckass gimmick accounts that make you wonder “who the hell thinks of this?” (Jk, any gimmicks)\n\nTo me, gimmick account is NOT🚫:\n-Broadly thematic (e.g. posts cats)\n-Quirky on main (gets mad about Sonic)\n-Info/help bot (unroll bot)\n-Repost farm (reposts memes)\n\nPlease help to improve list 🙏']",389,14.41
230,27,230_commissioned_gifted_received_gifts,"['commissioned', 'gifted', 'received', 'gifts', 'won', 'digital', 'clay', 'acrylic', 'arts', 'trades']","['Artwork that was gifted to me or that I commissioned from other amazing artists!', 'Art that I commissioned, won, gifted, etc <3', 'Art I commissioned or received as gifts!']",29,1.07
231,26,231_vegan_gluten_vegetarian_recipes,"['vegan', 'gluten', 'vegetarian', 'recipes', 'recipe', 'httpsbskydazzletools', 'query', 'plantbased', 'veganism', 'celiac']","['This feed highlights posts that combine humor and vegan-related terms. It features vegan humor hashtags like #veganhumor and #veganmeme, along with posts pairing vegan keywords such as ""vegan"" or ""plant-based"" with humor-related words like ""funny,"" ""lol,"" or ""joke.""', 'Links to vegetarian and vegan recipes.', ""A catch all 'vegan' feed. If your posts contains the word vegan anywhere, it will appear.""]",751,28.88
232,26,232_blueskybaddiesbskysocial_httpsbskyappprofiledidplcdb645kt5coo7teuoxdjhq34xfeedaaamkr6xjlwb2_followed_petaltech,"['blueskybaddiesbskysocial', 'httpsbskyappprofiledidplcdb645kt5coo7teuoxdjhq34xfeedaaamkr6xjlwb2', 'followed', 'petaltech', 'petaltechbskysocial', 'httpsbskyapphashtagrffupdatesauthorsingingpigsonline', 'rosemarrowbskysocial', 'opendata', 'neighborhood', 'vertiblue']","['@rosemarrow.bsky.social and those around them!\r\n\r\nCreated by Petaltech. Message @petaltech.bsky.social to apply for a Neighborhood Feed of your own!', '@nervousdriver.bsky.social and those around them!!\r\n\r\nCreated by Petaltech. Message @petaltech.bsky.social to apply for a Neighborhood Feed of your own!', '@rosemarrow.bsky.social and those anywhere around them!!\r\n\r\nCreated by Petaltech. Message @petaltech.bsky.social to apply for a Neighborhood Feed of your own!']",1262,48.54
233,26,233_sph_nsfw_featuring_pussy,"['sph', 'nsfw', 'featuring', 'pussy', 'perform', 'curated', 'dildo', 'erotic', 'toys', 'ass']","['A curated feed of NSFW posts featuring pussy.', 'NSFW porn with a focus on huge toys, XL dildos, and fantasy toys. (wip lol)\r\n\r\nsize queen | fantasy dildo | #dongsky | big toy | hude dildo\r\n\r\n👉 verified adult creators only\r\n👉 curated and moderated feed\r\n👉 use #monsterfucker or #sizequeen to be included', 'NSFW, 18+, XXX\r\n\r\nExplicit 🔞 Pussy, vagina, lady bits, yoni, cunt, coochie, hooha, minge, snatch, etc. You know what it is.\r\n\r\nVerified creators only! Get approved: babesky.com/join\r\n\r\nIncludes media tagged with #pussy #pussyLips #labia #wetPussy #wetAssPussy #spreadPussy #perfectPussy']",753,28.96
234,26,234_blondes_canuck_httpsbskyappprofiledidplc5nzxfyfzzs3qyjddxx374lpnlists3lbpfwepcmo2e_backwards,"['blondes', 'canuck', 'httpsbskyappprofiledidplc5nzxfyfzzs3qyjddxx374lpnlists3lbpfwepcmo2e', 'backwards', 'ergo', 'hn', 'ranking', 'my', 'ml', 'orgs']","['My Canuck Feed', 'Feed of #ergo accounts sorted by HN Ranking (1.8)', 'Blondes, blondes, blondes ♡\nA feed of those whose hair color helps them have more fun!']",9,0.35
235,26,235_blueskyfeedcreatorcom_artfight_artistsway_benzene,"['blueskyfeedcreatorcom', 'artfight', 'artistsway', 'benzene', 'camerons', 'httpsartfightnetjupitism', 'niksie', 'midna', 'seeing', 'prob']","['a place to store my artfight stuff! you can find all my cool artfight posts here as well as on the site at https://artfight.net/~jupitism .\n\nBlueskyFeedCreator.com', 'I just want a shortcut to seeing Midna art\n\nBlueskyFeedCreator.com', ""A place to discuss (or gush about) the Julia Cameron's Artist's Way.   Use #ArtistsWay in your post to have it captured here.\n\nBlueskyFeedCreator.com""]",13,0.5
236,26,236_trail_hiking_climbing_hikers,"['trail', 'hiking', 'climbing', 'hikers', 'mountains', 'mountaineering', 'thruhiking', 'backpackers', 'trekking', 'split']","['All things trail building. Must include a photo of video. Use these to show up in the Trail Building feed: #trailbuilding, #trailbuilder, #trailtool, #trailvolunteer, #trailbuilingmachine, #trail buildinghandtool, #trailprofessional\n\nBlueskyFeedCreator.com', 'All things John Muir Trail 🏞️\r\nA place for hikers, backpackers, thru-hikers or anyone just looking for inspiration.\r\nUse: #JohnMuirTrail #JMT #JMT2025 or mention John Muir Trail\r\nMore info: https://blueskyfeedcreator.com/p/mountainscalling.me/john-muir-trail', 'Bringing together a community of hikers and backpackers from around the world. This feed is all things hiking and backpacking, one trail at a time. -New to feeds and Bluesky, testing this one out.']",394,15.15
237,25,237_trigger_model_abbreviations_codes,"['trigger', 'model', 'abbreviations', 'codes', 'topic', 'propublica', 'datelondon', 'towns', 'like', 'datecardiff']","['To trigger this feed, use #DateInternational, #DateNewYork, #DateLosAngeles, #DateToronto, #DateLondon, #DateParis, #DateBerlin, #DateRome, #DateAmsterdam, #DateTokyo, #DateOsaka, #DateSeoul, #DateSingapore, or use abbreviations! This feed covers North America, Europe, and the Asia-Pacific region.', 'To trigger this feed, use hashtags like #DateEngland, #DateLondon, #DateManchester, #DateLeeds, or codes like #DateLDN, #DateMAN, #DateLDS, #DateBIR. This feed includes top towns and cities across England.', 'To trigger this feed, use hashtags like #DateUK, #DateLondon, #DateManchester, #DateGlasgow, #DateCardiff, or abbreviations like #DateLDN, #DateMAN, #DateGLA, #DateCAR, #DateBEL. Covers major towns across England, Scotland, Wales, and Northern Ireland.']",34,1.36
238,25,238_archtober_wholesome_apologyetc_newskies,"['archtober', 'wholesome', 'apologyetc', 'newskies', 'lisp', 'speach', 'paiges', 'tweeks', 'wiredcom', 'woohoo']","['Place For Me To Put All My Recent Sorcerers Wisdom Posts. If You Found It Woohoo, but its more or less a personal feed.', 'Feed for Archtober 2024 posts using #archtober2024 or #archtober. Pulls posts from the past week.', 'fork of emacs feed that does not remove replies and tweeks regex to minimize lisp as speach impediment instead of language.\n\npublished with same licence as required']",38,1.52
239,25,239_government_sites_links_trending,"['government', 'sites', 'links', 'trending', 'german', 'brazil', 'mexican', 'spain', 'china', 'facts']","['Trending posts with links from UK Government sites.', 'Posts with links to U.S. Government sites.', 'Trending posts with links to U.S. Government sites.']",12,0.48
240,25,240_tennis_wta_atp_match,"['tennis', 'wta', 'atp', 'match', 'tournament', 'performances', 'highlights', 'alcaraz', 'tenis', 'arsenal']","['A curated tennis feed delivering quality content— with no off-topic posts or spam.\r\n\r\nGet the latest on players, live updates, and major events like the upcoming US Open from the ATP & WTA tours.', ""curated feed. women's tennis."", 'Tennis, tenis, WTA, ATP. Displays the last seven days.\nPS: Add tennis, tenis, WTA, ATP to your posts, so I can find you easier. If questions, ask @podolniksr.bsky.social, like if you like.']",1435,57.4
241,25,241_bkdk_bkdkbk_talavera_threads,"['bkdk', 'bkdkbk', 'talavera', 'threads', 'draeyad', 'yeonbin', 'fic', 'whims', 'crybaby', 'ao3']","['All BkDk stuff from the past 7 days (includes NSFW)', 'For BkDk posts!', 'BkDk Threads']",671,26.84
242,25,242_laughter_wolf_joyful_whimsical,"['laughter', 'wolf', 'joyful', 'whimsical', 'fills', 'smile', 'spice', 'ace', 'alisa', 'angelic']","['ㅤ\n\xa0\xa0\xa0\xa0\xa0\xa0 \xa0\xa0\xa0\xa0\xa0\xa0\xa0\xa0\xa0\xa0\xa0⊹  ꒰১ ˖  ࣪  ᧔ 🍓 ᧓  ࣪   ⊹\n\n\xa0\xa0\xa0\xa0\xa0\xa0 𝒜 whimsical garth of abundant\n\xa0\xa0\xa0\xa0\xa0\xa0 buds filled  with  delicate  𝑠͟𝑐͟𝑒͟𝑛͟𝑡\n\xa0\xa0\xa0\xa0\xa0\xa0 of  strawberry  and  laughter of\n\xa0\xa0\xa0\xa0\xa0\xa0 \xa0\xa0\xa0\xa0\xa0\xa0 \xa0\xa0\xa0\xa0\xa0\xa0 \xa0\xa0\xa0\xa0joyful 𝖻͟𝗎͟𝗇͟𝗇͟𝗒.\nㅤ\n\xa0\xa0\xa0\xa0\xa0\xa0\xa0\xa0\xa0\xa0\xa0\xa0\xa0\xa0\xa0\xa0\xa0\xa0\xa0     \xa0\xa0\xa0\xa0\xa0‿  ۫  ׅ  ⊹ 🐇\nㅤ', 'ㅤ     \nㅤ     relish the days of carefree wonder, \nㅤ     where laughter fills the air, dreams \nㅤ     have no limits, and every moment \nㅤ     is a joyful adventure waiting to unfold.\nㅤㅤ', 'ㅤ     \nㅤ     savor whimsical moments brimming \nㅤ     with laughter, boundless creativity, \nㅤ     and endless merriment. every game \nㅤ     is an escapade, every smile a cherished \nㅤ     memory.\nㅤ']",34,1.36
243,24,243_bangers_banger_hits_greatest,"['bangers', 'banger', 'hits', 'greatest', 'treezs', 'certified', 'antimy', 'bangles', 'ditchponys', 'dearly']","['my recent bangers', 'My own bangers', 'My bangers feed']",201,8.38
244,24,244_me_catman_rechi_snowysnowriel,"['me', 'catman', 'rechi', 'snowysnowriel', 'lycans', 'aryns', 'sqrl', 'smells', 'mistria', 'artshares']","['Art by me', 'Art by me!✨', 'Here you can see all the lycans and other creatures and Monsters I draw.']",63,2.62
245,24,245_stuff_title_eee_entropy,"['stuff', 'title', 'eee', 'entropy', 'steamold', 'justforme', 'look', 'yippieee', 'howdy', 'orz']","['my stuff', 'my stuff', 'my stuff']",84,3.5
246,24,246_uniburi_1999_historyir_croverfield,"['uniburi', '1999', 'historyir', 'croverfield', 'metalocalypse', 'smokescreen', 'ir', 'text', 'reverse', 'alt']","['Experimental Feed to hopefully put some UniBuri posts together in one place.\n\nFeed currently looks for the tags Bridget, Unika and Uniburi, with a RegEx looking for Uniburi in post text and alt text.', 'A feed for the Reverse comunity\n\ntags:\nreverse1999\nreverse 1999\nreverse: 1999\nre1999\nre 1999\nr1999', 'A feed that includes posts that feature the following tags in the post or alt text (only displays posts with media content): bondage, restraints, shibari, kimbaku, semenawa, strappado, futomomo, ropesuspension, bondagesuspension, leatherbondage, steelbondage, gagged, hooded']",518,21.58
247,24,247_spire_xcom_sigmori_xillia,"['spire', 'xcom', 'sigmori', 'xillia', 'robin', 'titan', 'aurora', 'belongs', 'ship', 'attack']","['The Sloane Chronicles: Rising Tides\n\nI was hesitant to call this a legacy; I know my track record. What I plan, however, is an ongoing series of the Sloanes - however many there may be!\n\nAspen returns to Sulani to learn more about her family, but discovers much more about herself in the process!', 'ship feed for Robin Suhe and Aurora Mogfriend, two Warriors of Light who met as little lost boys in the Black Shroud ♥️ tagged with #roroshipping\n\n(Robin belongs to me, Aurora belongs to @nannelflannel)', ""Sorted by what's hot of the week. All mainline games in Bandai Nacmo's Tales of (「テイルズ オブ」シリーズ) franchise.\n\nIncluding: Phantasia, Destiny, Eternia, Destiny 2, Symphonia, Rebirth, Legendia, Abyss, Innocence, Vesperia, Hearts, Graces, Xillia, Xillia 2, Zestiria, Berseria, Arise.""]",107,4.46
248,24,248_covid_immunology_fluoroquinolone_antigen,"['covid', 'immunology', 'fluoroquinolone', 'antigen', 'tox', 'nucleocytoviricota', 'presentation', 'research', 'diagnosis', 'mathematical']","['Science|Immunology|Molecular biology\n\nA feed on antigen presentation.\n\nNot curated. Search keywords:\nMHC, antigen presentation, cross-presentation\n\nUse #MHCsky to add your post', 'Posts about computational, mathematical, and mechanistic modeling with a focus on clinical and pre-clinical research. Includes systems biology, quantitative systems pharmacology, mathematical biology, annd integrative physiology.', 'Trauma-sensitive\n\nCollect fqtawarenessday, fqtawareness, fqad, fluoroquinolone associated disability, fqtox, floxed, geflox, , floxies, fluoroquinolon + tox or damag or aware, fluorchinolon + vergift or schäd or aware, fluoroquinolonetox, fluoroquinolone tox']",213,8.88
249,24,249_motor_vaneck_volkswagen_bluestocksapp,"['motor', 'vaneck', 'volkswagen', 'bluestocksapp', 'rollsroyce', 'spamfiltered', 'investors', 'automotive', 'relevant', 'latest']","['The latest posts about VanEck (SMH). Spam-filtered and relevant for investors.\n\nBy @bluestocks.app', 'The latest posts about VanEck Junior (GDXJ). Spam-filtered and relevant for investors.\n\nBy @bluestocks.app', 'The latest posts about VanEck Gold Miners (GDX). Spam-filtered and relevant for investors.\n\nBy @bluestocks.app']",20,0.83
250,24,250_olympics_nz_aotearoa_zealand,"['olympics', 'nz', 'aotearoa', 'zealand', 'paris2024', 'auckland', 'wellington', 'parks', 'boat', 'olympic']","['The Olympics feed\r\n\r\n#Paris24 #LA28 #Olympics #TheOlympics', 'This is a feed for people from Aotearoa NZ to share photos or stories of their pets. You can use any of the hashtags #aonzpets #aotearoapets #nzpets #petsnz #mokai #mōkai to have your post collected in the feed, or tag your post with these emojis: 🐱🇳🇿 🐶🇳🇿\r\n(nz pets)\r\n\r\nBlueskyFeedCreator.com', 'Olympics Australian feed.\nMy attempt to follow Olympic coverage with an Australian focus. Follows general mentions like Olympics and Paris2024 and also Australian themed matches like AllezAUS.']",310,12.92
251,24,251_tattoo_tattoos_domzilla9bskysocial_indiana,"['tattoo', 'tattoos', 'domzilla9bskysocial', 'indiana', 'artists', 'studios', 'vancouver', 'kentucky', 'creator', 'added']","['- Tattoo Artists of Kentucky\n- The latest work from Kentucky Tattoo artists!\n\nMessage @domzilla9.bsky.social to be added to this list.', '- Tattoo Artists of Indiana\n- The latest work from Indiana Tattoo artists!\n\nMessage @domzilla9.bsky.social to be added to this list.', 'tattoo feed']",88,3.67
252,23,252_chilloutvr_twewy_roleplayer_migwen,"['chilloutvr', 'twewy', 'roleplayer', 'migwen', 'ntwewy', 'crossing', 'roguetrader', 'pastebincomraw1tbwltlf', 'elegans', 'ghostfang']","['FEED FOR ALL CODE GEASS TITLE + CHARACTER + SHIP TAGS, EXCLUDING AI ART\n\nsometimes thing breaks . its bskys or skyfeeds fault, i dont touch this thing', 'This Feed Create only For ROLEPLAYER to find another ROLEPLAYER. \n\nUSE #BRP IF YOU ARE ROLEPLAYER ACC.', ""Feed for TWEWY & NTWEWY posts! Searches for #TWEWY, #NTWEWY, #NeoTWEWY, #TheWorldEndsWithYou, #NeoTheWorldEndsWithYou from Feb 23, 2024 onwards. Excludes reposts.\n\nI'm new to building feeds so please contact me if there are any issues or if other TWEWY tags should be added.""]",376,16.35
253,23,253_typo3_klance_llm_whole,"['typo3', 'klance', 'llm', 'whole', 'chrome', 'kony', 'hunsky', 'krfeed', 'weirdcartwitter', 'openstreetmap']","[""Collecting all posts that contain the hashtag #Kony2012. To raise awareness. Let's make Joseph Kony famous in 2012, people!"", 'A feed for browser extension related topics, mainly chrome extensions. Had to filter out sky follower bridge ones as they are understandably too popular :)', ""A feed for my klance friends. That's Keith and Lance from Voltron: Legendary Defender (VLD). This feed looks for posts tagged #klance from the past 7 days.\n\nReplies & antis filtered. Always refining for better results""]",301,13.09
254,23,254_nafomeme_collecton_inpiration_fromily,"['nafomeme', 'collecton', 'inpiration', 'fromily', 'clutches', 'httpsvtbagdev', 'maelstrom', 'paragliding', 'scrabble', 'mugr0513']","[""This feed was made by Mark Komodo to be very effective on his social media usage. This feed isn't perfect, so be mindful there may be some content you dislike."", 'In this custom feed, you will find my main feed cleaned of reskeets, quotes, images, and other visual distractions. \n\nOnly your thoughts and opinions laid bare and free from the clutches of the social media maelstrom.', 'Uncurated Feed for NAFO Propaganda.\n- use #NAFOMeme or #NAFOMemes  in your Post  to add content (not case sensitive).\n\nContent posted in the last 7 days with the #NAFOMeme will be visible.']",122,5.3
255,23,255_migrainechat_doi_pubmed_research,"['migrainechat', 'doi', 'pubmed', 'research', 'health', 'preprint', 'idsky', 'migrainesky', 'origional', 'migrainerelated']","['A feed to discuss all things migraine and follow the #MigraineChat community. \nHave a migraine-related question or need to vent? Add MigraineChat to your post to be included in feed. Will also pick up MigraineSky. Not case sensitive, # not necessary (but works).', 'Most liked, commented, and reposted articles about health research\r\nSearched mostly by DOI, Pubmed and others identifiers.\r\n\r\n#medsky #research #Health', 'Most liked, commented, and reposted articles about health research in the last 7 days\r\nSearched mostly by DOI, Pubmed and others identifiers.\r\n\r\n#medsky #research #Health']",1223,53.17
256,23,256_description_test_procedure_tps,"['description', 'test', 'procedure', 'tps', 'procedures', 'occasionally', 'describes', 'specification', 'assurance', 'surprise']","['Test Feed Description 🕒', 'Test Feed Description 📈', 'Test Feed Description 🕒']",3,0.13
257,23,257_warcraft_azeroth_blizzard_phaidei,"['warcraft', 'azeroth', 'blizzard', 'phaidei', 'warhammer', 'heart', 'daggerheart', 'world', 'kdrama', 'battles']","['Step into Azeroth through art! From stunning landscapes to heroic fan pieces, this feed showcases the creative heart of the «WarCraft» and «World of Warcraft» community!\r\n\r\nUnofficial and not by Blizzard.\r\n\r\nPowered by Graze.social.', 'Relive the battles, stories, and legends of «WarCraft» and «World of Warcraft» through epic videos, cinematics, and fan creations. Immerse yourself in the world of Azeroth!\r\n\r\nCommunity-made, not affiliated with Blizzard.\r\n\r\nPowered by Graze.social.', 'From «WarCraft» to «World of Warcraft», explore the rich lore, epic battles, fan creations, and latest updates from across the entire franchise. A community-driven feed celebrating Azeroth and beyond.\r\n\r\nUnofficial, not by Blizzard.\r\n\r\nPowered by Graze.social.']",301,13.09
258,22,258_alt_text_tool_stickleback,"['alt', 'text', 'tool', 'stickleback', 'tarotsky', 'soup', 'requests', 'esron', 'feelin', 'alttex']","['All post related to the visual novel ""What\'s wrong with Sunny Day Jack"" it\'s activated by # and Key words in post and alt text, such as:\n\nSunnyDayJack - sunnydayjackau - etc.\n\nThis feed it\'s a work in progress so help will be apreciated.', ""Finds user requests for alt text. Here's the catch: these are only requests sent to the alt text bot.\r\n\r\nTo exclude any post from the feed use one of: nofeed, noaltfeed, or /alt4me.\r\n\r\nbuilt with graze.social"", ""i read the alt text, then i read the alt text discourse\r\nthen i read the video captions if i'm feelin' frisky\r\n\r\nmade with skyfeed.app\r\ninadvertently destroyed 'cause i'm clumsy\r\nrebuilt on graze.social""]",102,4.64
259,22,259_atproto_atprotocol_developers_floded,"['atproto', 'atprotocol', 'developers', 'floded', 'atprotocolactivitypub', 'backstreet', 'backstreetalley', 'coremaths', 'atprotorelated', 'mathvac']","['Good vibes posts about ATProto.', ""ATProto feed inspired and adjacent to mackuba's ATProto@ feed. Captures all posts from @pps and services on the AT Protocol, along with ATProtocol related posts from known developers, tinkerers, and thinkers.\r\n\r\nMade with 🐮"", 'Everything about AtProto']",117,5.32
260,22,260_mystic_messenger_jumin_jaehee,"['mystic', 'messenger', 'jumin', 'jaehee', 'choi', 'neigh', 'saeyoung', 'unfortunately', 'magic', 'pauper']","[""This feed collects most Jumin Han related posts for the last week.\n\nUnfortunately Jumin is a common tag outside of Mystic Messenger, so posts with only that word won't show up."", ""This feed collects most Saeyoung Choi/707 related posts for the last week.\n\nUnfortunately 707, saeyoung, luciel, choi etc.are very common tags outside of Mystic Messenger, so posts with only individual words won't show up."", ""This feed collects most Jaehee Kang from Mystic Messenger related posts from the last week.\n\nUnfortunately Jaehee is a somewhat common tag outside of Mystic Messenger, so posts with only that word won't show up.""]",222,10.09
261,22,261_ummm_sir_yeah_ok,"['ummm', 'sir', 'yeah', 'ok', 'youll', 'first', 'see', '', '', '']","['Ok.', 'sir,', 'Ummm... yeah.']",40,1.82
262,22,262_best_wristy_pixie_satisfied,"['best', 'wristy', 'pixie', 'satisfied', 'worse', 'got', 'overall', 'hollow', 'born', 'proud']","['Only the Best', 'the best', 'All the best posts']",51,2.32
263,22,263_filipino_philippines_powered_philippine,"['filipino', 'philippines', 'powered', 'philippine', 'grazesocial', 'pinoyfood', 'abroad', 'philippinerelated', 'mindanao', 'filipinos']","['An enhanced version of the ""Philippines, Filipino"" feed, this uses a custom algorithm to rank trending posts. Interact directly here (like, comment, repost) to amplify voices within the Filipino community.\r\n\r\nPowered by Graze.social.', 'A catch-all custom feed of all Filipino ATmosphere users from the Philippines and abroad based on hashtags.\r\n\r\nPowered by Graze.social.', 'A Feed of creators in the Philippines, or who are Filipino!']",222,10.09
264,22,264_skeet_skeets_term_voidpunk,"['skeet', 'skeets', 'term', 'voidpunk', 'chd', 'otherkin', 'patients', 'tulpamancers', 'scalemodel', 'aiartcommunity']","['Basic Tech skeet feed, for skeets tagged with #tech', 'This feed is for otherkin. To skeet in this feed, use the term otherkin or a more specific otherkinrelated term.', 'This feed is for CHD patients, loved ones of CHD patients, cardiologists and everyone else who is interested in CHDs.\n\nTo skeet in this feed, use the term congenital heart defect or a term for a specific CHD.']",1162,52.82
265,21,265_memes_meme_nafo_freemasons,"['memes', 'meme', 'nafo', 'freemasons', 'pinkeyesky', 'shit', 'voss', 'camel', 'femmes', 'kara']","['Trending memes from the whole network\n\n(""meme"" or #meme in caption. includes hidden tags. includes past 24h. Image posts only)', 'All Memes All The Time\n\nMeme pics only and nothing else!', 'Memes for content']",194,9.24
266,21,266_httpsbskydazzletools_query_make_own,"['httpsbskydazzletools', 'query', 'make', 'own', 'btc', 'poe2', 'factorio', 'mangione', 'bitwig', 'luigi']","['query: #booksky\n\nmake your own feed at https://bsky.dazzle.tools', 'query: #art\n\nmake your own feed at https://bsky.dazzle.tools', 'query: btc\n\nmake your own feed at https://bsky.dazzle.tools']",87,4.14
267,21,267_reupload_training_artai_prohibited,"['reupload', 'training', 'artai', 'prohibited', 'yamatanochinkobskysocial', 'dorotoro3bskysocial', 'aido', 'ai', 'reproduction', 'do']","['🔞NSFW🔞\u3000共同創作ログ\n共同創作ヤンキー\u3000停学組（🌋💣5️⃣🫧🧊）\n🔞CP要素\u3000BDSMｶｯﾌﾟﾙ\n篠崎拳剛\u3000ｼﾉｹﾝ🌋（ @yamatanochinko.bsky.social ）\n×\n新見桃哉\u3000ﾓﾓ💣（ @dorotoro3.bsky.social ）\n⚠️画像無断転載️禁止Do not reupload my art.\n⚠️ AI学習禁止Do not use my art for AI training.', '自作の刀剣短歌をまとめています。\n無断転載盗用AI学習禁止。\nDo not use my art for AI training.\nDo not reupload my art.', 'かいたものをまとめている\n※無断転載禁止/AI学習禁止\n※Do not reupload my art./Do not use my art for AI training.']",29,1.38
268,21,268_renders_filmmaker_source_characters,"['renders', 'filmmaker', 'source', 'characters', 'featuring', 'bandicoot', 'crash', 'hollow', 'knight', 'greimneorukix']","['My Source Filmmaker renders featuring characters from Super Mario.', 'My Source Filmmaker Renders featuring characters from Sonic the Hedgehog.', 'My Source Filmmaker renders featuring characters from Pokémon.']",50,2.38
269,21,269_ik_shocking_rachable_fineartamerica,"['ik', 'shocking', 'rachable', 'fineartamerica', 'acciable', 'art', 'my', 'randomized', 'america', 'id']","['My art feed', 'My Fine Art America feed. My art and designs for FineArtAmerica.', 'SHOCKING ik but heres my art feed where id have more acciable and rachable art pieces']",40,1.9
270,21,270_progress_work_works_doublepenetration,"['progress', 'work', 'works', 'doublepenetration', 'praying', 'dp', 'teasers', 'broken', 'testing', 'gathers']","['a work in progress', 'Work in progress...', 'work in progress']",165,7.86
271,21,271_lions_pwhl_detroit_onepride,"['lions', 'pwhl', 'detroit', 'onepride', 'womens', 'hockey', 'allgrit', 'eg', 'basketball', 'timberwolves']","['Posts that include ""Detroit Lions"", #Lions, or #OnePride, as well as all posts from the Lions Bluesky account (detroitlions.bsky.social)', 'A complete Detroit Lions Bluesky Feed. Includes all mentions of ""Detroit Lions"", hashtags #Lions, #OnePride, and #AllGrit, as well as posts from reputable Lions media.', 'A complete Detroit Lions Bluesky Feed. Includes all mentions of ""Detroit Lions"", hashtags #Lions, #OnePride, and #AllGrit, as well as posts from reputable Lions media.']",681,32.43
272,21,272_heartbreak_cyberpunk_geek_prompt,"['heartbreak', 'cyberpunk', 'geek', 'prompt', 'httpsbluefactsappfeedbuilder', 'computing', 'create', 'xbox', 'buyout', 'genreaesthetic']","['Explore posts about Silksong, including gameplay, tips, bosses, lore, and alternate nicknames (skong, folfson).\n\nCreate your own feed with https://bluefacts.app/feed-builder', 'A feed of posts about the TV Show Heartbreak High. Chronological, past week, English. To be included use Heartbreak High in your post. #, space, or no space work!', 'Join fellow fans of the hit dating show ""Love Is Blind"" in this exciting space to discuss all things related to the series! Share your thoughts on the latest episodes, dissect the relationships, and speculate on future twists.']",290,13.81
273,21,273_placed_combos_hub_ever,"['placed', 'combos', 'hub', 'ever', 'clips', 'youll', 'tech', 'sure', 'need', 'make']","[""Welcome to the Honda hub for all things Edmond!\n\nCombos, Clips, Tech, all you'll ever need from the community, just make sure to use #SF6_EHonda to have your post placed in this feed."", ""Welcome to the Sim hub for all things Dhalsim!\n\nCombos, Clips, Tech, all you'll ever need from the community, just make sure to use #SF6_Dhalsim to have your post placed in this feed."", ""Welcome to the Mighty hub for all things Bison!\n\nCombos, Clips, Tech, all you'll ever need from the community, just make sure to use #SF6_MBison to have your post placed in this feed.""]",14,0.67
274,21,274_armys_bts_wecops_rvb,"['armys', 'bts', 'wecops', 'rvb', 'genhour', 'lost', 'tiki', 'cheese', 'army', 'borafamily']","['Feed created with the purpose to gather all informations and updates related to BTS and ARMYS.\r\n\r\n=> Add #btsupdates to have your post appear in the Feed.\n\nBlueskyFeedCreator.com', ""A very rudimentary RvB feed, since I couldn't find any! It uses the tags #rvb #redvsblue and #projectfreelancer !\n\nIt's unfiltered since I mainly made it for me, so there may be sensitive content on the feed. Please moderate yourself, and manage your filtered content in your settings. Ty!"", 'BTS ARMYs who don\'t mind making their borafamily cry, sharing hurtful truths.\n\nIntend to keep the ranking updated. No promises are being made!\n\nComment/quote ⛳ to insert post.\n\n*Good ol\' good nature ""Rep0rt and bl0ck"", but folks here may get the wrong idea!\n\nReport any suspicious posts to mod.\n\n#BTS']",177,8.43
275,21,275_mute_list_enemys_moots,"['mute', 'list', 'enemys', 'moots', 'not', 'greens', 'httpsbskyappprofiledidplczhgvucvplp3igy2szngckpvxlists3k7iufqyq2j2u', 'chucks', 'tying', 'sience']","['NOT a mute list. my arts and social list', 'NOT a mute list. following for fun', 'NOT a mute list. my IT things']",93,4.43
276,20,276_fursuit_liminal_poodling_plussize,"['fursuit', 'liminal', 'poodling', 'plussize', 'handsome', 'venture', 'portraits', 'mek', 'unnerving', 'httpsfurrybellyhubcarrdco']","['🐻 In Real Life Fursuit “Poodling” Content, for those who would like to venture more into the plus-size community and its beautiful and handsome people! (VIDEOS ONLY)\r\n\r\nMore Info: https://furrybellyhub.carrd.co/', 'This is a feed for Liminal or unnervingly portraiture.  Look below for the best words to use for this feed:\n\n""liminalportraits"" ""liminalportrait"" ""liminal portrait"" ""liminal portraits"" ""liminal headshot"" ""weird portraits"" ""unnerving portrait"" ""unnerving portraits""', '🐻 In Real Life Fursuit “Poodling” Content, for those who would like to venture more into the plus-size community and its beautiful and handsome people! (REPLIES ONLY)\n\nMore Info: furrybellyhub.carrd.co']",145,7.25
277,20,277_test_testibg_meh_epic,"['test', 'testibg', 'meh', 'epic', 'ask', '', '', '', '', '']","['test', 'Test', 'test']",6,0.3
278,20,278_sheith_standupcomedy_clips_youtube,"['sheith', 'standupcomedy', 'clips', 'youtube', 'overflow', '20231224', 'jimmykimmel', 'curtashi', 'adashi', 'compulsively']","['Anyone can use #StandUpComedy or #StandUpComedian to add a video post here', ""A feed for stand up comedians to showcase their work! \r\n\r\nUse the hashtag #standupcomedy to add your video to this feed. \r\n\r\nDM me if you'd like your entire profile and all future videos to be included in this feed."", 'Feed with extra filters for Sheith community content from Voltron. \n\nPicks up any post containing the word ""sheith"" but not ""klance"", ""shance"", ""shurtis"", ""adashi"", ""curtashi"", ""anti"", and removes content from users on the Sheith Feed Mute List. Please contact ElfGrove with needed adjustments.']",123,6.15
279,20,279_pixel_nomad_stamps_sculpt,"['pixel', 'nomad', 'stamps', 'sculpt', 'iron', 'cast', 'communitysharing', 'cookware', 'emma2588', 'riggingcutting']","['Discover the hottest trends in Pixel Art! From retro vibes to modern masterpieces — stay inspired, stay creative.\n#pixelart pixel art', ""A curated feed for the MYOG (Make Your Own Gear) community—sharing DIY backpacking gear, ultralight hacks, sewing patterns, material sourcing, and build inspiration. Whether you're crafting a custom pack or testing new fabric tech, this is your space to create, experiment and share!"", 'A simple, chronological feed of any posts that use the #nomadsculpt hashtag or the phrase, ""Nomad Sculpt.""  Nomad Sculpt is a fun, 3D sculpting app that runs natively on tablets.  Likes and popularity don\'t matter in this feed -- just what\'s new.  @nomadsculpt.com']",409,20.45
280,20,280_seo_bluewavesocial_tidbit_wrightmiles,"['seo', 'bluewavesocial', 'tidbit', 'wrightmiles', 'skiers', 'overviews', 'raining', 'servicesnotifications', 'mitsunarubsky', 'liegner']","['In the amidst of raining night, here stand the Liegner Tavern.', 'The most popular news stories on Blue Sky in the past 12 hours based the repost count. \n\nThese are the news stories that Skiers reposted the most.', 'The SEO Feed on Bluesky is where pros and enthusiasts connect to share tips, trends, and insights about search engine optimization: SEO News, AI Overviews, Search GPT, and more!']",145,7.25
281,20,281_saucecat_redesigned_classes_roles,"['saucecat', 'redesigned', 'classes', 'roles', 'dragonrelated', 'cavythrum', 'draconis', 'erasercat', 'bkdkbnha', 'cowols']","[""Collecting all the #What-ifMachina artworks in one feed.\n\nIn this series, I redesigned Critical Role's Vox Machina as different classes"", '🖤 EraserCat is my yumeship with Aizawa Shouta from BNHA !!! \n\nWelcome to their silly world where I kinda just draw whatever I want\n\n🔞 Uploads will contain the following themes : Pet Play . BDSM . Daddykink . Oc x Canon', ""My ff14 phone photos while I go through all sorts of quests and events!\n\nMeet my viera, Locaria Cavythrum as she makes her way through this star with her cowols, Zokira and Royce [my friends' wols] <3""]",253,12.65
282,20,282_codes_dropout_invite_peoples,"['codes', 'dropout', 'invite', 'peoples', 'elgato', 'httpstmecally45previews', 'givers', 'gracious', 'liekely', 'beyblade']","['A feed to found peoples sharing invite codes', ""⚠ WIP experimental feed\n\nFor livestreaming / livestreamers. OBS Studio, Elgato, the equipment & setups instead of people's channels.\n\nCollaborative feed contributors:\n@hilarybaumann.com & @pozzitrev.bsky.social \ncreated using skyfeed.app"", ""If you're looking for invite codes for your desperate friends, then this feed is liekely to have the gracious code givers.""]",74,3.7
283,20,283_splatoon_markhyuckist_yona_tauren,"['splatoon', 'markhyuckist', 'yona', 'tauren', 'akatsuki', 'mihist', 'mahae', 'mahaeist', 'splatoonart', 'markhyuck']","['A splatoon trending feed', ""A feed for Splatoon art and media. This will collect posts tagged with Splatoon, SplatoonArt, SplatoonOC, Splatsona, and Coroika. It'll pick it up with or without hashtags.\nPin this feed to have it show up as a link on your home page.\n\nLike and share to help promote the Splatoon Artist community!"", 'Special feeds for Markhyuckist\r\nPosted, or QRT with the keyword in below\r\n#markhyuck , markhyuck , #mahae , mahae , #mahaeist , mahaeist , markhyuckist , #markhyuckist , #mihist , mihist \r\n\r\nEXCLUDE words boypussy, bp, BP in POSTS or QRT']",1140,57.0
284,20,284_goo_gootf_rubber_possession,"['goo', 'gootf', 'rubber', 'possession', 'tentacles', 'slutdog', 'furries', 'latex', 'nudes', 'horny']","[""No #hashtags here. This is pulled from a list of users that are safe for work and furries. It's hard to find less suggestive furries on here without bumping into nsfw or slighly fetishy images at times. Wish me luck in this list."", ""Use 'gooTF', or 'furry' and either of 'rubber', 'latex' or 'goo' in your skeet to appear here.\r\n(No hashtag necessary, can be in alt text, 'goo' must be a word by itself.)\r\n\r\nExample: A post that mentions 'rubbergoo' (-> rubber) and '#FurryArt' (-> furry)\r\n\r\nMild moderation against spam/underage and AI."", '🤍 Latex 🤍 Rubber 🤍 Goo 🤍 Nulges 🤍 Pooltoys 🤍 Tentacles 🤍 Etc\n\n⬇ Use these tags to be showen in feed ⬇\n#latexfur #rubberfur #gootf #goopy \n#gooey #nulge #pooltoy #tentacles \n#symbiote #hypnofur #livingsuit']",6111,305.55
285,20,285_artifedexs_cors_liveries_gt7,"['artifedexs', 'cors', 'liveries', 'gt7', 'dobescrusher', 'rialracingroots', 'rrrlivery', 'wad', 'kjdragon70s', 'ishaway']","['Explore the art of Origami with tutorials, tips, and inspiration to create beautiful paper sculptures and enhance your folding skills!', ""Hop aboard the Forge Wagon to look at Cor's journey into artistic expression with 3d printing, miniature painting and CAD design"", ""I make paint schemes, or liveries, in Gran Turismo 7 and on rare occasion dabble in doing so for PC racing games. If I remember to post them here, you'll see them on this feed. My PSN ID is RialRacingRoots if you want to use what i make for GT7. Look for #RRRLivery to see it on the feed.""]",70,3.5
286,20,286_private_cyber_eljefedsecuritbskysocial_flirting,"['private', 'cyber', 'eljefedsecuritbskysocial', 'flirting', 'lte', '5g', 'kindread', 'macgyverism', 'macgyver', 'snags']","['Private feed', 'Private feed', 'Private feed']",18,0.9
287,20,287_place_one_vermontart_perler,"['place', 'one', 'vermontart', 'perler', 'convenient', 'bead', 'neatly', 'packed', 'consistent', 'gathered']","['All of my art in one place!', 'All of my art in one place!', 'All of my art in one place!']",45,2.25
288,19,288_sir_alivekasumi_solasta_charmuro,"['sir', 'alivekasumi', 'solasta', 'charmuro', 'kingdom', 'dead', 'scrolls', 'elder', 'amuroray', 'divish']","['A feed that reunites posts about Solasta - Crown of the Magister and Solasta II.', 'An exhaustive feed dedicated to the ""Kromander"", the ""Clock Lady"" herself, ""Quasonii"" and ""Kronya"" even...\n\nhololive English -Promise-\'s Warden of Time!~\nOURO KRONII\n\nKroniichiwa, kronie.\nStream Souten Ni Moyu.\n\n#ourokronii #kronilust #krotime #クロニーラ #krossets #kroniijokes #OKTK', 'Kingdom Come: Deliverance, Warhorse Studios, Sir Radzig, Sir Divish, Stephanie, Sir Hanush, Sir Hans Capon, Sigismund, Wenceslas IV, Skalitz, Talmberg, Rattay, Sasau, Pribyslawitz...']",157,8.26
289,19,289_30ms_biwa_kshoot_mania,"['30ms', 'biwa', 'kshoot', 'mania', 'thatskybot', 'japanese', 'dj', 'sisters', 'ff7r', '20250320']","['ThatSkyBot についての説明や、使い方などをまとめたフィードです。\n\nThis is a feed that summarizes explanations about ThatSkyBot and how to use it.', '30 Minutes Sisters 非 公式ファンフィードです\n#30MS と記載されたポストを自動収集します\n\nUNofficial Feed for gathering 30 Minutes Sisters build posts \nPost your builds with #30MS and we all can share Likes much more easily', '琵琶は中央アジアからシルクロードを通って、日本に伝来した楽器である。\nThe biwa is musical instrument that came to Japan from Central Asia via the Silk Road.\n 奈良時代には伝来し、現代までに日本の風土に合わせた多種多様な琵琶がある。\nIt was introduced in the Nara period, and up to the present day there are a wide variety of biwa that are tailored to the Japanese climate.']",146,7.68
290,19,290_apptweak_onomastics_android_aso,"['apptweak', 'onomastics', 'android', 'aso', 'optimization', 'someones', 'store', 'apps', 'reminder', 'tired']","['A feed focused on the latest in Android app development, trends, updates, and reviews. Stay in-the-know on new apps, UX/UI design, and mobile innovation.', 'Stay ahead in the world of mobile apps with this curated feed featuring the latest on App Store Optimization!', 'ASO (App Store Optimization) watch feed. Gathers post containing ASO - related words. Add ""apptweak"" or ""app store optimisation"" in your skeet to have it included.']",95,5.0
291,19,291_democrats_protests_dcstatehood_cosponsor,"['democrats', 'protests', 'dcstatehood', 'cosponsor', 'gop', 'dems', 'democrat', 'acct', 'bills', 'senate']","['Most popular from House Democrats in the past 24 hours. Excludes top 5 (AOC, Crockett, Jeffries, Raskin, Swalwell).\nSee what messaging from lesser known voices is breaking through.', ""Senate Democrats betrayed you by granting the fascist GOP unanimous consent to speed along their nominations and bills. From day one of this regime they've been play acting like they don't understand how to use basic obstruction tactics.\n\nI haven't shut up about it."", 'These US politicians currently side with 100% of GOP pro JimCrow/KKK’s evil ongoing “no n****rs voting in the US Senate” US #23A “Compromise” tyranny, so refuse to cosponsor current #DCstatehood bills #HR51 & #S51.\n\nDems here who cosponsor #DCstatehood will be removed from here & added to “Big Dems”']",274,14.42
292,19,292_cd_blcd_taehyungyoongi_hanekawa,"['cd', 'blcd', 'taehyungyoongi', 'hanekawa', 'toonami', 'xuanyu', 'oshi', 'taejin', 'taegi', 'jujutsu']","['For all TAEJIN and JINV BRomance Witness with delulu Heart Mind and Soul, Lets be The TAEJIN moments witness TOGETHER ~ // Made at BlueskyFeeds.com', 'Feed for all things Mo Xuanyu from mdzs & cql.\n\nTo have a post show up in the feed use ""Mo Xuanyu"" or ""#moxuanyu"" in the original post or alt text of an image.\n\nAlso tracks the ships chengyu, sangyu, xueyu, xianyu, wangyu and yaoyu, if you have any you want me to add ask @skittishkittklk', 'This is a feed for all things JP drama CD, BLCD, and otome cd. 🚫AI/NFT Tags: DramaCD, otomecd, BLCD, ドラマCD, blドラマCD, シチュエーションCD, トークcd // Made at BlueskyFeeds.com']",121,6.37
293,19,293_finished_frostbyte_talky_protogen,"['finished', 'frostbyte', 'talky', 'protogen', 'done', 'iteration', 'squeaky', 'ive', '4th', 'rat']","['My finished art ~', ""Finished squeaky clean art by yours, truly.\n(Or art which I'm proud of)"", ""FrostByte, the 4th iteration of my Protogen\nHere's all his art ^^""]",26,1.37
294,19,294_archive_tab_differents_blush,"['archive', 'tab', 'differents', 'blush', 'bing', 'ate', 'vorish', 'moodboard', 'boing', 'allcaps']","['archive of our own', 'archive', 'Archive']",66,3.47
295,19,295_demitf_zoiteki_nsfw_bugoc,"['demitf', 'zoiteki', 'nsfw', 'bugoc', 'demitransformation', 'insectoc', 'mothoc', 'nsfwspicy', 'insectart', 'fea']","['Artists who tag their works with: #DemiTF #Demi-TF or #DemiTransformation will be automatically added to this feed!\n\nDO NOTE: NSFW AND SFW CONTENT WILL BE SHARED WITHIN THIS LIST!\n(Check moderation settings to hide/view NSFW content!)', 'Art by DefilerWyrm. Contains a mix of SFW and NSFW—spicy more often than not!\n\nContents may include kink, #terato (aka #monsterfucking), Critical Role & MCU #fanart, visual shitposting, gore, cute animals, works in progress, and a LOT of dicks & butts.', 'I want to see your bug OCs!\n\nFor now includes both sfw and nsfw\nYour post may appear here as long as it contains one of the following words either in the body or alt text:\n-bugart -insectart -bugoc -insectoc -mothoc -insectoid -lepidoptera']",143,7.53
296,19,296_test___,"['test', '', '', '', '', '', '', '', '', '']","['test', 'test', 'A test']",0,0.0
297,19,297_cancer_oncology_communicator_radonc,"['cancer', 'oncology', 'communicator', 'radonc', 'informed', 'research', 'treatment', 'clinical', 'breakthroughs', 'sommerhaus']","['Updates from oncology journals and publications. Stay informed on the latest cancer research, breakthroughs and clinical advancements.', 'Cancer Communicator | Cancer Conference Hub #CancerNews', 'Latest posts and discussions about Cancer.']",64,3.37
298,19,298_om_februarty_calisthenics_system,"['om', 'februarty', 'calisthenics', 'system', 'wife', 'alittle', 'bts2025', 'beatthestreak', 'babygirlmingyu', 'algorithmdriven']","['Simple feed that fetches recent posts related to Calisthenics. Does not require a hashtag to function.\nAvoids overlaps by only looking for the term ""Calisthenics"".', 'A feed gathering #Archaeology posts on theme days: #MosaicMonday | #TombTuesday | #ReliefWednesday | #HillfortsWednesday \n| #FindsFriday | #StandingStoneSunday\n\nProfile image: Lanyon Quoit, Cornwall (via Wikimedia Commons)', 'OM SYSTEM posts from the last 7 days using the hashtag #omsystem. Created by OM SYSTEM Ambassador Matt Suess, this feed is not officially sponsored by OM SYSTEM. @mattsuessphoto.bsky.social']",130,6.84
299,19,299_akaart_minuszerro_minusecko_yeyeye,"['akaart', 'minuszerro', 'minusecko', 'yeyeye', 'someting', 'contemporaryart', 'supercorp', 'raptor', 'fineart', 'greensciencebro']","['A feed for fine art. Use #fineart or #contemporaryart in post.', 'Someting something just a feed for my art yeyeye', 'Art feed compiling all my finished art across both my MinusEcko and MinusZerro accounts. :D']",75,3.95
300,19,300_askhistorians_juni_jreg_httpswwwgrazesocialfeeds1519,"['askhistorians', 'juni', 'jreg', 'httpswwwgrazesocialfeeds1519', 'flairs', 'centricide', 'blogosphere', 'metazoo', 'rwartmonth', 'hipstsersmoothiecom']","['A feed that shows when people use the remind me bot! (also a way for juni to go through and make sure its consistently working)', 'A feed that searches for posts containing #Rstats OR #Rspatial OR #Quarto OR #QuartoPub in English', 'a feed for everything related to the youtuber jreg (mainly centricide stuff)\nstill a wip']",201,10.58
301,19,301_tristantristangaylordcom_curates_automatically_creations,"['tristantristangaylordcom', 'curates', 'automatically', 'creations', 'excluded', 'issues', 'contact', 'works', 'adobe', 'any']","['A feed that curates any Adobe InDesign Creations tagged with #InDesign , #InDesignWorks , or ""InDesign"". AI works are automatically excluded.\n\nPlease contact tristan@tristangaylord.com for any issues.', 'A feed that curates any Adobe Audition Creations tagged with #AdobeAudition , #AuditionWorks , or ""Adobe Audition"". AI works are automatically excluded.\n\nPlease contact tristan@tristangaylord.com for any issues.', 'A feed that curates any Adobe Illustrator Creations tagged with #AdobeIllustrator , #IllustratorWorks , or ""Adobe Illustrator"". AI works are automatically excluded.\n\nPlease contact tristan@tristangaylord.com for any issues.']",35,1.84
302,18,302_cup_soccer_mls_eafc,"['cup', 'soccer', 'mls', 'eafc', 'womens', 'masl', 'essendon', 'messi', 'rugby', 'fifa']","['An attempt at an MLS feed that\'s strictly relevant to MLS and not just ""saw Messi today :)"" or ""MLS sucks, the WNBA is better"" or ""Magnus Carlsen is the Messi of chess"" or Miles Lewis-Skelly or other such rot', ""Women's rugby World Cup, 2025 rugby World Cup, #RWC25, rugby World Cup 2025, Wallaroos, Black Ferns, springbok women, red roses, others. Case insensitive."", ""Most WNTs (FIFA country code + WNT, eg ItaWNT IrlWNT GerWNT JamWNT EngWNT). International competitions eg Gold Cup, FIFA Women's World Cup, Women's Euros 2025, Women's Asian Cup, Women's Africa Cup of Nations. Matildas, Copper Queens, #coygig, #wgoldcup, #uwnl, WWC, women's soccer / women's football""]",949,52.72
303,18,303_fursuit_modemfuratronopticalmodem_fursuits_photos,"['fursuit', 'modemfuratronopticalmodem', 'fursuits', 'photos', 'taken', 'respectful', 'pics', 'photographs', 'softsuitingmurrsuiting', 'reiji']","['All of my fursuit pics!!', ""Feed of DrowsySeal's fursuit photos"", 'Photos of my fursuit!']",22,1.22
304,18,304_1963_acyclic_decades_figphy,"['1963', 'acyclic', 'decades', 'figphy', 'freeglass', 'sequential', 'wwwjonstubbingtoncom', 'nam', 'narration', 'paik']","['Paintings that look real made with real stuff.\nUse #FigPhy for inclusion.', 'Founded in 1963 by Nam June Paik; Media Art is only 6 decades old!', ""Artbooks focused on sequential storytelling and narration using an interplay of text and images. Not for concept art galleries or development, nor the 'making of'.""]",40,2.22
305,18,305_nr2003_bleach_aiart_ather,"['nr2003', 'bleach', 'aiart', 'ather', 'ashi', 'bennett', 'gorou', 'haum', 'yaotome', 'yuxyosuke']","['Tags for the pairing Gaku Yaotome and Tsumugi Takanashi from IDOLiSH7!\n\nTags used: 楽紡, gakutsumu, 가쿠츠무, 갘씀, 갘츰, がくつむ\n\n(still practicing how to make feeds ;w;)', 'Yes, I fell for the lab-grown doomed yaoi, goddammit. Phaidei and Myphai both accepted.\n\nFeed dedicated to the HSR ship of Phainon and Mydei.', 'Ather BL ships.\n\nUse #tags from Shipping Wiki. Not familiar with other variations so write to me to include more. Excluded Bennett, Razor, Xingqiu, Mika, Gorou.\n\nNew tags will be added as time comes.\n\nOpt out with #Private or #NoFeed']",174,9.67
306,18,306_bara_typically_warcraft_profile,"['bara', 'typically', 'warcraft', 'profile', '3d', 'very', 'gay', '18', 'ocs', 'publicart']","['A feed of Vulpera from my profile; I create 3D fan ""art"" of World of Warcraft OCs. Content is typically 18+, NSFW, bara, and very gay.', 'A feed of Goblins from my profile; I create 3D fan ""art"" of World of Warcraft OCs. Content is typically 18+, NSFW, bara, and very gay.', 'A feed of Humans from my profile; I create 3D fan ""art"" of World of Warcraft OCs. Content is typically 18+, NSFW, bara, and very gay.\r\n\r\nAlso includes creations by ak0.']",212,11.78
307,18,307_games_hearthstone_idol_conquer,"['games', 'hearthstone', 'idol', 'conquer', 'golden', 'nintendo', 'command', 'game', 'pulled', 'defense']","['Fantasy consoles are virtual game systems with fixed specs—tiny resolution, limited colors, small memory—that mimic retro hardware. They bundle editors for code, art, and sound, enforcing constraints that spark creativity and make sharing small, nostalgic games easy.', 'Feed for all Nintendo!\n\nJust tag ANY Nintendo Game, Console, or Character.\n\ntags #:\nNintendo, NintendoSwitch, Wii, Pokemon, Zelda, Pikachu, Mario, Luigi, Gameboy, AnymalCrossing, FireEmblem, ニンテンドー, and many many more!', 'Fan-made feed for the Golden Idol series of detective/mystery games by Color Gray Games. | The CASE of the Golden Idol | The RISE of the Golden Idol | The Sins of New Wells DLC | Detective Pass']",71,3.94
308,18,308_cry_devil_tiktok_youtube,"['cry', 'devil', 'tiktok', 'youtube', 'comedy', 'adcu', 'adamdriverart', '1282024', 'testbot2060', 'zigcomputer']","[""This is a feed for people who love Living Machines.\nRegEx Edited 12-8-2024, View source code in SkyFeed to see the Post Text and Alt Text Matches. It's not perfect, but it gets most posts.\nTo suggest a match word, message testbot2060"", 'A feed for the rats!\n\nIncludes posts & replies tagged #adamdriver #adamdriverart #adcu #bensolo.\n\nCovers the last 7 days (Skyfeed limit).', 'Quick and dirty Devil May Cry feed. Looks for posts with the phrases ""Devil May Cry,"" ""#devilmaycry,"" or ""dmc"" along with certain keywords.\nManaged by @darkwingspartan.bsky.social\nBuilt with https://skyfeed.app/']",6955,386.39
309,18,309_bsky_angelosarts_artnudephoto_favors,"['bsky', 'angelosarts', 'artnudephoto', 'favors', 'nonbsky', 'malecfic', 'malecart', 'httpwwwmugwumpstudioscom', 'httpsbskyappprofilespiritcrowartbskysocialfeedaaaas7iqi64ks', 'httpscolacanvascom']","['Shadowhunters Fic and Art Feed\r\n\r\nTag your work and fic recs with #shadowhuntersfic #shadowhuntersart #malecart or #malecfic to appear in the feed!\n\nBlueskyFeedCreator.com', 'An ever-growing list of all the artist on bsky! If you feel that yourself or someone else should be included, tag me with an example and I’ll add you!  use 🎨 or #bskyart for posts to show in feed- tag list is being expanded, hold on tight spider monkey', ""This is a feed for (fine) art nude photography, filtering for tags with the following parts in common combinations:\n\nfine\nart\nnude\nphoto(graphy)\n\nE.g., #artnudephoto.\n\nIt keeps out posts that have been labeled by bsky as 'graphic-media' and favors posts with #noporn.\n\nit's time windows is 3 days.""]",403,22.39
310,18,310_latex_groping_regressors_kinks,"['latex', 'groping', 'regressors', 'kinks', 'suggestive', 'diapers', 'expressions', 'contains', 'regular', 'sexual']","['SFW Furry art (some suggestive).\n\nThis feed shows posts with images using keywords such as ""furry,fursuit,furries"" and excludes anything NSFW (either if it\'s labeled or contains NSFW keywords like kinks).\nMay have some non furry stuff ocasionally due to the word ""furry""\n\nIcon by Pixelyte', 'SFW age regressors, carers, flips, and pet regressors only!!! \r\n\r\n!! no kink, fetish, or sexualization allowed !! \r\n\r\nkeep it as friendly and as censored as possible. this is a safe place for those wanting to relive their childhood & those that use regression as a coping mechanism or escape.', 'Images featuring latex\nRegular Expressions used: latex, SqueakySaturday, SqueakySunday, RubberFur\nRegular Expressions removed: #ai, Liquid Latex, gum, ads, onlyfans, phobia, LaTeX (case sensitive)']",244,13.56
311,18,311_audiobooks_let_romance_know,"['audiobooks', 'let', 'romance', 'know', 'us', 'using', 'your', 'achilleanmm', 'bipocracialized', 'achilleanaudiobook']","['Do you love listening to audiobooks? This is a place to share great audiobooks, get new recommendations, and find out about titles. Please do not spam or self-promote.', 'Let us know about your spicy audiobooks by using #spicyaudiobook in your posts!', 'Let us know about your horror audiobooks by using #horroraudiobook in your posts.']",57,3.17
312,18,312_asdf_fuck_woo_asd,"['asdf', 'fuck', 'woo', 'asd', 'foof', 'fuckem', 'astsrelated', 'astanonymous', 'oldschoolcool', 'wag']","['asdf', 'asdf', 'Relive the nostalgia! \n\n🌟 Dive into the top #oldschoolcool posts from the past 3 days, handpicked and sorted by the highest like counts. From vintage vibes to timeless treasures, see what’s captivating the community today!']",56,3.11
313,18,313_apps_apple_arxiv_ii,"['apps', 'apple', 'arxiv', 'ii', 'devs', 'aipics', 'microcomputers', 'openreview', 'rhetcomp', 'personalisation']","['BlackTechSky - BlackTech Feed : Devs, Instructors, Authors, Vloggers, DevOps, AI/ML', 'In this feed, we collect posts from and about rhetoric and composition. We use #TeamRhetoric, #RhetComp, #CompRhet, and #WritingStudies to gather posts.', 'AI User Forum — Follows #aiuser  Not for devs, pros or AI-art. Discussion group for the personal user ONLY. If you find ChatGPT et al to be a fascinating (perhaps unsettling) and growing presence in your life. A safe place to bitch, boast & pose questions. AI-pics and haters will get blocked.']",254,14.11
314,18,314_baseball_covering_media_sox,"['baseball', 'covering', 'media', 'sox', 'marlins', 'diamondbacks', 'padres', 'nationals', 'astros', 'braves']","['Baseball media covering the Mets', 'Baseball media covering the Tigers', ""Baseball media covering the A's!""]",3,0.17
315,17,315_legacy_his_memorable_iconic,"['legacy', 'his', 'memorable', 'iconic', 'httpsbluefactsappfeedbuilder', 'create', 'actor', 'celebrating', 'kelly', 'career']","['Celebrating the legacy of Patricia Routledge, including her iconic role as Hyacinth Bucket in Keeping Up Appearances and her distinguished stage and screen career.\n\nCreate your own feed with https://bluefacts.app/feed-builder', 'Posts about actor Terrence Stamp, his films, iconic quotes, and memorable roles. Includes tributes, performance highlights, and memorable movie moments.\n\nCreate your own feed with https://bluefacts.app/feed-builder', 'Henry Kelly, the well-known broadcaster and host of the quiz show ""Going for Gold,"" has passed away at the age of 78. His family confirmed the news, highlighting his significant contributions to television. Kelly was also recognized for his earlier work on shows like ""Game for a Laugh.""']",750,44.12
316,17,316_test_testy__,"['test', 'testy', '', '', '', '', '', '', '', '']","['test', 'test', 'Test']",1,0.06
317,17,317_toontown_hogd_katmai_365,"['toontown', 'hogd', 'katmai', '365', 'drive', 'challenge', 'brookscamp', '4pt5mt6ct7et', '30wordthursday', 'gratefultoday']","['Use #katmai #fatbearweek #brooksfalls #brookscamp or mention Katmai keywords\r\n\r\nPlease ❤️ this feed! 🧸', ""Practicing gratitude transforms our perspective, and helps us keep focused on the positive things in life. 💡 Share 1 thing you're grateful for every day & connect with others finding joy in the little things. Use #GratefulToday to join the movement and spread positivity!"", ""The ULTIMATE Toontown Feed!\r\n\r\nAdd it now to see NEW posts about Toontown Rewritten, Corporate Clash, Grindworks, Event Horizon, ToonFest, and #Toontown Online!\r\n\r\nIt's extremely comprehensive, clean, and prioritizes original posts. It's the best way to Toon-up your timeline! Welcome to toon town!""]",485,28.53
318,17,318_reposts_shadowrun_sk8_regular,"['reposts', 'shadowrun', 'sk8', 'regular', 'alot', 'baragge', 'stuf', 'notifs', 'mikenyan', 'reposted']","[""Feed to focus down updates so it doesn't get mixed in with all my other reposts and stuf, because I repost alot."", 'just a feed without any reposts', 'Feed for mentions of ""shadowrun"" or ""#shadowrun"", range of 7 days sorted by latest, excludes reposts.']",45,2.65
319,17,319_testing_checking_just_idk,"['testing', 'checking', 'just', 'idk', 'rq', 'srry', 'correct', 'how', 'figuring', 'im']","['just testing', 'Just testing', 'Just testing']",6,0.35
320,17,320_oc_hawkworld_lore_ocs,"['oc', 'hawkworld', 'lore', 'ocs', 'changeline', 'izlumis', 'hyperion', 'batlive', 'aquabluetoons', 'aquablueocs']","['Feed of my Changeline Ola, a lore bard for the Sibylla Academy PBP', 'Oshawott, Dewott and Samurott content.\n\n""They Way of the Wott cannot merely be given away.""', ""A feed specifically for my oc story Cross Moon and its associated characters. It's a fantasy story featuring my prince oc Cora and his secret double life as the thief Arrow Maraud.""]",22,1.29
321,17,321_detection_topic_based_httpsrobinfeedcom,"['detection', 'topic', 'based', 'httpsrobinfeedcom', 'robinfeedpick', 'generator', 'rust', 'robinfeed', 'slip', 'topics']","['topic detection based feed', 'topic detection based feed', 'topic detection based feed']",94,5.53
322,17,322_searching_entire_matching_network,"['searching', 'entire', 'matching', 'network', 'jamaican', 'last', 'days', 'jamaicanfood', 'flutterdev', 'building']","['Searching entire network for just posts with images, from last 7 days, matching most things Jamaican food (Jamaicanfood).', 'Searching entire network for just posts, from last 7 days, matching most things Jamaican food (Jamaicanfood).', 'Searching entire network, for only posts from the last 7 days, matching results related to natural building.']",7,0.41
323,17,323_bigotry_stolen_vander_arcane,"['bigotry', 'stolen', 'vander', 'arcane', 'shipping', 'allowed', 'ffxiv', 'silco', 'vanvik', 'vanco']","['A curated feed for shipping Silco and Viktor from Arcane, also known as Vilco. No AI, stolen work, or bigotry of any kind allowed 🏳️\u200d⚧️🏳️\u200d🌈', 'A curated Feed of posts related to shipping Vander and Silco from Arcane. Collecting posts tagged: zaundads, vanco, silcovander, and vandersilco. No AI, stolen art, or bigotry allowed 🏳️\u200d⚧️🏳️\u200d🌈 Contains NSFW 18+ content 🔞', 'A curated feed for shipping Vander and Viktor from Arcane, also known as VanVik. No AI, stolen work, or bigotry of any kind allowed 🏳️\u200d⚧️🏳️\u200d🌈']",456,26.82
324,16,324_xenosaga_xs1_xs2_xs3,"['xenosaga', 'xs1', 'xs2', 'xs3', 'uzuki', 'webcomics', 'stained', 'bleached', 'fancomic', 'sister']","[""A place for hunters to come and gather to accept their next quests, to tell their tales and to share good memories.\n\nThe hashtags used are:\n#MonsterHunter #MonHun\n\n(Monster Hunter Feed for gameplay, annoucements, Art, etc). Keep it SFW and pls, MH related :')"", ""Feed for the pages of the Stained and Bleached fancomic.\n\nSplatoon: Stained and Bleached is a fancomic starting at end of Octo Expansion, following Agent 3 Sanjay's sanitisation and the far reaching consequences it has."", 'Feed for everything Xenosaga.\r\n(old feed, but it still works I guess?)\r\nTags: Xenosaga, ゼノサーガ, XS1, XS2, XS3, XSPiedPiper\r\n\r\nKeywords: Xenosaga, ゼノサーガ, XS1, XS2, XS3, XS Pied Piper, KOS-MOS, Shion Uzuki, Jin Uzuki, MOMO Mizrahi, Ziggurat 8, URTV']",93,5.81
325,16,325_internalonly_inner_circle_only,"['internalonly', 'inner', 'circle', 'only', 'there', 'art', 'on', 'the', '', '']","['[ART ONLY]', 'art only', 'The inner circle.']",6,0.38
326,16,326_kickstarter_crowdfunded_categories_firstgen,"['kickstarter', 'crowdfunded', 'categories', 'firstgen', 'crowdfunding', 'faculty', 'being', 'games', 'hardware', 'higher']","['Music projects being crowdfunded on Kickstarter.\n\n\nPosts and threads that contain a link to a Kickstarter project in these categories: Music, Chiptune, Classical Music, Country & Folk, Electronic Music, Hip-Hop, Indie Rock, Jazz, Metal, Musical, Rock, World Music', 'Tabletop games and RPGs being crowdfunded on Kickstarter.\n\n\nPosts and threads that contain a link to a Kickstarter project in these categories: Tabletop Games, Games', 'Video games and hardware being crowdfunded on Kickstarter.\n\n\nPosts and threads that contain a link to a Kickstarter project in these categories: Video Games, Gaming Hardware, Games']",61,3.81
327,16,327_usl_ufl_wnba_xfl,"['usl', 'ufl', 'wnba', 'xfl', 'league', 'usfl', 'softball', 'vleague', 'uslsl', 'usls']","[""USL Super League - D1 women's pro soccer (woso). Picks up USLSL or USLS, location + team name (eg Carolina Ascent, Spokane Zephyr, Dallas Trinity) or name + suffix if apt eg Zephyr FC. Some hashtags including #usls, #uslsl, #USLSuperLeague, etc. Case insensitive. First posts only (not replies)."", '🏈⚡ Top trending conversations about the United Football League (UFL), its unique legacy anchored in the XFL and USFL, and the evolution of spring football.', '🏈 Posts about the United Football League (UFL), its unique legacy anchored in the XFL and USFL, and the evolution of spring football.']",1731,108.19
328,16,328_gayleather_gaybiker_gay_porn,"['gayleather', 'gaybiker', 'gay', 'porn', 'facefuck', 'leathergay', 'leathermen', 'fuckpig', 'leatherfetish', 'leatherboy']","['An age verified feed for purveyors and posters of pink porn, soft pastel lewdity, and hot pink kink <3\r\n\r\nTo appear in the feed ask to be added to the list and use #pinkgonewild, #pinkporn, or #pinklewd on the posts you want to appear!', 'Gay. Some NSFW contents.\n\nthe Toms of Finland, the BLUFs, the booted cigar smokers … you get the idea.\n\nTo get your stuff on the feed, just use gayleather in your post. Other stuff covered includes, eg, leather socials, gaybiker, muircap, leatherdaddy, gaycuir, etc.\n\nTrying to exclude AI, spammers', 'Feed of gay leather & gay biker content. \nFor you into: gayleather, leathermen, leatherfetish, leatherboy, leatherman, leathergay & gaybiker stuff\n#gayleather #leatherboy #leatherman #leathermen #leathergay #gaybiker #leatherdaddy #leathermaster #leatherdom #leatherfetish #leatherpride #Folsom']",502,31.38
329,16,329_melbourne_naarm_australia_gymternet,"['melbourne', 'naarm', 'australia', 'gymternet', 'gymnerds', 'scottish', 'gymnastics', 'independence', 'lockwoods', 'outdoorplay']","['Anything Melbourne (Australia)', 'A feed about Naarm Melbourne, Australia\n\nUse #Melbourne or #Naarm to have your post captured by the feed', 'Posts about Melbourne, Australia (Naarm)']",302,18.88
330,16,330_bee_bonsai_bees_propolis,"['bee', 'bonsai', 'bees', 'propolis', 'nutritious', 'narrowboats', 'beekeeping', 'trees', 'leading', 'unhealthy']","['A curated feed for sharing stories, photos, and news about bees. Use #bee #bees or the bee emoji to add your content, after you have been added as a registered contributor.', 'Take a scroll through The Bee Garden!  Share beekeeping knowledge and inspiration through pictures using tags like #bee and #bees!', 'For beekeepers, honey bee researchers, free living bee enthusiasts, etc.,.\r\nCurrently searching apiary, #bee, bees, beekeeper, beekeeping, apis mellifera, honeybee, hive, Warré, 🐝, #freelivingbees, #naturalbeekeeping, #treatmentfree, #propolis, propolis, #beewashing, #rentahive']",170,10.62
331,16,331_delphinidynes_sona_sonas_moas,"['delphinidynes', 'sona', 'sonas', 'moas', 'luyene', 'sacchis', 'smtiva', 'smtiv', 'smtv', 'thistle']","[""NSFW Art of my sona's~"", 'art of my sona', 'Art of my sona']",228,14.25
332,16,332_michigan_sports_spartans_bears,"['michigan', 'sports', 'spartans', 'bears', 'msu', 'ucla', 'huskers', 'royals', 'athletics', 'nebraska']","['Michigan Sports accounts in one place', 'Catches keywords ""MSU"" ""Spartans"" ""v4msu"" ""Michigan State"" ""sparty"" and ""gogreen"" Will also catch barstool spartans, spartans illustratd, Graham Couch, and Chris Solari. Omits anything from rawchili because it\'s so link-baity. Let me know what other words or accounts I should add.', 'Michigan Sports']",45,2.81
333,16,333_ttrpg_dungeon_apocalypse_pathfinder,"['ttrpg', 'dungeon', 'apocalypse', 'pathfinder', 'jackbox', 'masquerade', 'shadowdark', 'blades', 'stress', 'crawl']","['My TTRPG project, Embrace of the Depths, is a zombie apocalypse survival game made on the Year Zero Engine. It has monstrous squids, zombies that can swim, horror, and stress, lots and lots of stress.', 'Non-D&D, non-Pathfinder TTRPGs, including:\n\n- Blades in the Dark\n- Call of Cthulhu\n- Dungeon Crawl Classics\n- Dungeon World\n- Knave\n- Powered by the Apocalypse\n- Old School Renaissance\n- Shadowdark\n- Traveller\n- Vampire: the Masquerade\n\nAmong others.', 'A comprehensive TTRPG feed, including:\n\n- Blades in the Dark\n- Call of Cthulhu\n- Dungeons & Dragons\n- Dungeon Crawl Classics\n- Dungeon World\n- Pathfinder\n- Powered by the Apocalypse\n- Old School Renaissance\n- Shadowdark\n- Starfinder\n- Traveller\n- Vampire: the Masquerade\n\nAmong others.']",1261,78.81
334,15,334_potato_vroom_vr_tfidf,"['potato', 'vroom', 'vr', 'tfidf', 'aac', 'augmentative', 'idiocy', 'vresearch', 'vracademicsky', 'timelinebeautification']","['potato facts and recipes', 'Welcome to the Potato shop!', 'potato']",136,9.07
335,15,335_sights_rivers_cities_skeets,"['sights', 'rivers', 'cities', 'skeets', 'filtered', 'matches', 'river', 'unrelated', 'schleswigholstein', 'mecklenburgvorpommern']","['Skeets about Thüringen/Thuringia, filtered by cities, rivers, and sights.', 'Skeets about Schleswig-Holstein, filtered by cities, rivers, and sights', 'Skeets about Hessen/Hesse, filtered by cities, rivers and sights']",4,0.27
336,15,336_pokemon_tcg_kagehina_hellaverse,"['pokemon', 'tcg', 'kagehina', 'hellaverse', 'colosseum', 'moxxieimpbskysocial', 'pokemoncolosseum', 'paladinknightprimebskysocial', 'galeofdarkness', 'kghn']","['HAZBIN HOTEL and HELLUVA BOSS related content\nハズビンホテルとヘルヴァボスについての投稿\n\nOther feeds to check!\nHellaverse (Best of)\nHellaverse (Random)\n\nLooks for hashtags, pairings... / Adds selected content from @moxxie-imp.bsky.social / 🔞 included (with CW) / Disable your language filter to see all content!', 'A feed for all content related to Pokemon Colosseum and Gale of Darkness. Follows tags #pokemoncolosseum, #orre, #pokemonxd & #galeofdarkness', 'A feed for everything pokemon from VGC ,TCG, GO, Unite even some others like pokemon TCG pokemon, pokemon sleep and more as needed and suggested \nCreated by @paladinknightprime.bsky.social\n // Made at BlueskyFeeds.com']",205,13.67
337,15,337_youve_seen_fresh_reposted,"['youve', 'seen', 'fresh', 'reposted', 'before', 'version', 'development', 'liked', 'under', 'still']","[""Your Following feed but without posts you've liked, reposted, or seen before.\n(can only track posts you’ve seen from using any version of the Fresh feed)\nFiltered to only show replies\n\nstill under development"", ""Your Following feed but without posts you've liked, reposted, or seen before.\n(can only track posts you’ve seen from using any version of the Fresh feed)\nFiltered to only show posts that are at least 9hrs old\n\nstill under development"", ""Your Following feed but without posts you've liked, reposted, or seen before.\n(can only track posts you’ve seen from using any version of the Fresh feed)\nFiltered to only show posts that are at least 9hrs old. Includes replies\n\nstill under development""]",124,8.27
338,15,338_bots_infosec_christmas_anxious,"['bots', 'infosec', 'christmas', 'anxious', 'minhyuk', 'monsta', 'gifts', 'bot', 'btob', 'grepping']","['This is the feed for participants in #YayAdvent and #YaySwap. 10/10 archivists agree that exchanging festive gifts makes for a fantastic holiday season.', 'Simple feed tracking Monsta X and the members (not tracking Minhyuk because of his namesake from BTOB, if you post about Minhyuk, make sure to tag Monsta X as well to show up in the feed).', ""This finds bots. Hardware and software...\nEnglish with no p0rn, spam or maga\n\nMostly...\n\nIt's hard to get robots with so many alts and those bots.\n\nI don't include bots now. Too many bots.""]",111,7.4
339,15,339_commission_commissions_openings_littlelightcommissionscarrdco,"['commission', 'commissions', 'openings', 'littlelightcommissionscarrdco', 'updatesinfo', 'trellocombdqpaiazy', 'condensed', 'lucabusiness1010gmailcom', 'trello', 'info']","['This is a feed specifically made to keep all commissions and commission related announcement posts made directly from my account all condensed into one space!\n\nThank you for stopping by!', 'A feed for my commission info, openings, and finished commissions.', 'feed of my commission works and commission updates/info, tagged with the word ""commission""']",19,1.27
340,15,340_wthe_thx_dreams_nsfwpolitical,"['wthe', 'thx', 'dreams', 'nsfwpolitical', 'slip', 'responsible', 'taco', 'burger', 'though', 'pie']","['Posts w/the word burger in ALT text. Note the image may not always be a burger or burger ingredients. Though you may find the burger of your dreams. NOT responsible for any NSFW/political images that slip by.\n\nShare with others if you enjoy! THX', 'Posts w/the word pie in ALT text. Note the image may not always be a pie or pie ingredients. Though you may find the pie of your dreams. NOT responsible for any NSFW images that slip by.\n\nShare with others if you enjoy! THX', 'Posts w/the word pizza in ALT text. Note the image may not always be pizza. Though you may find the pizza of your dreams. NOT responsible for any NSFW/political images that slip by.\n\nShare with others if you enjoy! THX']",24,1.6
341,15,341_vinyl_records_vinylcommunity_compact,"['vinyl', 'records', 'vinylcommunity', 'compact', 'vinylsky', 'vinylcollection', 'collectors', 'record', 'nowspinning', 'disc']","['Pin to Home & Like this feed if you are into vinyl.\n\nVinyl Community covers (almost) all aspects of records, turntables, and record stores. Share your hobby with the world and make some new friends.\n\nNo hashtags required. No reposts and replies in the feed. AS IS!\n\nFeel free to report any problems.', 'A feed dedicated to all things vinyl. Share the latest releases, classic finds, album reviews, and the joy of collecting records. For music lovers and vinyl entusiasts alike.', 'Vinyl Enthusiasts']",540,36.0
342,15,342_xadanny_partnet_magicals_steelbooks,"['xadanny', 'partnet', 'magicals', 'steelbooks', 'delve', 'wether', 'place', 'organised', 'refs', 'distractions']","['Just a place where I can save posts by artists using my photos as art refs because they bring me so much joy to look at <3', 'An amazing place to share your love for steelbooks wether it be movies or gaming.', 'A place to share all my art about an original story about Magicals Im making with my partnet @xadanny']",80,5.33
343,15,343_conservation_customers_motivation_advice,"['conservation', 'customers', 'motivation', 'advice', 'wisdom', 'contributor', 'humans', 'davehbbskysocial', 'edugym', 'handsoffmyporn']","['Stepping into the world of sales? \r\n\r\nStart strong with expert advice, step-by-step guides, and encouragement tailored to those just beginning their journey. 💡\r\n\r\n Learn how to communicate effectively, build trust with customers, and close deals like a pro!\n\nBlueskyFeedCreator.com', 'Everything relating to conservation, including science, policy, advocacy, and news. Ask to be added as a contributor. In your posts to the feed, include the dodo emoji 🦤, ""conservation"", or ""#conservation"".', 'The Humans Are Greater (Than Money) feed delivers succinct bites of wisdom, insights, advice, and motivation.  \n\n#wisdom #insights #advice #motivation #inspiration #values #purpose #lifequotes\n#bluesky #HumansAreGreaterThanMoney #Humans>$']",1676,111.73
344,15,344_httpsbskyappprofileeventsforgamersbskysocial_industry_vegas_convention,"['httpsbskyappprofileeventsforgamersbskysocial', 'industry', 'vegas', 'convention', 'gamers', 'events', 'gu', 'keele', '119th', 'aboutbsky']","['Feed of game industry convention activity on Bluesky. For conferences and other related industry events, see other feeds by Events for Gamers: https://bsky.app/profile/eventsforgamers.bsky.social', 'The first and ONLY BlueSky feed for Creation Entertainment’s STLV: Trek to Vegas Convention (Brought to you by BQN)', 'ACLU (official looking) National & Chapter Accounts on BlueSky ""by NP"".\n\nMissing 6 states: AL many-IL UT many-CA AK HI, & 5 US territories PR GU MP VI AS.']",57,3.8
345,15,345_political_civictechsky_bruised_construed,"['political', 'civictechsky', 'bruised', 'construed', 'reenlightenmentenbskysocial', 'resistors', 'polinedit', 'polidog', 'poltheory', 'polphilosophy']","['This feed highlights content from leftist creators, mutual aid organizers, activists, labor voices, socialists, progressives, and others working toward collective liberation.', 'A feed for all things political theory and political philosophy\n\nTo post use #poltheory #polphil #polphilosophy #polphilsky #PTsky', 'Social work is political starter pack: memes about capitalism, burnout rants, ethics code receipts, a mild caffeine addiction, and daily reminders that neutrality is oppression in a cardigan.\n\nBlueskyFeedCreator.com']",148,9.87
346,15,346_attacks_intersex_swap_fcf,"['attacks', 'intersex', 'swap', 'fcf', 'force', 'gender', 'characterss', 'intersexists', 'fetishize', 'httpsbskyappprofiledidplccqzcdnqxhouk3bksebgtqwltlists3lbjqlsv7zq23']","['All posts from the last week with images that contain ""gender swap"", ""gender bent"", ""force femme"" or ""force masc"" in their alt-text description.', ""A feed for all my ArtFight 2024 attacks. Character(s)'s name for each attack is there as ALT text.\nI'll try my best to @ anybody on Bsky when possible, otherwise I'll just link an alternative to check them out!\nI'll post the attacks +2 days after the actual attacks so people can yell before posting"", 'Only FCF / FGF posts that contain pictures\n\nCheck out my ""All Bsky NSFW Theme Days Plus"" feed - a single feed containing FCF, Monochrome Monday, Tummy Tues, Hump Day, Fursday, Softie Sat, plus a whole lot more!']",2239,149.27
347,15,347_bark_toy_thriller_marked,"['bark', 'toy', 'thriller', 'marked', 'theyre', 'poses', 'mind', 'fantasy', 'owl', 'toys']","['(18+) Posts about fantasy toys and from fantasy toy creators', '18+ NSFW dong feed from fantasy toy enthusiasts. This feed is comprised of people who collect / post fantasy toy related content. This feed is unfiltered which means their non-toy posts will also show up here. If you want to be added just ask!', ""Feed about thriller bark!\nIf your post contains the words Thriller bark, Gecko Moria, Thriller bark pirates, or #Thrillerbark, it's going to end up here\nTW: some posts here may be NSFW""]",308,20.53
348,15,348_translation_french_cinema_a11,"['translation', 'french', 'cinema', 'a11', 'cypher', 'fe4', 'hight', 'diffsingerfr', 'copycats', 'buttmonkeys']","['For academics and researchers in Translation Studies', 'A feed for translators and interpreters\n\nAdd #xl8 or #translation to your posts to be included in this feed\n\n#translating #interpreting', 'Works best while reading this *in hilarious fake french accent* ... ever seen just one part of the film or movie or TV series that is the very essence of what it is? or how it relates to the real world? ah . . . welcome to OhLALA ......  ( Oh la la , no spaces, those are imitation copycats boo hoo)']",95,6.33
349,15,349_theyre_than_ugh_menances,"['theyre', 'than', 'ugh', 'menances', 'argument', 'salted', 'break', 'undomondo', 'meditations', 'hmmm']","['Because I need to move more in order to get the silly little happiness chemical in my brain (ugh).\n\nMostly walks and dance routines!', 'Moments of humor and zen.  Pretty pictures, cute animals, silly humans.  Meditations to gay pun menances.  No politics so you can take a break.', ""Stuff that's more good than bad, and more positive than negative, and more conversation than argument. meant to keep your nervous system chill while keeping you up to date.""]",81,5.4
350,15,350_morning_good_wishing_morningers,"['morning', 'good', 'wishing', 'morningers', 'mosted', 'liked', 'thingies', 'afternoon', 'maeve', 'burrito']","['(Mostly) people saying good morning.', 'My Good Morning Posts', 'good morning posts']",32,2.13
351,15,351_20_trending_follow_tomoko,"['20', 'trending', 'follow', 'tomoko', 'char', 'xedbskysocial', 'activity', 'replies', '30', 'losers']","['Posts with recent reply activity and more than 20 replies.', 'Posts with comment activity within the last 30 minutes and also have between 3 and 20 replies.', 'Posts with 20 or more replies (by people not the OP) in the last 48 hours, ordered by number of 100+ char replies. (Credit to @xed.bsky.social for the idea.)']",5128,341.87
352,15,352_spot_art_viewing_my,"['spot', 'art', 'viewing', 'my', 'easy', 'artwork', 'feed', 'one', 'own', 'in']","['My art feed!', 'my art feed!', 'My art feed! all my art in one spot, for easy viewing.']",29,1.93
353,15,353_place_one_ashess_nanites,"['place', 'one', 'ashess', 'nanites', 'spot', 'art', 'in', 'easy', 'all', 'my']","['All my art in one place!', 'All my art in one place!', 'All my art in one place!']",52,3.47
354,14,354_genx_reposting_apolocheese_coolhands,"['genx', 'reposting', 'apolocheese', 'coolhands', 'eepymix', 'onlynoko', 'homestuckrelated', 'dosay', 'katamaris', 'v106']","['A special feed featuring only my posts if people want to have a cleaner view of what I make and do/say (my reposting habit is too strong lol ^^;)', 'Hot Homestuck posts over the past 7 days (with 10k post retention.) Searches for homestuck-related terms and filters out AI, NFTs, and posts with < 15 likes (to optimize search speeds).', 'Unreal Engine feed. Look for ue4, ue5, unrealengine. Filters out replies, reposts and under 3 likes']",123,8.79
355,14,355_syria_syrian_nato_units,"['syria', 'syrian', 'nato', 'units', 'protection', 'east', 'damas', 'damascus', 'bashar', 'syrie']","['Keyword based feed to follow events in Syria.', 'Private feed to track Syria updates.', 'Latest posts on Syria']",110,7.86
356,14,356_bsky_bilvyy_alhs_brushys,"['bsky', 'bilvyy', 'alhs', 'brushys', 'bskytan', 'amymanddybskysocial', 'warframeart', 'lemonsterbskysocials', 'httpsbilvyycom', 'httpswwwfuraffinitynetgalleryvimes']","['This is where I post my art on bsky!', 'all of the art I post on bsky!', 'A feed for you to see all the wonderful Warframe related art on Bsky! For your post to appear, tag it with #WarframeFanart, #WarframeArt, #WarframeCaptura or #Captura!']",30,2.14
357,14,357_promoted_mastodon_economy_chatbiology,"['promoted', 'mastodon', 'economy', 'chatbiology', 'bipocwitch', 'mitochondria', 'eurocentric', 'bipocspiritual', '830pm', 'anbd']","['Official account of apps & services built for the Fediverse network and/or on top of the ActivityPub protocol.\r\n\r\n(Often inaccurately referred as: ""Mastodon [social] network"". (Mastodon® is a software, not an SNS.))\r\n\r\n- Curated\r\n\r\nPowered by Graze.social.', ""A place to talk about spirituality, cultural identity, other forms of spiritual practices connected to BIPOC \nindividuals. those who don't do the mainstream Eurocentric ways.\n\nMake sure to use #bipocwitch or #bipocspiritual to guarantee your post pops up in this feed"", 'GitHub Gist provides a stream of publicly shared code snippets, notes, or files from various users, often revealing hidden gem code that offers creative solutions or unique insights.']",23813,1700.93
358,14,358_erotica_sexspace_porn_cocks,"['erotica', 'sexspace', 'porn', 'cocks', 'rr34', 'balls', 'onlyfans', 'depository', 'dom', 'ezmccainbskysocials']","['Gay porn, gay onlyfans creators, hard cocks, male asses', 'The deepest of deepthroating - past the throat barrier, balls deep, throatpies, etc.', 'A corner of sanity in this crazy old world where you can relax and enjoy sexy stories, smut and kinks!\n\nUse #erotica to add your contribution.']",388,27.71
359,14,359_skeetjane_viz_quinn_cal,"['skeetjane', 'viz', 'quinn', 'cal', 'bookmarkitbskysocial', 'chromatowskibskysocial', 'httpsbskyappprofilehandleinvalidfeedaaacpvvqoz3s2', 'getreal', 'httpsbskyappprofiledidplcir3rvcuvlauvobppbzvuep5vfeedaaabcena2nv3i', 'derekcdesignbskysocial']","['Top ranked posts in the last seven days on the readingfc tag. UTD.\n\nRanking is ""HN Ranking"", not most liked... Just testing it out.\n\nAlso check out the Latest feed for most recent posts:\nhttps://bsky.app/profile/handle.invalid/feed/aaacpvvqoz3s2\n\nI\'ll do my best to moderate hashtag spam.', 'Anything related to Cal and/or Quinn! \nCal belongs to @derekcdesign.bsky.social\nQuinn to me!', 'This feed captures all posts with #skeetjane or ""skeetjane"". You can use it to follow the conversations around @sbarolo.bsky.social and @shrewshrew.bsky.social \'s live-watches of the BBC 1995 miniseries of Pride and Prejudice, and other Jane Austen-related liveskeets they occasionally host.']",234,16.71
360,14,360_humor_expects_aemond_expiry,"['humor', 'expects', 'aemond', 'expiry', 'gaycest', 'jamberee13s', 'iconfused00', 'testimonial', 'lucerysluke', 'lucemond']","['Most of these are well past the expiry date. Should probably toss the lot.', 'iConfused0_0: Humor in Raw Truths, Random Thoughts, and Unfiltered Vibes. Follow, Have Fun, Comment, and Repost!', ""keywords: lucemond, lucerys/luke & aemond\nincludes all posts from the last 3 days, chronological order, no exclusions.\n(if it's not updating with new posts, check back later; skyfeed glitches occasionally)""]",56,4.0
361,14,361_kaeluc_aiartstablediffusionmidjourneydallenovelaiaiaiartainijijourney_bandung_castsovercastcastboxpodcast,"['kaeluc', 'aiartstablediffusionmidjourneydallenovelaiaiaiartainijijourney', 'bandung', 'castsovercastcastboxpodcast', 'knockout', 'httpswwwmygopencom', 'intip', 'jualan', 'issueserrors', 'kosmknockoutxsmokescreenkosmtf']","['ガイディル、Kaeluc、❄️🔥、🦚🦉 だけのフィードです。Skyfeedを使ってリバの単語を削除しました。\nKaeluc only feed. I used Skyfeed to remove reverse ship terms including Kaeluckae.', 'ʚ welcome buyers! ɞ \n      ꒰ info & tnc ꒱\n  ⊹ exc adm pack ⊹\n⊹ keep event with dp ⊹\n   ⊹ send worldwide ⊹\n       ⊹ bandung ⊹', ""┊         ┊       ┊   ┊    ┊        ┊\n┊         ┊       ┊   ┊   ˚★⋆｡˚  ⋆\n┊         ┊       ┊   ⋆\n┊         ┊       ★⋆ \n┊ ◦          welcome, let's order here!\n★⋆      ┊ .  ˚\n           ˚★\n\nintip jualan aku sama pricelistnya di sini ya!!✨""]",201,14.36
362,14,362_cruise_ports_portsofcall_cruises,"['cruise', 'ports', 'portsofcall', 'cruises', 'national', 'amsterdam', 'parks', 'visited', 'hong', 'kong']","['Planning a cruise of Asia and the Pacific region?  This feed provides useful information on popular cruise ports and destinations in Japan, Hong Kong, Vietnam, Thailand, Singapore, Australia and Hawaii.', ""Enjoy a cruise of North America's beautiful West Coast! Cruises depart from Vancouver, Seattle, San Francisco and Los Angeles. Ports-of-call can include Victoria, Santa Barbara, San Diego, Cabo San Lucas, Manzanillo, Mazatlan and Puerto Vallarta.  Learn more about each of these ports and cities."", 'Get the latest news and information on cruises, cruise lines, cruise ships, departure ports and ports-of-call.  Cruise ports include Miami, Port Everglades, Seattle, Vancouver, Barcelona, Rome Civitavecchia, Venice, Genoa, Sydney, Hong Kong and Singapore.']",206,14.71
363,14,363_82125_updated_progress_work,"['82125', 'updated', 'progress', 'work', 'good', 'hope', 'in', 'works', 'news', 'welcome']","['WORK IN PROGRESS!!\nupdated: 8/21/25', 'WORK IN PROGRESS!\nupdated: 8/21/25', 'Updated!']",27,1.93
364,14,364_tot_rat_art_my,"['tot', 'rat', 'art', 'my', 'of', '', '', '', '', '']","['My Art', 'my rat art', 'My art of Tot']",43,3.07
365,14,365_treatment_evidence_dois_ventilation,"['treatment', 'evidence', 'dois', 'ventilation', 'radiation', 'healthcare', 'care', 'implementation', 'air', 'evidencebased']","['Explore the forefront of addiction research. This feed curates the latest studies, publications, and advancements in substance use disorder treatment and recovery science. Perfect for researchers, clinicians, and advocates dedicated to evidence-based solutions.', 'A feed for evidence implementation and getting evidence into practice, especially for evidence-based healthcare. Captures EBP, evidence to practice, evidence implementation and Impsci.', ""6/13/2023 marks my last radiation treatment, and subsequently (in theory) the day I was offically Cancer free. The treatment was a combo' of Androgen blockers, Brachytherapy, and 25 days of EBRT ( External Beam Radiation treatment ) These are the dailies from my time in the waiting room.""]",45,3.21
366,14,366_altc24_altc_elgarook_doommetalsky,"['altc24', 'altc', 'elgarook', 'doommetalsky', 'altcradio', 'altcradio24not', 'elgarnan', 'earthworm', 'popcluster', 'osprey']","['Feed for Golden Sun over the past 7 days. Includes posts tagged with #GoldenSun, #黄金の太陽, #GoldenSunTheLostAge, #GoldenSunDarkDawn.\n\nExludes reposts.', 'V-22 Osprey and variants feed.\nThe picture shows MV-22 flying to the Air Self-Defense Force Komaki Base in support of the Ise-Shima Summit.\nThis feed will be deleted as soon as the need for the producer is resolved.', '#ALTC24 Annual Conference. This should capture all the posts that use #ALTC, #ALTC24, #ALTcradio and #ALTcRadio24.Not case sensitive.']",157,11.21
367,14,367_robinfeed_cnovels_nostrfeed_chronfeed,"['robinfeed', 'cnovels', 'nostrfeed', 'chronfeed', 'test2', 'qud', 'rffa', 'cave', 'wonders', 'iphone']","['robinfeed.\n\n⚡ RobinFeed', 'robinfeed\n\n⚡ RobinFeed', '⚡ RobinFeed']",11,0.79
368,14,368_actress_searches_name_mention,"['actress', 'searches', 'name', 'mention', 'kate', 'crane', 'last', 'days', 'nori', 'gina']","[""This feed searches for posts that mention the actress' name in the last 7 days."", ""This feed searches for posts that mention the actress' name in the last 7 days."", ""This feed searches for posts that mention the actress' name in the last 7 days.""]",26,1.86
369,14,369_assassins_creed_ffxivwrite_fuwa,"['assassins', 'creed', 'ffxivwrite', 'fuwa', 'shadows', 'ffxiv', 'ffxivwriting', 'ffxivfanfic', 'convencience', 'illusionist']","[""Step into the shadows and uncover the secrets of the Brotherhood. Follow us for the latest updates, epic adventures, and behind-the-scenes insights from the world of Assassin's Creed. 🗡️⚔️ Dive into history and shape your legacy!"", 'A feed for FFXIV fanfiction inspired by the yearly ffxivwrite challenge!\n\nPicks up anything containing:\nffxivwrite | ffxivfanfic | ffxivwriting | ffxivfiction| ffxivwriters', 'Assassins Creed Shadows related']",69,4.93
370,14,370_dupuytrens_cpfc_wlferhampton_housewives,"['dupuytrens', 'cpfc', 'wlferhampton', 'housewives', 'anybody', 'rhod', 'rhonj', 'bravotv', 'million', 'contracture']","['For posts about the EU, Brexit, rejoining, Single Market, Freedom of Movement and hopeful inspiring content about Europe\n\nBlueskyFeedCreator.com', 'All BlueSky content relating to CPFC. Not a curated list so it will pick up any mention of CPFC and a few journalists too.', 'skeets mentioning following: bravotv | project runway | housewives | real housewives | below deck | vanderpump | RHOC | RHONY | RHOA | RHONJ | RHODC | RHOBH | RHOM | RHOP | RHOD | RHOSIC | RHUGT | RHODUBAI | top chef | summer house | million dollar listing\n\nping @jakei.bsky.social for filter changes']",223,15.93
371,14,371_atomland_cleaners_changeshappenings_httpsslushienovaneocitiesorggalleryartarchive,"['atomland', 'cleaners', 'changeshappenings', 'httpsslushienovaneocitiesorggalleryartarchive', 'ippotsks', 'entails', 'withered', 'personified', 'pipe', 'hopes']","[""🖌️🎨 This is where you'll find my drawings (and some other visual art) stuff. I plan on doing a separate feed for TTRPG related writing or general work, so look forward to that!"", 'A personal feed serving as a portfolio for my artwork. I primarily work with pipe cleaners to build a variety of figures inspired by horror, fantasy, and pop culture.', 'Art and written material of my project, Chronicles Of Atomland! It entails the lives of personified chemical elements, and the changes/happenings in their town.']",44,3.14
372,14,372_skeeted_imagen4_datasets_tid,"['skeeted', 'imagen4', 'datasets', 'tid', 'snorktwixer', 'moominvalley', 'icm', 'pics', 'hugging', 'images']","['Pictures from Moominvalley\n\nBy Snorktwixer', 'all the pics ive skeeted', 'pics Tid skeeted']",62,4.43
373,14,373_mens_astroaura_liberation_httpsstrongwomenstrangeworldsweeblycom,"['mens', 'astroaura', 'liberation', 'httpsstrongwomenstrangeworldsweeblycom', 'mensliberation', 'happensbringing', 'quickreads', 'sensemaking', 'swswqr', 'technoblade']","['This curated feed consists of accounts providing great space content, with an emphasis on news, policy, and exploration. If you belong here, contact me.', ""Use the hashtag #SWSWQR when posting about Strong Women - Strange Worlds QuickReads, and you'll find your post in this feed! Great for keeping track of all of the SW-SW authors and QR events happening, so you won't miss any. Learn more about what we do at https://strongwomenstrangeworlds.weebly.com/"", 'This is where the magic happens—bringing together thoughtful conversations, and inspiring content to help you align with the stars and your highest self.\n\nUse the hashtag #AstroAura on your posts to get featured.\n\n#AstroAura #astrology #spiritual #tarot #Bluesky #BlueskySocial']",316,22.57
374,13,374_opera_music_feeds_seattle,"['opera', 'music', 'feeds', 'seattle', 'operas', 'newcomers', 'chicago', 'performers', 'minneapolis', 'composers']","[""What's new in new opera?"", 'opera news', 'A feed for opera lovers - fans, artists, newcomers, all are welcome and a variety of composers, operas and performers historical and contemporary are included as keywords. Too many regex terms to list here, but posts with the word opera will show up']",93,7.15
375,13,375_ovaettr_zines_denton_confetti,"['ovaettr', 'zines', 'denton', 'confetti', 'yimings', 'kellie', 'nicelys', 'ziinnias', 'believeinpens', 'throws']","['Art by ziinnias | character illustration & comics', ""(points at my art) It's nothing but that. (throws confetti)"", 'Feed for #art posts by Orion Fern, independent artist running Ovaettr Art!\n\nIllustration, Motion Graphic Design, Zines, Comics\n\nOvaettr Art & Zine Distro is a Trans, Queer & Disabled Owned Art, Zines & Mutual Aid Pop-Up based in Denton, TX']",36,2.77
376,13,376_pikmin_bloom_englishjapanese_postfeed,"['pikmin', 'bloom', 'englishjapanese', 'postfeed', 'wifenetontr', 'siha', 'sortnorepostnoreplay', 'gawrgura', 'limit200', 'akiba']","['アキバ|akiba|秋葉原\nlimit200 , 3days, sort by creation date.\nRemove if like count < 5.\n\nthis is test feed sorry.', 'Pikmin Bloom posts but only photos\nピクミンブルーム', '過去7日間に Pikmin Bloom|ピクミンブルーム が含まれる日本語/英語postをあつめたfeedです。\n\nThis feed collects posts containing Pikmin Bloom (in English/Japanese) in the last 7 days.']",30,2.31
377,13,377_pokemon_pokmon_giveaways_avertai,"['pokemon', 'pokmon', 'giveaways', 'avertai', '3p', 'aokaao', 'brunotknk', 'httpsbskyappprofiledidplcv5epreludxlo6ohf6q43zm2hfeedaaalq2x6ehrqc', 'pokemonpkmnpla', 'pokemonmysterydungeon']","[""My first feed! I'm creating this feed to do Pokemon giveaways here as well as let other Pokemon trainers hosts their own giveaways & trades.."", ""Your one-stop shop for all things Pokemon. If you run an account that only posts Pokemon content, @ me and I'll add you. Simply throw in the tag #pokemon for your post to appear in the feed!"", 'Pokemon Feed - posts containing pokemon or pokémon']",1205,92.69
378,13,378_topic_utc_dec_archived,"['topic', 'utc', 'dec', 'archived', '29', 'longer', 'during', 'again', 'trends', 'added']","['This topic was trending during 29 Dec 24 22:35 UTC. It has now been archived and new posts are no longer added to this topic. If the topic trends again, posts will be added to a new feed.', 'This topic was trending during 29 Dec 24 19:11 UTC. It has now been archived and new posts are no longer added to this topic. If the topic trends again, posts will be added to a new feed.', 'This topic was trending during 29 Dec 24 22:40 UTC. It has now been archived and new posts are no longer added to this topic. If the topic trends again, posts will be added to a new feed.']",153,11.77
379,13,379_daddy_inflation_nsfw_pool,"['daddy', 'inflation', 'nsfw', 'pool', 'lotta', 'gmpd', 'nsfwgmpdnsfw', 'fatale', 'balloons', 'dani']","['every image collected of the cryptid known as ""dani"" \n\na lotta nudes, occassional shitpost', 'CAUTION: NSFW Contents. Chubby, Daddy, Daddy and GMPD. Photo selection from numerous posts. Reposts, replies, and without NSFW label are hidden.\n注意: NSFWコンテンツ。太目、熊、パパ、GMPD。数多のポストから選りすぐった写真です。リポストやリプライ、NSFWラベルの無いものは非表示です。', 'NSFW 🔞\nFeatures inflatables, balloons, pool toys & inflation content. Not economic inflation (mostly). For squeaky pool toy furs.']",193,14.85
380,13,380_haiku_haikufeels_poetry_prompts,"['haiku', 'haikufeels', 'poetry', 'prompts', 'haikudraft', 'andere', 'haikuwerkbank', 'haikuwb', 'hol', 'haku']","['Really simple, just looks for ""haiku"" anywhere in the post or image alt text. Might get a bit cluttered since there are other subjects than poetry (i.e. software and characters named Haiku), but should catch folks who didn\'t use a hashtag.', 'haiku replies to the #haikufeels poetry prompt', 'Discover the tiny, yet powerful Haiku OS. Not affiliated with Haiku Inc.']",180,13.85
381,13,381_threads_thread_wlferhampton_compromised,"['threads', 'thread', 'wlferhampton', 'compromised', 'drunken', 'irreverent', 'spacewaste', 'threadsdrabblesbrainrot', 'wlfhelm', 'stupor']","[""my hero threads/drabbles/brainrot of mine. the thread of threads except it's a feed. strongly compromised of krbk - best of luck\n\npic by spacewaste!"", 'a thread of my threads', ""A feed of the irreverent, profane and unhinged ramblings of the folk from the imaginary medieval settlement of Wülferhampton.\r\n\r\nWülferhampton is ruled over by a psychopathic despot Bretwalda called Wülfhelm. He's bad tempered, acerbic, insulting and spends most of his time in a drunken stupor.""]",328,25.23
382,13,382_keller_alex_siren_melody,"['keller', 'alex', 'siren', 'melody', 'deadly', 'duty', 'leia', 'ruled', 'overrun', 'sigmori']","['A feed dedicated to Alex Keller from Call of Duty.\nWILL CONTAIN SHIPS.\nTo make sure posts show up here put one of these keywords;\nCOD Alex Keller\nAlex Keller COD\nCall Of Duty Alex Keller // Made at BlueskyFeeds.com', ""A kingdom ruled by a deadly siren. A court overrun with enemies. If Melody wants to keep her throne, she'll have to rely on the one human who doesn't die at the sound of her singing.\n\nUpdates: Fridays (WP), Saturdays (Tumblr).\n\nCheck the comments for missing posts in the prologue."", ""Meet the characters from my new SimLit, releasing 8th February. \n\nStory blurb: A kingdom ruled by a deadly siren. A court overrun with enemies. If Melody wants to keep her throne, she'll have to rely on the one human who doesn’t die at the sound of her singing.""]",28,2.15
383,13,383_order_chronological_loreheadcanon_assorment,"['order', 'chronological', 'loreheadcanon', 'assorment', 'mine', 'arranged', 'egm', 'anyways', 'ascending', 'reposts']","['My SFW art posts in chronological order', 'All of your posts in chronological order :)', 'My posts in chronological order.']",452,34.77
384,13,384_embed_minimal_iso_setting,"['embed', 'minimal', 'iso', 'setting', 'photography', 'cafe', 'primarily', 'website', 'f28', 'photozines']","[""A feed featuring my landscape photography. I'm primarily setting this up to embed on my website."", ""A feed featuring my street photography. I'm primarily setting this up to embed on my website."", ""A feed featuring my photography. I'm primarily setting this up to embed on my website.""]",52,4.0
385,13,385_migration_chainsaw_chainsawman_eliminate,"['migration', 'chainsaw', 'chainsawman', 'eliminate', 'pornography', 'templates', 'template', 'exclusion', 'man', 'child']","['Tracking ""Chainsaw Man"" ""asa mitaka""\r\nEliminate child pornography.\r\nYou can use 5 hashtags.\r\nExcluding Japanese and Portuguese.\r\nHashtags in all languages.\r\nRemenber Posts\r\n\r\nチェンソーマン 海外反応集\r\nChainsaw Man Overseas Reaction Collection\r\nhttps://www.graze.social/feeds/9816', 'AND tracking\r\n"" Chainsaw Man | チェンソーマン | \r\nchainsawman ""\r\n&\r\n"" cosplay | コスプレ ""\r\nEliminate child pornography\r\nPosts with too many hashtags will not be collected. \r\n児童ポルノ・不穏当な発言は\r\n管理者によって削除される場合があります。', 'Tags Tracking "" #チェンソーマン or #chainsawman  ""\r\n#Chainsaw Man collection\r\n\r\nEliminate child pornography\r\n\r\nハッシュタグは2個以内を表示します。\r\n児童ポルノは排除します。\r\n業者さんも悪質なら排除します。']",14,1.08
386,13,386_papers_philosophy_primary_nonacademic,"['papers', 'philosophy', 'primary', 'nonacademic', 'pe', 'philcfp', 'philconf', 'philjob', 'philevent', 'philannounce']","['A curated Bluesky feed collecting posts that announce Calls for Papers, Submissions, Abstracts, Contributions, or Participation — and links to opportunities across conferences, journals, and academic projects.\n\n🚨May contain non-academic callouts', 'Philosophy Journals and Papers on Bsky\n    \n    Logic:\n    - Posts from philosophy journal accounts!\n    - Posts linking to PhilPapers!\n    - Philosophers talking about their new papers!\n    - Ranked by HackerNews 🕶️\n\nPlease like the feed if you like the feed', 'A feed for academic philosophy news and announcements on Bluesky. Tag posts with #PhilAnnounce, #PhilEvent, #PhilCFP, #PhilCFA, #PhilConf, #PhilPaper, #PhilJob, etc. to include them in this feed. Includes posts from 250+ philosophy-related organisations, publications and groups.']",160,12.31
387,13,387_lewd_lewds_furryrelated_marketplace,"['lewd', 'lewds', 'furryrelated', 'marketplace', 'sharks', 'goods', 'naughty', 'furry', 'sharkthemed', 'drawers']","['Marketplace for furry-related goods and services', 'Marketplace for furry-related goods and services', '🔞 Naughty naughty~ This is made of my ⚠️ IRL lewds, so be warned!\nAll are marked with #fasun18\n\nIcon photo belongs to me']",146,11.23
388,13,388_ionchannel_bb25_gunpla_avenday,"['ionchannel', 'bb25', 'gunpla', 'avenday', 'groundhopping', 'floodflightlovers', 'aprilspins', 'channelomics', 'ironwbskysocial', 'groundhoppers']","['A feed focused on the SeeStar S30 and S50 models.', 'A feed for groundhoppers, stadiumfetishists and floodflightlovers\r\n\r\nThis feed includes posts (max 7 days retention) with all kind of groundhopping related tags and words. \r\n\r\nQuestions? Drop me a message: @ironw.bsky.social\n\nBlueskyFeedCreator.com', ""An #Ionchannel algorithmic feed. Just follow Channelomics and then any post you make including #Ionchannel should automatically appear in the feed!\nMay take a little while to update so feel free to ping us if it hasn't worked!""]",98,7.54
389,13,389_jobs_memberblastsbskysocial_gamebananacomstudios37481_jobsboard,"['jobs', 'memberblastsbskysocial', 'gamebananacomstudios37481', 'jobsboard', 'gb', 'boll', 'concoctions', 'blueskycurated', 'socialpulse', 'rollfortiktokwater']","['🌟 Community Guidelines 🌟\n\nRelevant Content Only: Keep it about social media! Irrelevant posts will be removed.\n\nNo Business Promotion: #Socialpulse is for sharing knowledge, not ads.\n\nEducational Posts Welcome: Share tips, trends, and strategies to help the community!', 'This feed is to document the ongoing series #RollForTiktokWater by @memberblasts.bsky.social - rolling for random drink packet and flavor syrup concoctions!\n\nBlueskyFeedCreator.com', 'OK, just admit it, you are either openly or secretly addicted to this TLC show. \nWill the couples survive or will the relationships end? What are they fighting about now? Enjoy the chatter. // Made at BlueskyFeeds.com']",63,4.85
390,13,390_barcelona_madrid_fc_standings,"['barcelona', 'madrid', 'fc', 'standings', 'provides', 'culs', 'blancos', 'fcbfemeni', 'blaugrana', 'baras']","['Latest posts and discussions about barcelona content.', 'Latest posts and discussions about FC Barcelona.', 'Posts related to FC Barcelona\n\nIf you like Barcelona Football Club feed, please LIKE it ♥️']",67,5.15
391,13,391_quantum_computing_circuit_dwave,"['quantum', 'computing', 'circuit', 'dwave', 'econometrics', 'qed', 'qubt', 'relalted', 'electrodynamics', 'photons']","['Any mention of quantum, last 3 hours', 'This feed covers content relalted to circuit quantum electrodynamics, or short circuit QED, a field of research that makes use of the strong coupling of microwave photons to qubits for research in quantum optics and for applications in quantum computing.', 'Latest news on Quantum Computing']",42,3.23
392,13,392_youtube_videos_tells_someone,"['youtube', 'videos', 'tells', 'someone', 'great', 'exculsive', 'forwardparty', 'homepagesubscription', 'youtubes', 'rachelmaddow']","['This feed shows YouTube videos with #food, #cooking and #sweets. It would be great if someone tells me how to include videos other than YouTube.', 'This feed shows YouTube videos with the text ""music"" or ""song"". It would be great if someone tells me how to include videos other than YouTube', 'This feed shows YouTube videos with #travel. It would be great if someone tells me how to include videos other than YouTube.']",246,18.92
393,12,393_artists_genrated_dope_35,"['artists', 'genrated', 'dope', '35', 'gram', 'highly', 'unity', 'actually', 'seeing', 'works']","['artists i like', 'artists i follow', 'A highly personal collection of artists I follow. Actually works maybe 35% of the time.']",3,0.25
394,12,394_selfies_pareidolia_bugs_dialed,"['selfies', 'pareidolia', 'bugs', 'dialed', 'clique', 'giggleland', 'grehounds', 'pareidoodle', 'modest', 'facesinplaces']","['This feed collects examples of pareidolia, the tendency to see faces in random patterns. Will capture #Pareidolia, #ThingsWithFaces, #Pareidoodle, and #FacesinPlaces\n\nBlueskyFeedCreator.com', 'No hashtags needed, but encouraged \n\nWill match all variations of clique art, Tyler Joseph, Josh dun, twenty one pilots .\n\nold tour photos should show up.\n\nDM me with any issues I could fix.\n\n**As I make this more dialed in, sometimes it breaks, bear with me.', ""this is just my media tab for finding dog pics for those who like checking up on my rescue dogs smallrusty and mika (and my ex's dog zara she kinda left behind with me). though it'll have all my media so hey ladies who think I'm hot - i'm single and own a modest home and have stable employment""]",139,11.58
395,12,395_iiii_donate_cridland_hfler,"['iiii', 'donate', 'cridland', 'hfler', 'httpsbskyappprofileaquageobskysocial', 'httpswwwflickrcomphotosjamescridland7813572370', 'austrobluesky', 'basiert', 'james', 'auf']","['A Feed for Black Naturists and Nudists  Use hashtag #AddtoBlackNakedSky for approval Use the Hashtags #BlackNakedSky #BlackNudistsSky when posting. NON SEXUAL NUDITY ALL GENDERS WELCOME\n\nBlueskyFeedCreator.com\nDonate: https://blueskyfeedcreator.com/p/yannicktaylor.bsky.social/BlackNudists#donate', 'Austro-Bluesky III\nbasiert auf Starter Pack von Sarah Höfler \n@aquageo.bsky.social\nhttps://bsky.app/profile/aquageo.bsky.social\n\nAvatar image by James Cridland\nhttps://www.flickr.com/photos/jamescridland/7813572370', 'Austro-Bluesky I-III (ohne Antworten)\n\nbasiert auf Starter Packs I-III von Sarah Höfler\nhttps://bsky.app/profile/aquageo.bsky.social\n\nAvatar image by James Cridland\nhttps://www.flickr.com/photos/jamescridland/7813572370']",216,18.0
396,12,396_edits_fairy_paintings_manipulations,"['edits', 'fairy', 'paintings', 'manipulations', 'moodboards', 'lovewinart', 'mygoave', 'commsgifts', 'collection', 'manips']","['Place to go to see my artwork only! Since I doubt I will make a secondary account anytime soon.\nposts will be marked with ""#lovewinart""', 'Use this space to post fairy themed art by you, all mediums welcome! Use the phrases ""fairy art"" or ""fairy art by me"".', 'My image edits or manipulations. Includes image edits, Photoshop edits, and classic art edits (from challenges).\n\nFeel free to use my manips in moodboards, credit appreciated!']",21,1.75
397,12,397_kiiowa_bicho_pokemon_claims,"['kiiowa', 'bicho', 'pokemon', 'claims', 'quest', 'dnd', 'antagonists', 'commisoned', 'yumecentric', 'yumeworks']","['🐛🐝🦋🐞\r\nFeed de pokemon tipo bicho\r\nbug type pokemon feed\r\n\r\n#bicho #anime #tcgpokemon #pokemontcg #scarletviolet #pokemongo #pokemonunite #bugtype', 'An automatic feed for all things relating to the lime blood fantroll Kiiowa! \r\nTag your posts and artwork of them with the name kiiowa or #kiiowa to show up in this feed!\r\nKiiowa belongs to @cloun.bsky.social\n\nBlueskyFeedCreator.com', ""Pokemon DnD: Champion's Quest\nA DnD campaign where players will enter a Region that only allows entry to Champion Class Trainers, those who've conquered or competed in the Pokemon League or Grand Festival.\n\nLore, Map Designs, Face Claims, Item Claims and perhaps even commisoned art will be here.""]",8,0.67
398,12,398_whendle_riveapp_nafoarticle5_mineimator,"['whendle', 'riveapp', 'nafoarticle5', 'mineimator', 'motionui', 'millican', 'joinin', 'makeuifunagain', 'randime', 'repostsfrom']","['A feed of all posts—including replies, but not re-posts—from the last 7 days, most recent first, containing hashtags starting with #OnePlace (e.g. #OnePlaceStudy, #OnePlaceWednesday etc) or #OPSConf (e.g. #OPSConf2024)', 'An annual tradition on Christmas Day, started by Sarah Millican over a decade ago on Twitter. Use hashtag #JoinIn to take part in the virtual party & follow this Feed to keep up on the hashtag!', ""Pulls from @rive.app & Rive's official member list.\nTags: #Rive, #RiveApp, #RiveFiles, #MotionUI, #MakeUIfunAgain, #RiveUI, #InteractiveMotion\n\nHosted by SkyFeed""]",94,7.83
399,12,399_swimming_fishyfeb_aquaponics_fishkeeping,"['swimming', 'fishyfeb', 'aquaponics', 'fishkeeping', 'watersports', 'fish', 'slimemold', 'datascience', 'browsingdiscussing', 'thesplashzone']","['A feed that picks up posts related to cold water swimming / winter swimming / ice swimming! ❄️\n\nUnrelated results may also crop up.', 'A photo feed that aggregates posts with hashtags related to all things growing on the forest floor. Some examples are #Moss #Lichen #SlimeMold #FungiFriends #FungiFriday #HotStickSaturday and of course #ForestFloor\r\nThe feed is slightly moderated to exclude inappropriate content.', 'This is the official feed for #FishyFeb! All art and photography is welcome! Promots are open for your interpretation. Please keep things fish or aquatic themed.\n\nUse the tags #FishyFeb or #FishyFeb2025 to enter the feed. Remember to put alt text on your images! Have fun! 🐟']",115,9.58
400,12,400_afm_edleadershipchat_speculative_leaders,"['afm', 'edleadershipchat', 'speculative', 'leaders', 'freelancers', 'school', 'customerexperience', 'customerservice', 'customersatisfaction', 'sltchat']","['speculative biology/ spec bio feed\n\nincludes tags that are:\nspeculative evolution, speculative biology, specbio, specevo, more!\n\nSfw ONLY', 'This is a curated feed on Atomic Force Microscopy (AFM) related research.\n\nRun by @MicrotoPico. All contributors can post here using #AFM or 🔬. Let me know, if you would like to be added.', '#EdLeadershipchat is for teacher leaders, school leaders, and district leaders to engage in chats and learn from one another. We would like to start the #edleadershipchat soon!']",455,37.92
401,12,401_arcs_museum_skymuseum_gallery,"['arcs', 'museum', 'skymuseum', 'gallery', 'sky', 'randomly', 'misc', 'sorted', 'media', 'accountsreposts']","['Arcs SkyMuseum Gallery Feed:\nArcs Artist List Source', 'Arcs Sky Museum App Gallery Feed D:\nMedia Posts from Sources (Sorted Randomly)', 'Arcs Sky Museum App Gallery Feed A:\nOwn Media Posts (Sorted Most Recent)']",0,0.0
402,12,402_goetia_andrealphus_nihon_sapitocarbys,"['goetia', 'andrealphus', 'nihon', 'sapitocarbys', 'pokejinka', 'raidou', 'paimon', 'octavia', 'shinbaku', 'siljoy']","[""Collective Feed for posts related to 'Signed, Sealed, and Delivered', a Zhongchi fanfiction series."", 'Anything involving Devil Summoner, Soul Hackers 1 & Raidou!', ""A feed for the Ars Goetia from Helluva Boss, including Stolas, Octavia, Stella, Andrealphus, Vassago, Paimon, and Goetia OC's. NSFW is NOT filtered out, so 18+ only please.""]",116,9.67
403,12,403_dippys_animatics_tesdraws_audri,"['dippys', 'animatics', 'tesdraws', 'audri', 'finished', 'wips', 'brushfeather', 'animation', 'sketches', 'dabihawks']","[""Dippy's animations from WIPs, shitposts, finished, ect"", 'A collection of sketches, illustrations, wips, animatics, comics, and more from the insane mine of Audri!', 'WIP - bored with what I am seeing... looking to get inspired.\n\nAt the moment. It\'s just basic. anything with the word ""painting"" in it. But I will be learning how to hone it to provide whatever it is I am looking for.']",12,1.0
404,12,404_combination_hyperspecific_stickers_itself,"['combination', 'hyperspecific', 'stickers', 'itself', 'literally', 'mhcottagecoremittens', 'lmbexhibition', 'rapper', 'mhgardenpartymittens', 'had']","['My Positive Messages for Today Feed of stickers from my positive stickers grab bag.', 'This is a hyperspecific feed for me, its literally just the top posts in my combination feed which in and of itself is a combination of all my other feeds. If you wanna use it, feel free. But I mostly made this so I had a feed to scroll in.', 'This is a hyperspecific feed for me, its literally just a randomized version of my combination feed which in and of itself is a combination of all my other feeds. If you wanna use it, feel free. But I mostly made this so I had a feed to scroll in.']",242,20.17
405,12,405_ms365_microsoft_dataset_azure,"['ms365', 'microsoft', 'dataset', 'azure', 'windows', 'analytics', 'seo', 'requests', 'microsoft365', 'mieexpert']","['Your questions, id requests, cool finds, and love of All things mushrooms. If submitting ID requests, PLEASE INCLUDE - pics of cap, underside, stem, and include where it was discovered, what it was growing on, and what it smells like. Use #mushroomforaging to join feed', 'Sammelt alles zu MS365 / catches everything about MS365 #OneNote #MSTeams #MicrosoftEDU #MIEEXPERT', 'Everything about Microsoft, Azure, Microsoft 365 and Windows. Also filtering hastags : #Microsoft, #Azure, #Windows11, #Windows, #Microsoft365 and #M365']",102,8.5
406,12,406_zhan_xiao_trancium_untamed,"['zhan', 'xiao', 'trancium', 'untamed', 'singer', 'named', 'actor', 'gundamgunpla', 'fategrand', 'douji']","[""LOOK UPON OUR GREAT JING, breathtaking and as prosperous as a dream -- knowing full well that the greater one such thing's brilliance, the deeper and more unpredictable its shadow.\n\n==\nhttps://songbaizhimao.carrd.co/\n#SBZM\n\nOC zine series | ongoing!\ntang dynasty, gong'an, abo"", 'a feed for actor and singer xiao zhan 👍', 'A feed for wonderful actor & singer, Xiao Zhan 肖战, also known as Sean\xa0Xiao.\nAny post (text, image alt text, link) with xiao zhan or/ and 肖战 (not case sensitive) in it will appear here. 🥰']",114,9.5
407,11,407_hyper_10000_max_22,"['hyper', '10000', 'max', '22', 'saves', 'hn', 'sort', 'sortby', 'furry', 'postsimages']","['This Feed Contents ""ALL"" Hyper Art [Incl.of scat,fat,feet,preg,etc] \nNO IRL and NO AI. \nPrioritizes Furry. \n\nv2.2.10 01/01/2026 (Updated Desc.) \n\nThis feed uses mutliple regex to find and filter posts/images with the word ""hyper"", so not just tags! \n\nSortBy: HN Ranking [2.2] \nSave Posts [Max 10,000]', 'v0.0.8 (Updated Input Range)\nWork In Progress Feed.\n\nA Feed For Furry Taurs that are Hyper.\n\nSaves Posts [Max 10,000]\nHN Sort [2.2]', 'This Feed Contents (Furry) Hyper Art with common hyper. \nNO IRL and NO AI. \nPrioritizes Furry. \n\nv2.1.19 01/01/2026 (Updated Desc.) \n\nThis feed uses mutliple regex to find posts/images with the word ""hyper"", so not just tags! \n\nSortBy: HN Ranking [2.2] \nSaves Posts [Max 10,000]']",118,10.73
408,11,408_drupal_aiengineering_agregates_digitialdistrict,"['drupal', 'aiengineering', 'agregates', 'digitialdistrict', 'codewhisperer', 'bsdistrict', 'cerebras', 'blueskydistrict', '20songsbyyear', 'codellama']","['Non-official worldwide Drupal feed. Agregates all posts in any language which talks about Drupal.\n\n➡️ Simply reacts on the keyword ""Drupal"".', 'Posts tagged with #tabletopterrain, #terrainbuild, #tabletopscenery, #terraincraft, #terrain, #wargameterrain, #mordheimterrain, #dndterrain or #foammodeling from the last 7 days', 'Recent post of the past 3 days based on the following hashtags: cline, roocode, openrouter, cursor, windsurf, requesty, ai-engineering, cerebras, sambanova, bolt, loveable, v0, replit, sagemaker, codellama, codewhisperer, supermaven, sourcegraph']",86,7.82
409,11,409_boardsrip_surfacing_skate_ton,"['boardsrip', 'surfacing', 'skate', 'ton', 'crap', 'stepping', 'surf', 'stone', 'surfing', 'unrelated']","['🛹 SKATE 🛹\r\nSurfacing some nice skateboarding posts, and a ton of unrelated crap!\r\nA stepping stone on the way to better feeds.\r\nAlso check out the boards.rip SURF feed', '🏄\u200d♂️ SURF VIDEO 🏄\u200d♀️\r\nSurfacing some nice surfing videos, and a ton of unrelated crap!\r\nA stepping stone on the way to better feeds.\r\nAlso check out the boards.rip SKATE feed', '🏄\u200d♂️ SURF 🏄\u200d♀️\r\nSurfacing some nice surfing posts, and a ton of unrelated crap!\r\nA stepping stone on the way to better feeds.\r\nAlso check out the boards.rip SKATE feed']",60,5.45
410,11,410_stleonardsonsea_hastings_uniofexeteresi_exeteresi,"['stleonardsonsea', 'hastings', 'uniofexeteresi', 'exeteresi', 'exetergsesexetergsesexetergsesexetergsesbskysocial', 'hastingsuk', 'ukpaedsky', 'ukscouts', 'choosepaeds', 'ukpaedbsky']","['A feed gathering posts on ExeterESI | #ExeterESI |Environment Sustainability Institute |Uniofexeteresi | #Uniofexeteresi| @uniofexeteresi.bsky.social', 'BlueSky posts exposing threats to the Amazon rainforest and her inhabitants, while highlighting the efforts of Indigenous Peoples and local communities to defend their ancestral territories and environments to the benefit of all humanity', 'A 7-day feed on all things in Hastings and St Leonards on sea (UK).\n\nUse #hastings, #hastingsuk, #stleonards, #stleonardsonsea, #stleonards-on-sea, #st-leonards-on-sea to include a post.\n\nCreated on Skyfeed.app']",252,22.91
411,11,411_yapping_art_my_all,"['yapping', 'art', 'my', 'all', 'without', 'the', '', '', '', '']","['all my art!', 'all my art!', 'All my art without all the yapping!']",16,1.45
412,11,412_kite_ableist_skyverse_gilly,"['kite', 'ableist', 'skyverse', 'gilly', 'writethedocs', 'gobskyapp', 'ziglang', 'microfiction', 'flashfiction', 'nwtekno']","['An Ena feed, featuring YT animations and Dream BBQ. mostly fanart\n\nBlueskyFeedCreator.com', 'A feed for kite aerial photography, kite science and related kite stuff. // Made at BlueskyFeeds.com', ""A feed designed to show the frequency at which ableist language is used on Bluesky. If you don't want your stuff showing up here, you know what to do. Open to help improving the regex! Apologies for false positives.""]",20,1.82
413,11,413_wwe_borges_match_smackdown,"['wwe', 'borges', 'match', 'smackdown', 'bskybc', 'highlights', 'httpsbluefactsappfeedbuilder', 'events', 'raw', '21012024']","['Latest WWE Raw updates: match previews, in-ring moments, and backstage insights.\n\nCreate your own feed with https://bluefacts.app/feed-builder', 'Latest match highlights, updates, and drama from WWE SmackDown events. Follow recaps and exclusive wrestling moments.\n\nCreate your own feed with https://bluefacts.app/feed-builder', 'Intended for the February #bskybc around Labyrinths by Borges. The feed picks up full name Jorge Luis Borges refs (just borges picked up a tennis player i guess) as well as bskybc']",17,1.55
414,11,414_vgen_artchat_artrecs_gentrification,"['vgen', 'artchat', 'artrecs', 'gentrification', 'vgenopen', 'wardjenkinsbskysocial', 'vgencomm', 'lapis', 'morgue', 'lapislabelnet']","['Art, animation, design, etc. Morgue File: a collection of images for reference & inspiration to artists. This is mine (@wardjenkins.bsky.social) See also on IG: wardsmorguefile', 'Use #artchat to chat about art, art life, ask for help, art theory, recommendations, and all that jazz. Looks for #artchat, #artrecs, #arttheory', 'Feed for finding artists on VGen!\nUnoffiicial Feed / not run by Vgen\nI may consider removing now that vgen has their own feeds now.\n\nTags used: #VGen , #VGenComm, #VGenOpen']",81,7.36
415,11,415_touhou_hanakokun_toiletbound_koishi,"['touhou', 'hanakokun', 'toiletbound', 'koishi', 'hassius', 'colgio', 'mistrios', 'yuyuko', 'kamome', 'orin']","['Feed for the Jealous fans of Parsee Mizuhashi from the Touhou Project\n\n#touhou\n#parseemizuhashi\n#水橋パルスィ\n#zun', 'Feed for the Cat Loving fans of Rin Kaenbyou (Orin) from the Touhou Project\n\n#Orin\n#RinKaenbyou\n#火焔猫燐\n#touhou', 'Feed for the Fans of the All time Hungry Ghost Yuyuko Saigyouji from the Touhou Project! \n\n#touhou\n#YuyukoSaigyouji\n#Yuyuko\n#幽々子\n#西行寺幽々子']",468,42.55
416,11,416_snails_dude_handles_colloquiyum,"['snails', 'dude', 'handles', 'colloquiyum', 'bleepbloopfriends', 'bloop', 'firstnamestudy', 'goggleboxau', 'aeiroth', 'bleep']","['A Feed to gather together posts aimed at the indie electronica scene that has gathered momentum in the UK in the last 5 years or so (though there are non-UK Bleep Bloop Friends, of course...)\r\n\r\nPicks up any post tagged with #bleepbloopfriends', 'People who appreciate snails. Add to the feed using the hashtah #snails', 'My cute snails (black dude is Popo, white dude is Tari)']",28,2.55
417,11,417_glazes_pottery_cartalige_cubedcake,"['glazes', 'pottery', 'cartalige', 'cubedcake', 'glazechemistry', 'demoscene', 'glazetest', 'httpswwwdeviantartcomdan21almeida95artcube11122985889', 'moderniststudies', 'potteryglaze']","['An image-only pottery feed to match my specific and subjective tastes (I make no promises about being a good curator)', 'Character design and thumbnail art is mainly drawn by @Dragonastra. Other artists featuring @cartalige, @CubedCake, @heyimjill.', ""Posts about ceramic and pottery glazes. Whether it's about testing, chemistry, application, or just looking at some cool glazes! Tag your post with any of the following tags for it to be included: #ceramicglaze, #glazetest, #potteryglaze, or #glazechemistry\n\nBlueskyFeedCreator.com""]",61,5.55
418,11,418_authors_indie_idw_publishing,"['authors', 'indie', 'idw', 'publishing', 'literary', 'workinghave', 'prowl', 'alienearth', 'indieauthor', 'author']","['a feed for the Authors of Blsky! \nUSed: #author #indieauthor, Author, Indie', 'For all things IDW Prowl\n\n- Not affiliated with Hasbro or IDW Publishing', 'A feed to help #AmQuerying writers connect. Picks up posts with any of: querying, query letter, literary agent, literary agency, MSWL, trad pub/ traditional publishing/ on submission']",33,3.0
419,11,419_tab_cluttered_media_mediaart,"['tab', 'cluttered', 'media', 'mediaart', 'functions', 'muepin', 'umboos', 'mylkmerch', 'destroy', 'cringe']","['Media/Art feed tab thing???', ""A handy feed of all my art posts! So my cluttered media tab doesn't destroy everything. :3"", 'A collection of all my art posts tagged with #art\n\nLess cluttered version of my media tab!']",23,2.09
420,11,420_stream_twitch_concatenation_captionalt,"['stream', 'twitch', 'concatenation', 'captionalt', 'twitchart', 'twitchcrafter', 'uninteresting', 'twitchcreative', 'twitchcraftstreamer', 'vtubergroup']","['A stream of just posts for you to enjoy 🩸', 'When I have a Stream Idea, I just post it with ""Stream Idea : ""', 'Post anything related to your twitch art streams! Tags/phrases for caption/alt text:\n\n#twitchartist #twitchart #artistsoftwitch #twitchartstreamer #artistsontwitch #twitchartstream #twitchcreative #twitchcrafter #twitchcraftstreamer twitch art, twitch artist, artists of/on twitch, twitch art stream']",9,0.82
421,11,421_highkeyhateme_nikki_covenpiebskysocial_elisa,"['highkeyhateme', 'nikki', 'covenpiebskysocial', 'elisa', 'afterlaughsbskysocial', 'everlasting', 'romboli', 'oli', 'highkeyhatemefanart', 'installment']","['this feed is for posts about shining nikki, the fourth installment of the beloved nikki games ♡︎\n\nBlueskyFeedCreator.com', 'A feed of posts from across Bluesky celebrating the everlasting love between Max Caulfield and Chloe Price from the DONTNOD video game 𝘓𝘪𝘧𝘦 𝘪𝘴 𝘚𝘵𝘳𝘢𝘯𝘨𝘦.\n\nIcon image courtesy of Elisa Romboli (@afterlaughs.bsky.social)', 'This is the Highkeyhateme Feed! Any Oli Highkeyhateme fanart or anything with the tags: #highkeyhateme or #highkeyhatemeart or #highkeyhatemefanart will be sent to this feed!\n\nBlueskyFeedCreator.com']",115,10.45
422,10,422_iphone_economy_leading_accunts,"['iphone', 'economy', 'leading', 'accunts', 'dissecting', 'air', 'explainers', 'okc', 'tanks', 'proposals']","['Discussions on iPhone Air design, features, and performance. Excludes posts about iPhone Pro.\n\nCreate your own feed with https://bluefacts.app/feed-builder', 'Feed for posts about the iPhone air model', 'Dissecting the world economy, its major trends and global economic and financial news from leading researchers and think tanks.']",95,9.5
423,10,423_thearchaeologyorg_resilience_inspiring_interdependence,"['thearchaeologyorg', 'resilience', 'inspiring', 'interdependence', 'honesty', 'mobilising', 'mutuality', 'drama', 'journalism', 'restore']","['A curated stream of long-form science, philosophy, and cultural analysis from publications that prioritize depth over drama. No AI hype, no billionaire drama, just thoughtful exploration of how the world works.', 'A curated keyword stream of inspiring breakthroughs, innovations, and community efforts that restore hope. From sustainability wins to mental health progress, this feed highlights real-world solutions, resilience, and human potential in the face of global challenges.', 'People, organisations, and groups who are mobilising, supporting, and inspiring communities to be the most wonderful places to live. Grass roots compassion, politics, and resilience based on mutuality, interdependence, and pragmatism. Working with hope, honesty, and kindness.\n\nBlueskyFeedCreator.com']",13,1.3
424,10,424_flashinvaders_invaderwashere_sur_elrics,"['flashinvaders', 'invaderwashere', 'sur', 'elrics', 'ariaart', 'googly', 'jrabbitrun', 'malle', 'lartiste', 'icone']","['Steady drip of art from Clobeast.', 'Art feed of anything Malle Yeno makes~', ""Feed des publications francophones sur les mosaïques de l'artiste Invader et sur FlashInvaders.\n\n#flashinvaders #invaderwashere invaderwashere\n\n(illustration icone FlashInvaders)""]",24,2.4
425,10,425_ski_return_applauded_arada,"['ski', 'return', 'applauded', 'arada', 'sec', 'streamerbot', 'bharadwaj', 'bdoscreenshot', 'leebeebee', 'knocked']","[""every week on Friday. To encourage anyone to be creative despite challenges. Maybe it's time, art block, life, or something else preventing creativity. We can always return when we can. We can ease into it slowly or focus on smaller things. What matters is when you get knocked down, you get back up."", 'A feed that will return any posts that contain some variant of the word ""ski"" or ""snowboard.""  Should filter out mentions of waterskiing and jet skiing.  It will block any word that ends in ""ski"" (i.e. ""blueski"").  It should match posts with ""⛷️""', 'Feed pulls posts that include test/hashtags/alt text with keywords: Murderbot, Martha Wells, Sanctuary Moon, Mensah, Ratthi, Gurathin, Sec Unit, Bharadwaj, Pin-li, Arada, Leebeebee']",150,15.0
426,10,426_diesel_specializes_firm_labs,"['diesel', 'specializes', 'firm', 'labs', 'analytics', 'intelligence', 'candidates', 'data', 'big', 'live']","['Live feed for the show Andor from Disney+ and Star Wars / Lucasfilm\n\nFeed curated by Diesel Labs, a content intelligence firm that specializes in big data & analytics', 'Live feed for the BET Awards 2025\n\nFeed curated by Diesel Labs, a content intelligence firm that specializes in big data & analytics', 'Live feed for The Last of Us (season 2)\n        \nFeed curated by Diesel Labs, a content intelligence firm that specializes in big data & analytics']",14,1.4
427,10,427_trump_wine_blue_sky,"['trump', 'wine', 'blue', 'sky', 'cartoons', 'political', 'communication', 'cronies', 'commentrary', 'parodies']","['Trump announcements and commentary on his announcements from Blue Sky posters on the right left and middle of the political spectrum.', 'Political Cartoons on Blue Sky.', 'Everything Trump in News Media on Blue Sky. Track what the news media and journalists are saying about Trump and his political cronies.']",38,3.8
428,10,428_keyboard_serverless_docusaurus_aroun,"['keyboard', 'serverless', 'docusaurus', 'aroun', 'aspnet', 'httpsdocusaurusio', 'keycap', 'h5yr', 'proto', 'selfhost']","['The serverless feed. All the things about serverless architectures and technologies.', 'Posts from a curated list of devs in and outside of the Bluesky and AT Proto space, various current and previous social media employees and founders, software and other tools and the people building them, reputable accounts reporting on tech, and so on.\r\n\r\n(Work in progress)', 'Custom keyboard, DIY keyboard, mechanical keyboard, key switch, keycap, etc.']",78,7.8
429,10,429_aiga_cyanideinsomnia_oneul_oxiente,"['aiga', 'cyanideinsomnia', 'oneul', 'oxiente', 'dongles', 'cosmicaces', 'kashiomiart', 'hino', 'hhye', 'helluvaboos']","['artwork by cyanideinsomnia (minus explicit dongles)', 'Illustration by HINO Aiga', 'Artist / Illustrator\nIllustration of Mitshashi Maiko']",36,3.6
430,10,430_survivor_cast_amber_survivors,"['survivor', 'cast', 'amber', 'survivors', 'cbs', 'season', 'firehoses', 'istandwithamberheard', 'unfolding', 'zones']","['Feed with posts mentioning #survivor, #survivor47, and from Survivor players', 'Posts about the CBS show Survivor. Includes #Survivor hashtags as well as tags specific to a season number.', 'Survivor posts, delayed by 2 hours for time zones not affected by daylight savings. WARNING: If you view a post, you leave the feed and may see newer replies! Posts are about the CBS show Survivor. Includes #Survivor hashtags as well as tags specific to a season number.']",64,6.4
431,10,431_fanarts_orginal_imagens_fairyelssie,"['fanarts', 'orginal', 'imagens', 'fairyelssie', 'girgeergiru', 'freewill', 'diferent', 'hardsurce', 'artwors', 'subversive']","['All necro art! 💀 Artworks by Ceres. Commissions, fanarts, OC art, and some sneak peeks into other works.', 'Outsider art showcasing creative works produced by individuals who are largely untrained or unconnected to the mainstream art world - driven by personal vision or necessity rather than commercial or critical expectations.\n\nCreated with surf.social', ""Soft activism & humanists making use of art, sciences to raise awareness and give access to knowledge to one another towards freedom, freewill, self-awareness and well being; setting human first and centering values on equity.\r\n\r\nSpectra Gallery' artistic subversive collective.""]",12,1.2
432,10,432_1929_britechester_beksiski_comicartillustration,"['1929', 'britechester', 'beksiski', 'comicartillustration', 'degrees', 'warhammerpaintingpaintingwarhammer40kpaintingaospaintingminiaturepaintingminiaturetutorialminiaturepaintingtutorialpaintingminiaturesageofsigmarpaintingpaintingminisminipaintingminipaintingtutorial', 'paintingminis', 'zdzisaw', 'sherendoodles', 'sanok']","['Collects painted miniatures from across Bluesky. Picks up minipainting, miniaturepainting, paintingminis, both plain text and hash tags and with spaces.', 'Zdzisław Beksiński is known as a Polish artist. He was born in Sanok, Poland in 1929. He passed away in 2005.', 'Artistic twins Leonardo and London Bee move to Britechester to get their degrees, but an unplanned pregnancy and fame changes the trajectory of their lives.']",17,1.7
433,10,433_hairy_bushsky_gaywaders_httpsneospringorgstupidface,"['hairy', 'bushsky', 'gaywaders', 'httpsneospringorgstupidface', 'latexman', 'bushy', 'gayrubber', 'gayrubberboots', 'gaylatex', 'latexboy']","[""celestinefury's posts, reposts, and replies with furry art largely filtered out, for people not into that. note that filtering is imperfect as the common tags and mutelists used don't catch everything"", 'For us gay rubberducks.\n\ngaylatex gayrubber rubberman rubbermen rubberboy rubberist gaywaders gayrubberboots latexman latexmen latexboy\n\nTrying to exclude AI, spammers', 'NSFW porn with a focus on all things hairy and bushy !\r\n\r\nhairy | hairy pussy | hairy bush | hairy armpits | bushsky\r\n\r\n👉 verified adult creators only\r\n👉 curated and moderated feed\r\n👉 use #bushsky to be included']",107,10.7
434,10,434_exarch_kattabolt_crystal_wolexarch,"['exarch', 'kattabolt', 'crystal', 'wolexarch', 'minoltagang', 'minolta', 'areyoshi', 'sero', 'graha', 'tia']","[""A Feed for following everything on Minolta Photography (some JPN support!), for the Minoltagang. https://discord.gg/6ZzEeHvFtc\n\nSearch Terms (Text/Alt-Text): 'autocord', 'hi-matic',  'maxxum', 'dynax', 'dimage', minolta, rokkor, minoltagang, 'ミノルタ', 'ロッコール'\n\nExcludes Konica, 'コニカミノルタ', MNDigi"", 'Posts about the webcomic project ""Kattabolt"" by areyoshi! Includes update, art, and text posts related to Kattabolt that are posted by areyoshi and their project assistant, slyllama.\n\n""Kattabolt"" is a webcomic about Alex, a pre-teen cat girl in a fantasy world with a lot of secrets to uncover!', 'A feed focusing on Crystal Exarch. Excludes posts without images. Includes solo/ship art, regardless of top/bottom. Search terms: wolexarch, crystal exarch, 수정공, 水晶公, 光公, 公光, ひろ公, 公ひろ, 메테수정, 수정메테']",148,14.8
435,10,435_yi_hasunosora_xiaoxue_xue,"['yi', 'hasunosora', 'xiaoxue', 'xue', 'gekidasanets', 'hanukkah', 'moshu', 'mindonut', 'bunnyusatoratorausa', 'grubsi2006bskysocial']","['Reki/Langa from SK8 the Infinity! Displays posts containing #renga, #rengask8, #lanreki, ラン暦, and ❄️🌺 from the past 7 days\n\nReplies filtered', ""Discover the best TV series, films, and web dramas from Northeast, East, and Southeast Asia. From trending hits to underrated gems, there's always something to watch and talk about.\r\n\r\n#Kdrama #Jdrama #Cdrama #Pdrama #Tdrama and more!\r\n\r\nPowered by Graze.social."", 'feed for the yi city throuple and ships! \n\ncurrently collects any posts that use: songxuexiao, xuexiao, songxue, songxiao, xiaoxue, yi city, xiao xingchen, xue yang, song lan']",104,10.4
436,10,436_grazesocial_labor_httpscamphnet_camphor,"['grazesocial', 'labor', 'httpscamphnet', 'camphor', 'httpsgithubcomh3y6efeedgenerator', 'httpswwwgrazesocial', 'accident', 'clippers', 'chat', 'trying']","['Updated Clippers Chat using graze.social this time.', ""Sorry if you got included in this by accident, I'm trying to separate my feeds by hand // Made with graze.social"", 'This feed picks up posts about Labor Day. Use the word Labor Day to be added to the feed.']",11,1.1
437,10,437_artworks_increased_haha_chance,"['artworks', 'increased', 'haha', 'chance', 'accessible', 'easily', 'silly', 'goes', 'good', 'go']","['My artworks', 'My artworks', '🍕 Increased chance to find good art']",11,1.1
438,10,438_httpsbskyappprofiledidplc4yxma22dnuidplec7x2ogvv5feedaaanfyz23cmbo_necessarily_profiles_says,"['httpsbskyappprofiledidplc4yxma22dnuidplec7x2ogvv5feedaaanfyz23cmbo', 'necessarily', 'profiles', 'says', 'httpsbskyappprofiledidplcnr4a7ddupzvwpfv5sxklmkqhlists3khww7ob3ku2v', 'itsminrabskysocial', 'weirdcest', 'oomkinbskysocial', 'samdean', 'pixelthehammerbskysocial']","[""A quick feed that picks all skeet containing pictures that mention Tifa across Bluesky in the last 7 days.\n\nThis feed picks up both SFW and NSFW images, it also filters most AI generated images so they don't show up. \n\nMade in Skyfeed. For any issues, please @ me at @akod.bsky.social"", 'based on https://bsky.app/profile/did:plc:4yxma22dnuidplec7x2ogvv5/feed/aaanfyz23cmbo but only for posts with a #dragon #snake #Dino #paleoart #kaiju hashtag\n[the arts are sfw, the profiles are not necessarily]\nFeeds / FAQ / Updates: enofeeds.carrd.co', 'Tracking recent Wincest, SamDean, Gencest, and Weirdcest posts.\n\nSome posts may take a while to display because Bsky gets weird.\n\nPlease ignore irrelevant or hateful posts. I will remove them as soon as possible.']",121,12.1
439,10,439_runners_athletes_runforyourlives_running,"['runners', 'athletes', 'runforyourlives', 'running', 'strength', 'dalston', 'dashers', 'comedic', 'haggerston', '4panel']","['Conversations about Hackney 💭\r\n\r\nFrom Shoreditch, Hoxton & Haggerston, to London Fields, Downs & Wick, Stokey, Dalston & De Beauvoir 💬\n\nBlueskyFeedCreator.com', ""Motivation, knowledge, and community for runners and strength enthusiasts. Whether you're chasing a new PR, building strength, or starting on the journey. Tips, workout routines, reviews, race prep, recovery strategies, inspirational stories from other athletes. Welcome to the Nation. 🏃\u200d♂️💪"", 'Hey runners!!! runforyourlives will be a place for runners to share whats going on with their runs\n#getoutthere #runforyourlives #trailrunning #running #runningintherain #ultrarunning #run']",26,2.6
440,10,440_lpez_soulfracturesart_lvaro_comicbook,"['lpez', 'soulfracturesart', 'lvaro', 'comicbook', 'lys', 'nonfurry', 'antics', 'clean', 'art', 'my']","['Feed for all my art!', 'All my nonfurry art!\n\nFeed by @soulfractures.art', ""Follow for a clean feed of Ly's art, without all the other antics!""]",17,1.7
441,10,441_hello_archarogaming_outdated_hi,"['hello', 'archarogaming', 'outdated', 'hi', 'julio', '123', 'wayne', 'world', 'scrolls', 'elder']","['hello world', 'Hello, world!', 'hello, world']",5,0.5
442,10,442_arraytale_rss_cubtrail_cubct125trail125ct110trail110c100hc100tca100ttrail50c105hc105tca105ttrail55ct200trail90ct90ct50,"['arraytale', 'rss', 'cubtrail', 'cubct125trail125ct110trail110c100hc100tca100ttrail50c105hc105tca105ttrail55ct200trail90ct90ct50', 'azurlane', 'azur', 'orix', 'wordshunter', 'hondas', '7arraytale']","['⠀⠀ ⠀ ◟ ͜ ◞ 𝜗 ⠀ 𝚒ᥒf᥆⠀♡ྀ⠀𝚒ᥒf᥆ ⠀ 𐑞 ◟ ͜ ◞\nthese usernames are only for twitter/x.  feel \nfree to inquire about prices (or anything) via \ndm. kindly avoid    hit & run!  h&r = blacklist.\n\n      ☆     (    谢谢！)   \n      @ riu.loves.green', 'プロ野球 オリックス・バファローズに関連するフィードです。\nThis feed is related to the Orix Buffaloes, Japanese professional baseball team ,a member of the Pacific League NPB.', 'key word / キーワード\n「ArrayTale 」\n「ArrayTaleFanart」\n直近7日間ですが、ArrayTaleの話題を全て拾うフィードです。\nThe last seven days, but this feed picks up all ArrayTale topics.']",44,4.4
443,10,443_home_improvement_garden_generativeai,"['home', 'improvement', 'garden', 'generativeai', 'microtips', 'educate', 'craftpersons', 'extraterrestrial', 'engineered', 'designbuildgrow']","['Explore our Home Services feed for expert tips, trends, and guides to enhance your living space and tackle all your home improvement needs!', 'Stay updated on the latest in Generative AI! This feed curates posts featuring OpenAI, Google Gemini, Anthropic, Claude AI, Perplexity AI, and more. 🚀 #GenerativeAI #GenAI', 'This is the official feed of the Design.Build.Grow. Newsletter for home and garden enthusiasts who are awakening the craftpersons within themselves. \nFollow for micro-tips straight from our upcoming issue to help you turn your house and yard into your dream home and garden.']",33,3.3
444,10,444_philately_dailyhexmaniac_dailyhexmaniactumblrcom_stamprelated,"['philately', 'dailyhexmaniac', 'dailyhexmaniactumblrcom', 'stamprelated', 'pumpers', 'participaing', 'pixeldailies', 'misskittypixels', 'censoredporn', 'sharesart']","['A quiet, curated stream of beautiful visuals - mostly open source art that I love. Expect colour, charm and calm: illustrations, paintings and scenes that I find a little magical. Follow for a peaceful escape into pretty things.', 'A feed of philately related items. It includes my own lsit of stamp-related users as well as any items tagged with #philately, #stampcollecting or #stamps.', 'Beta safe media for you pixel pumpers ♡ \r\n#betasafe #pixelporn #censoredforbetas #pixelpumper #censoredporn to be included ♡\r\nNo 2D, No hentai, No AI']",29,2.9
