Topic,Count,Name,Representation,Representative_Docs
-1,16287,-1_of_feed_art_in,"['of', 'feed', 'art', 'in', 'to', 'this', 'or', 'my', 'is', 'and']","['A feed that should mostly just show my art / stuff I post tagged with art words.', 'feed of my art~', 'A feed of my art!']"
0,1409,0_bluestocksapp_spamfiltered_investors_relevant,"['bluestocksapp', 'spamfiltered', 'investors', 'relevant', 'latest', 'by', 'about', 'posts', 'for', 'and']","['The latest posts about Harmony (ONE). Spam-filtered and relevant for investors.\n\nBy @bluestocks.app', 'The latest posts about Bitcoin (BTC). Spam-filtered and relevant for investors.\n\nBy @bluestocks.app', 'The latest posts about ON Semiconductor (ON). Spam-filtered and relevant for investors.\n\nBy @bluestocks.app']"
1,1232,1_regex_custom_feed_personal,"['regex', 'custom', 'feed', 'personal', 'bookmarks', 'feeds', 'replies', 'reposts', 'that', 'this']","['Feed of only my posts, no reposts or replies', 'A custom ""Only Posts"" feed of all the people I follow + myself. For my personal use but feel free to browse it too.\nGoes back 7 days.', 'Feed that shows all replies from people you follow to anyone (like in the original Following feed). Excludes your own posts and replies to you or made in your own threads. (See also the ""Follows & Replies"" version.)']"
2,923,2_bluestocks_httpsappsapplecomappid6740137234_stocks_features,"['bluestocks', 'httpsappsapplecomappid6740137234', 'stocks', 'features', 'right', 'app', 'track', 'check', 'out', 'spamfiltered']","['The latest posts about PROS (PRO). Spam-filtered and relevant for investors. For all features check out the Bluestocks app to track stocks right from Bluesky: https://apps.apple.com/app/id6740137234', 'The latest posts about Hasbro (HAS). Spam-filtered and relevant for investors. For all features check out the Bluestocks app to track stocks right from Bluesky: https://apps.apple.com/app/id6740137234', 'Your personalized feed of posts about stocks in your Bluestocks watchlist\n\nFor all features check out the Bluestocks app to track stocks right from Bluesky: https://apps.apple.com/app/id6740137234']"
3,836,3_httpstrackgoodfeedsco_tracking_wallpaper_italianfood,"['httpstrackgoodfeedsco', 'tracking', 'wallpaper', 'italianfood', 'ff14', 'tracks', 'bobcats', 'allosexual', 'r4today', 'rugby']","['Tracking movies watched in 2024', 'Tracking ""pitch me""', 'Tracking my album of the day posts']"
4,825,4_music_metal_songs_radio,"['music', 'metal', 'songs', 'radio', 'band', 'audio', 'song', 'spotify', 'bass', 'rock']","['A feed for my music!', 'Music', 'Music feed']"
5,509,5_nsfw_18_sfw_hairy,"['nsfw', '18', 'sfw', 'hairy', 'art', 'minors', 'creators', 'explicit', 'warning', 'nudity']","['A feed of my NSFW art.', 'my nsfw art feed 👍', ""NSFW Feed of Xav's Art""]"
6,464,6_photography_photos_photographers_film,"['photography', 'photos', 'photographers', 'film', 'photo', 'camera', 'images', 'cameras', 'landscape', 'nature']","['Photography', 'Feed for my photography', 'Feed with my photography posts.']"
7,425,7_likes_last_sorted_hours,"['likes', 'last', 'sorted', 'hours', 'liked', '24', 'ranking', 'days', 'top', 'hn']","['My top posts sorted by likes!', 'My top posts, sorted by likes!', 'Everything in the past 24 hours sorted by Likes']"
8,408,8_girls_monster_boobs_verified,"['girls', 'monster', 'boobs', 'verified', 'porn', 'realgirls', 'goth', 'creators', 'fanfiction', 'fans']","['Verified adult content creators posting breeding kink content\r\n\r\n(to be featured, link in bio to join RealNSFW list, then use any #breeding hashtag)', 'HQ for Onlyfans, Fansly, FMTY babes, strippers, & SWers of all kinds💙🤍\r\nReal NSFW content from real people.\r\nFocus on Hot Girls & NB Porn, Lewds, & Nudes\r\n\r\nVerified creators only! Get approved: babesky.com/request\r\n\r\nIncludes media tagged with #realNSFW', 'Natural girls - may be NSFW/adult/nudity/porn\r\n\r\n(Must be on RealGirls list to be featured)']"
9,397,9_doodles_sketches_wips_commissioned,"['doodles', 'sketches', 'wips', 'commissioned', 'finished', 'artwork', 'drawings', 'art', 'illustrations', 'pieces']","['My art, sketches and doodles', 'Doodles and sketches, including WIPs!', 'Here are my Doodles! (Sketches, Doodles, WIPS...)']"
10,350,10_blueskyfeedcreatorcom_blueskyfeedscom_made_at,"['blueskyfeedcreatorcom', 'blueskyfeedscom', 'made', 'at', 'bluesky', '100devs', 'feeds', 'feed', 'revpit', 'this']","['OK, just admit it, you are either openly or secretly addicted to this TLC show. \nWill the couples survive or will the relationships end? What are they fighting about now? Enjoy the chatter. // Made at BlueskyFeeds.com', 'This is the original 90 Day Fiancé Bluesky feed.\nOK, just admit it, you are either openly or secretly addicted to this TLC show. \nWill the couples survive or will the relationships end? What are they fighting about now? Enjoy the chatter.', 'A Feed for #GenHour created with BlueSky Feed Creator as an alternative to the original Feed - which will work better? Displays posts containing the hashtag #GenHour, for following or catching up with the weekly #genealogy chat taking place Thursdays at 8pm UK time.\n\nBlueskyFeedCreator.com']"
11,340,11_skyfeed_twitch_youtube_skyfeedapp,"['skyfeed', 'twitch', 'youtube', 'skyfeedapp', 'stream', 'videos', 'private', 'streamers', 'video', 'clips']","['Twitch Feed', 'Twitch stream related feed', 'made with skyfeed']"
12,290,12_booksky_books_book_fiction,"['booksky', 'books', 'book', 'fiction', 'reading', 'readers', 'authors', 'zine', 'literary', 'reviews']","['A #booksky feed for discussing and reviewing your favorite historical fiction books! Use ⏳📚 or 📚⏳ to post to feed. More #booksky feeds 👉🏻 booksky.club/list', ""A feed for anyone who likes reading and books. Share what you're reading with us by using 💙📚 or #booksky in your posts. More #booksky feeds 👉🏻 booksky.club/list"", ""A feed for anyone who likes reading and books. Share what you're reading with us by using 💙📚 or #booksky in your posts. More #booksky feeds 👉🏻 booksky.club/list""]"
13,262,13_collection_art_3d_my,"['collection', 'art', '3d', 'my', 'posted', 'artworks', '2d', 'reposts', 'ive', 'collected']","['A collection of all my art posts.', 'a collection of all my art posts 🌈', 'Collection of all my art posts']"
14,256,14_gaming_games_game_video,"['gaming', 'games', 'game', 'video', 'gamedev', 'dev', 'steam', 'indie', 'nintendo', 'sbox']","['A feed of all things gaming!', 'For all the gaming content', 'Everything about gaming & video games']"
15,249,15_programming_software_python_web,"['programming', 'software', 'python', 'web', 'language', 'linux', 'devops', 'homelab', 'selfhosting', 'coding']","['A feed with programming related posts.', 'Posts related to the Go programming language.', 'Posts about the programming language.']"
16,242,16_news_journalists_uk_journalism,"['news', 'journalists', 'uk', 'journalism', 'politics', 'sources', 'breaking', 'reuters', 'independent', 'times']","['News feed', 'News', 'news']"
17,241,17_art_posted_artinquirycom_my,"['art', 'posted', 'artinquirycom', 'my', 'artwork', 'artrelated', 'artists', 'ive', 'forge', 'so']","['A feed for my art posts.', 'Feed of my art posts', 'Feed for all my art posts!']"
18,226,18_football_fc_league_united,"['football', 'fc', 'league', 'united', 'soccer', 'club', 'cup', 'rugby', 'match', 'premier']","['This feed is all about football! Stay updated with the latest news, match updates, and transfer gossip from the world of football', 'This feed will include posts about football news', 'Top discussions/news about soccer/football⚽️']"
19,220,19_httpsbluefactsappfeedbuilder_controversies_create_political,"['httpsbluefactsappfeedbuilder', 'controversies', 'create', 'political', 'own', 'legal', 'commentary', 'discussing', 'covering', 'debates']","['Posts covering investigations, legal actions, and political controversies involving Jack Smith in high-profile cases.\n\nCreate your own feed with https://bluefacts.app/feed-builder', 'Posts discussing controversies and political commentary surrounding Homan, including critiques of policies and public statements.\n\nCreate your own feed with https://bluefacts.app/feed-builder', 'Posts discussing controversies, political actions, and commentary involving the U.S. political figure Mike Johnson.\n\nCreate your own feed with https://bluefacts.app/feed-builder']"
20,205,20_bluesky_on_squamish_antidoping,"['bluesky', 'on', 'squamish', 'antidoping', 'gen', 'systems', 'design', 'algorithm', 'blueskyfeedcreatorcom', 'accounts']","['Get the latest news on BlueSky', 'A list of bluesky posts', 'My posts about Bluesky']"
21,195,21_ps5pro_nekoshowgun_synduality_hoshiyomi,"['ps5pro', 'nekoshowgun', 'synduality', 'hoshiyomi', 'photographic', 'japanese', 'monochrome', 'images', 'thecomersios', 'appspower']","['琵琶は中央アジアからシルクロードを通って、日本に伝来した楽器である。\nThe biwa is musical instrument that came to Japan from Central Asia via the Silk Road.\n 奈良時代には伝来し、現代までに日本の風土に合わせた多種多様な琵琶がある。\nIt was introduced in the Nara period, and up to the present day there are a wide variety of biwa that are tailored to the Japanese climate.', 'Rise of the Tomb Raiderだよ！\n#RiseoftheTombRaider /PS5Pro', 'Tomb Raider Definitive Editionだよ！\n#TombRaiderDefinitiveEdition /PS5Pro']"
22,190,22_blueskyfeedscom_made_at_xpan,"['blueskyfeedscom', 'made', 'at', 'xpan', 'ultralight', 'mew', 'probando', 'france', 'wholesale', 'costco']","['A collection of everything Xoan (Hasselblad Xpan) #xpan #hasselbladxpan #fujitx1 //Made at BlueskyFeeds.com', ""Inspired by Bob Gourley's list at the bad place // Made at BlueskyFeeds.com"", 'Everything on Bluesky about Costco Wholesale and Kirkland Signature products. \nPosts, pics, cool finds, etc. \n\nNo affiliation with Costco Wholesale. This is a fan ran and automated feed // Made at BlueskyFeeds.com']"
23,187,23_blueskyfeedcreatorcom_listy_otters_girls,"['blueskyfeedcreatorcom', 'listy', 'otters', 'girls', 'automation', '6s', '5cp', 'wax', 'choo', 'lesbian']","['The gang is back at it again, moving forward in love... but moving backwards in friendship.\n\nBlueskyFeedCreator.com', ""Jason Chambers and Cody Vatore, brothers that don't know the other exist as they face the highs and lows of love, family and acceptance.\n\nBlueskyFeedCreator.com"", 'make sure to use these terms or tags in your posts to be on the thread (besides 6s, sides, and 5cp they are strict #) :\r\n#competitiveTF2 #comptf2 #6s #sixes #4v4Passtime #5CP #RGLgg #etf2l #ozfortress #asiafortress #CollegiateTF2\n\nBlueskyFeedCreator.com']"
24,179,24_nothing_hello_debugging_best,"['nothing', 'hello', 'debugging', 'best', 'shite', 'me', 'dumb', 'time', '123', 'worse']","['Nothing but me me me', 'For debugging~ Nothing to see here!', 'For debugging~ Nothing to see here!']"
25,178,25_plant_plants_botany_reef,"['plant', 'plants', 'botany', 'reef', 'science', 'gardening', 'coral', 'biology', 'soil', 'trees']","['A Feed to compile posts on the history of plant science. Hashtags indexed:\n\n#PlantScienceHistory|#PlantSciHis|#HistoricalPlantScience|#PlantScienceClassics|#HistPlantBio|#HistBioPlant\n\nPlant Science Plant Biology', 'A quick feed hoping to aggregate all plant science, plant biology, botany, and agronomy posts on Bluesky!  Remember to tag your post with both the 🌾 and 🧪emojis!\nThese words will also tag your post in the feed: plant biology, agronomy, botany, plant science, chloroplast, photosynthesis, chlorophyll', 'Feed about Botany and Plant Research.']"
26,177,26_surfsocial_created_powered_flipboard,"['surfsocial', 'created', 'powered', 'flipboard', 'with', 'surf', 'surffeeds', 'voices', 'contribute', 'news']","['試験運用: fedibirdハッシュタグを含む投稿です\n\nCreated with surf.social', 'Latest tech news\n\nCreated with surf.social', 'news\n\nCreated with surf.social']"
27,175,27_comic_comics_coop_pages,"['comic', 'comics', 'coop', 'pages', 'strip', 'batman', 'librarypass', 'book', 'read', 'graphic']","['Feed Comics', 'A feed for all of my comics!', 'Feed of the comic']"
28,166,28_art_momoko_peach_burriburis,"['art', 'momoko', 'peach', 'burriburis', 'traditional', 'artonly', 'lopez', 'charcoal', 'feed', 'paintings']","[""Salier's Art Feed. <3"", 'Art Feed', ""Pour les amoureux de Peach Momoko et de son art !\nPour alimenter le feed rien de plus simple : Écris juste Peach Momoko dans ton post\n\nFor the Peach Momoko lovers !\nTo feed this fees, it's simple : Just write Peach Momoko in your Post""]"
29,155,29_gay_romance_bdsm_bondage,"['gay', 'romance', 'bdsm', 'bondage', 'femdom', 'kinky', 'dark', 'porn', 'bdsmbabesbskysocial', 'kink']","['Gay Porn World', 'Discover for Gay.', 'The current most liked gay and gay porn posts. Use #gay and #gayporn to show up in feed.']"
30,151,30_black_donate_blacksky_blueskyfeedcreatorcom,"['black', 'donate', 'blacksky', 'blueskyfeedcreatorcom', 'space', 'add', 'desert', 'educated', 'culture', 'safe']","['An algorithm showcasing posts by Black users on the network, specifically young adults.\n\nfollow this feed to interact and connect with your new potential mutuals.\n\nDisclaimer [to detect black users, the bot scans for the n word, heres my take on the original blacksky feed, heres blacksky 2]', 'Black Readers and Black Authors celebrating BLACK books!\r\n\r\nUse #BlackBookSky to add to the feed\n\nBlueskyFeedCreator.com', 'Books by Black authors']"
31,149,31_ai_intelligence_artificial_machine,"['ai', 'intelligence', 'artificial', 'machine', 'learning', 'tech', 'innovation', 'generative', 'automation', 'ml']","['Android Dreams\nPost using #android_dreams\nA feed about AI (Artificial Intelligence), AGI (Artificial General Intelligence), SAGI (Super Artificial General Intelligence) and other posts about human, machine intelligence, or other lifeforms, e.g., cephalopods, mammals, etc..', 'Artificial intelligence and machine learning', 'Posts with AI']"
32,147,32_artists_fashion_blueskyfeedcreatorcom_blueskyfeedscom,"['artists', 'fashion', 'blueskyfeedcreatorcom', 'blueskyfeedscom', 'coloring', 'art', 'bsky', 'made', 'at', 'wwwbskyart']","['Modern Fashion AU Feed! a specific crossover au where fandom characters live in a modern world in fashion! // Made at BlueskyFeeds.com', 'Modern Fashion AU Feed! a specific crossover au where fandom characters live in a modern world in fashion! // Made at BlueskyFeeds.com', ""Welcome to the official Bluesky Fashion Community! 🪡🦋🤍\n\nThis feed is for anyone who loves and is interested in fashion! Come and connect with others and post anything fashion. \n \nFor visibility, add #fashionsky to your posts. Don't forget to like, pin, & share the feed! ❤️📌↻\n\n⬇️ Click & see who liked!""]"
33,146,33_mutuals_replies_people_follow,"['mutuals', 'replies', 'people', 'follow', 'quote', 'miss', 'friends', 'reply', 'listuserdidmutuals', 'reposts']","['mutuals without reposts', 'Mutuals, ""original"" posts only, no replies in the last 3 hours', 'mutuals with replies']"
34,136,34_travel_cruise_planning_vacation,"['travel', 'cruise', 'planning', 'vacation', 'attractions', 'tourist', 'hiking', 'trail', 'climbing', 'cities']","['Planning a vacation to Asia?  Discover the most popular cities, iconic landmark and top tourist attractions in Japan, China, Hong Kong and Singapore. \n\nStart planning your vacation today!', 'Planning a vacation to Australia or New Zealand?  Discover the most popular cities, iconic landmarks, top tourist attractions and some practical travel information. Cities covered: Sydney, Melbourne and Wellington.', 'Planning a vacation to Canada?  Discover the most popular cities, iconic landmarks, top tourist attractions and some practical travel and cruise info.  Popular cities include: Vancouver, Victoria, Ottawa, Montreal, Quebec City and Halifax.']"
35,135,35_pokemon_pokmon_shiny_duel,"['pokemon', 'pokmon', 'shiny', 'duel', 'aiyoku', 'master', 'yugioh', 'anime', 'hyouza', 'namjin']","['a feed containing all of my pokemon art', 'Pokemon Feed - posts containing pokemon or pokémon', 'For my pokemon related posts!']"
36,134,36_hashtag_hashtags_twwm_tagged,"['hashtag', 'hashtags', 'twwm', 'tagged', 'tfidf', 'following', 'om', 'pulls', 'hastags', 'tag']","['This is an automatic feed that collects rwrb fics using the tag #RWRBFic and #RWRBficrec. Use one of those tags and your post will automatically appear here—quotes and replies excluded. Sister feed to rwrb!wip. Icon by @shimirart.', 'This is an automatic feed that collects rwrb wips using the tag #RWRBwip. Use that tag and your post will automatically appear here—quotes included, replies excluded. Sister feed to rwrb!fics. Icon by @shimirart.', 'TWWM and Esks are part of an ARPG created by Witherlings@da.\nSearches past 7 days. Uses input list ""TWWM"". Searches for anything tagged #twwm, or mentions ""twwm"", ""Those Who Went Missing"", ""Witherlings"" in post text or alt text.\n\nHeavy work in progress! 🌱']"
37,129,37_tagged_fursona_art_artwork,"['tagged', 'fursona', 'art', 'artwork', 'pixel', 'pixelart', 'artists', 'animation', 'iad', 'chappell']","['all my posts tagged #art', 'All of my art (tagged with 👻🦈)', 'All my art tagged with #art!']"
38,128,38_cooking_recipes_food_recipe,"['cooking', 'recipes', 'food', 'recipe', 'baking', 'meals', 'delicious', 'bread', 'foodsky', 'culinary']","['Explore the delicious world of Food Blogging! Get recipes, cooking tips, and culinary inspiration to elevate your kitchen game.', 'Just recipes!  \nUsing tags like #recipe, #baking, #cooking, etc\n\n(ver 20250914.1)', 'Cooking and Food.']"
39,127,39_art_my_artwork_just,"['art', 'my', 'artwork', 'just', 'bark', 'personal', 'mine', 'painted', 'feed', 'clean']","['A feed for my art!', 'Feed for my art', 'a feed for my art']"
40,124,40_blue_sky_journalists_news,"['blue', 'sky', 'journalists', 'news', 'unfiltered', 'industry', 'bluesky', 'fpl', 'events', 'blueskyfeedcreatorcom']","['History in your Blue Sky feed', 'The top posts by BLUE influencers on Blue Sky over the past 3 hours. Posts with the most discussion and replies on top.', 'The top posts by BLUE influencers on Blue Sky over the past 24 hours. Enjoy!']"
41,123,41_cats_dogs_animals_cute,"['cats', 'dogs', 'animals', 'cute', 'cat', 'corgi', 'drones', 'dog', 'guinea', 'snaketember']","['Cute animals feed', 'Cute animals feed', 'A feed about cats and dogs']"
42,122,42_conference_cybersecurity_tech_2025,"['conference', 'cybersecurity', 'tech', '2025', 'security', 'industry', 'annual', 'technology', '2024', 'spy']","['Feed tracking all mentions of the #ic2s2 2025 conference', 'Feed for 2024 ER&L Conference to aggregate all posts for conference attendees', 'The latest stories and updates on technology and cybersecurity.']"
43,122,43_knitting_crochet_patterns_sewing,"['knitting', 'crochet', 'patterns', 'sewing', 'yarn', 'embroidery', 'fiber', 'knit', 'stitch', 'pattern']","['Crochet & Knit feed 2.\n\nFeed that only shows photos of actual crochet and knitting projects. All photos have alt text for accessibility.\n\nPicks up the usual craft emojis 🧶 AND only posts with these terms in Alt Texts: \nCrochet\nKnit\nTunisian crochet', 'My knitting, crochet, and other craft projects', 'Feed for people who love weaving, knitting, crochet, embroidery, and other fiber arts.']"
44,117,44_ttrpg_ttrpgs_games_steampunk,"['ttrpg', 'ttrpgs', 'games', 'steampunk', 'game', 'sheith', 'rpg', 'dungeon', 'apocalypse', 'pathfinder']","['A test feed for the TTRPG Folks feed.', 'A comprehensive TTRPG feed, including:\n\n- Blades in the Dark\n- Call of Cthulhu\n- Dungeons & Dragons\n- Dungeon Crawl Classics\n- Dungeon World\n- Pathfinder\n- Powered by the Apocalypse\n- Old School Renaissance\n- Shadowdark\n- Starfinder\n- Traveller\n- Vampire: the Masquerade\n\nAmong others.', 'TTRPG feed']"
45,113,45_commonly_crossing_themed_nightcafe,"['commonly', 'crossing', 'themed', 'nightcafe', 'wednesday', 'day', 'nice', 'tuesday', 'dgg', 'tag']","['Posts with Thursday themed hashtags commonly used for nice photos. Currently #InsectThursday #Thursgate #ADoorableThursday #Threesday #TallTreeThursday #BridgesThursday #IronworkThursday #ThursJay #OrchidThursday #ThursdayBins #ThursdayChairs\r\n(HumansOfBluesky and UrbanGaze not included)', 'Posts with Wednesday themed hashtags commonly used for nice photos. Currently #RoseWednesday #WaterWednesday #WallsOnWednesday #WindowsOnWednesday #WaterfallWednesday #WordlessWednesday #WoodpeckerWednesday #WaderWednesday #WildlifeWednesday #WednesdayWindows #WindowsWednesday', ""Posts with Friday themed hashtags commonly used for nice photos. Currently #FlowersOnFriday #FlowerFriday #FloralFriday #FungiFriday #FacadeFriday #FootpathFriday #ForestFriday #FingerpostFriday #PharosFriday #FerrousFriday #FeatheredFriday #FlyDay\r\n(Friday #scape is not included, it's too big.)""]"
46,110,46_sfw_suggestive_rainworld_art,"['sfw', 'suggestive', 'rainworld', 'art', 'artwork', 'fanart', 'hollow', 'fan', 'character', 'chainmaille']","['all my SFW art!', 'A feed of my sfw art!', 'feed of all my sfw art 👔']"
47,107,47_cat_cats_pictures_pics,"['cat', 'cats', 'pictures', 'pics', 'pets', 'videos', 'kitties', 'adorable', 'kittens', 'enjoy']","['Cat Videos - Enjoy videos of #cats including pets, street cats, and big cats! 😺 Based on cat-related keywords, hashtags, alt text, and ML classification.\r\n\r\nFiltered to remove art, spam, NSFW, spam, reposted content, and other irrelevant videos.\r\n\r\n💡Discover - mix of trending and new posts. Created w 🐮', 'Cat Videos - Enjoy videos of pet #cats, street cats, and big cats! 😺 Based on cat-related keywords, hashtags, and alt text.\r\n\r\nFiltered to remove art, spam, NSFW, reposted content, and other irrelevant videos. \r\n\r\n🆕 New - chronological posts. Feed created with @graze.social 🐮', 'Cat Pictures - Enjoy pictures of #cats including pets, street cats, and big cats! 😺 Based on cat-related keywords, hashtags, alt-text, and ML classification.\r\n\r\nFiltered to remove art, NSFW, spam, offensive, and other irrelevant content.\r\n\r\n🆕New - chronological posts. Feed created with @graze.social 🐮']"
48,107,48_gallery_art_place_artwork,"['gallery', 'art', 'place', 'artwork', 'mks108', 'my', 'here', 'enjoy', 'stored', 'see']","['My art gallery 🎨', 'My art gallery! 🎨🐇', 'My art gallery']"
49,103,49_queer_trans_lgbtq_lgbtqia,"['queer', 'trans', 'lgbtq', 'lgbtqia', 'gay', 'sapphic', 'lesbian', 'transgender', 'lgbt', 'books']","['Queer book reviews from the past week. To have your review included, use #BookReview and at least one of these terms: Sapphic, Lesbian, Achillean, Gay, Trans, Queer.', 'a feed dedicated for queer representation in the fandom. Queer oc, queer art, queer shipping, queer writing - anything! \nall queer is welcomed, mlm, wlw, bi/pan, non binary, trans, all queer! \n\n#bg3queer', 'A feed dedicated to queer Vermont. To be included, posts must include VT or Vermont and either gay, queer, lesbian, trans, LGBT, or LGBTQIA+']"
50,103,50_cycling_bike_bikesky_bikes,"['cycling', 'bike', 'bikesky', 'bikes', 'racing', 'labelerbikeskysocial', 'motorcycle', 'label', 'pro', 'subscribe']","['Trending Pro Cycling chatter from across Bluesky.\r\nSee @labeler.radial.racing to get a label.\r\nPost with #procycling or any rider, team or race keyword in your post or alt-text to be included.', 'Pro Cycling videos from across Bluesky 🎥 🚴🚴\u200d♀️🚴\u200d♂️.\r\nSee @labeler.radial.racing to get a label.\r\nPost with #procycling or any rider, team or race keyword in your post or alt-text to be included.', 'Trending Pro Cycling videos from across Bluesky 🎥 🚴🚴\u200d♀️🚴\u200d♂️.\r\nSee @labeler.radial.racing to get a label.\r\nPost with #procycling or any rider, team or race keyword in your post or alt-text to be included.']"
51,103,51_posted_bluesky_blueskyfeedcreatorcom_mis,"['posted', 'bluesky', 'blueskyfeedcreatorcom', 'mis', 'ive', 'art', 'drawings', 'compilation', 'trabajos', 'artadjacent']","['All of my art posted to Bluesky.', 'All of my art posted to Bluesky', 'My art, posted here on Bluesky~']"
52,102,52_medsky_reverse_curation_medskysocial,"['medsky', 'reverse', 'curation', 'medskysocial', 'healthcare', 'field', 'workers', 'chronological', 'order', 'medicine']","['A Medsky feed for healthcare workers in the field of Addiction Medicine. Use keywords #AddictionMed or #HarmReduction to have posts included on the feed.\r\n\r\nUsers with @medsky.social Addiction Medicine labels will be added to curation list.\r\n\r\nPosts in reverse chronological order.', ""A Medsky Clips feed for healthcare workers in the field of Emergency Medicine and EM subspecialties. Keywords include Emergency Medicine, EMsky, EMedSky.\r\n\r\nUsers with @medsky.social's EM-related labels will be added to curation list.\r\n\r\nPosts in reverse chronological order."", 'A Medsky Clips feed for healthcare workers in the field of Addiction Medicine. Use keywords #AddictionMed or #HarmReduction to have posts included on the feed.\r\n\r\nUsers with @medsky.social Addiction Medicine labels will be added to curation list.\r\n\r\nPosts in reverse chronological order.']"
53,101,53_iqdblabelerbskysocial_autogenerated_hair_colored,"['iqdblabelerbskysocial', 'autogenerated', 'hair', 'colored', 'shirt', 'character', 'thighs', 'wearing', 'sleeves', 'eyes']","['Hair that has more than one color. All hair colors present should be tagged, if possible.\n\nAuto-generated by @iqdb-labeler.bsky.social', 'Hair that covers either eye. Typically associated with shy or mysterious characters. For the case where both eyes are covered, use hair over eyes.\n\nAuto-generated by @iqdb-labeler.bsky.social', 'The hub for all hairstylists, hair inspo, and all hair related content.']"
54,100,54_whole_network_brother_bb27,"['whole', 'network', 'brother', 'bb27', 'big', 'bb25', 'bb26', 'bblf', '27', 'gossip']","['Posts with #ai from the whole network', 'Posts with #community from the whole network', 'Posts with #art from the whole network']"
55,100,55_anime_manga_ships_ship,"['anime', 'manga', 'ships', 'ship', 'matsuoka', 'iwatobi', 'eimiko', 'rin', 'utau', 'animemanga']","[""A feed for seeing the top posts of the day about different anime news from different anime news outlets.\n\n@ me if you have another anime news outlet you'd like me to add."", 'Anything and everything Anime/Manga! Posting manga panels and anime screenshots. Anime/Manga news is included as well!\n\nBlueskyFeedCreator.com', 'A feed of posts about anime and manga']"
56,99,56_pixel_pixelart_art_crafts,"['pixel', 'pixelart', 'art', 'crafts', 'anim', 'masterpieces', 'timelapses', 'oldest', 'puppets', 'design']","['Pixel art! Mostly for game stuff 👀', 'Custom feed for myself of pixel art from pixel artists I like.', 'A feed dedicated to pixel art.']"
57,98,57_ffxiv_dragon_gpose_age,"['ffxiv', 'dragon', 'gpose', 'age', 'screenshots', 'xillia', 'artemio', 'dragons', 'ffxvi', 'fae']","['For anything FFXIV related!', 'FFXIV art feed, the SFW and non-trigger edition. This is handdrawn or handmade art, not screenshots or gpose. To be included, tag both ffxiv AND art on the post. \n\nAlso picks up ffxiv artist, ffxiv commission, ffxiv comic. EXCLUDES gpose, mod, screenshot, xivafterdark, sensual, nsfw, cw, tw', 'FFXIV art feed, including NSFW. MAY CONTAIN SQUICKS OR TRIGGERS. This is handdrawn or handmade art, not screenshots or gpose. To be included, tag both ffxiv AND art on the post. \n\nAlso picks up ffxiv artist, ffxiv commission, ffxiv comic. EXCLUDES gpose, mod, screenshot.']"
58,97,58_birding_birds_bird_birdwatching,"['birding', 'birds', 'bird', 'birdwatching', 'sightings', 'hybrids', 'gift', 'nyt', 'ireland', 'irish']","['Birds & birding in The New Forest, Hampshire\n#hantsbirds #hantsbirdnews #hantsbirdalert #birds #birding #birdwatching #newforest #nature #wildlife', 'Birds & birding at BBOWT College Lake, Buckinghamshire.\n#birds #birding #birdwatching #CollegeLake #bucksbirds #bucksbirdnews #bucksbirdalert #wildlife #nature', 'Birds & birding in Buckinghamshire\n#bucksbirds #bucksbirdnews #bucksbirdalert #birds #birding #birdwatching #chilterns #nature #wildlife']"
59,96,59_cosplay_furry_cosplays_anthro,"['cosplay', 'furry', 'cosplays', 'anthro', 'knotting', 'endoonly', 'heraldic', 'fursona', 'bara', 'reuploads']","['A feed for cosplay images', 'A feed of just my cosplay posts.', 'A feed about cosplay!']"
60,95,60_haiku_poems_poetry_de,"['haiku', 'poems', 'poetry', 'de', 'les', 'un', 'dominatrix', 'boston', 'pour', 'para']","['Poetry feed bringing daily poetry tags sorted randomly for exposure. Tags include:\npoetry, poem, haiku, vss365,  poetrycommunity, poetsofbluesky, 7syllablesentence', 'this is a feed of original poetry for the past 7 days-- only poems written by the poster. No haikus, no prompts, no poems of famous poets reposted, no self promotion. Only poems from the author!', 'haiku replies to the #haikufeels poetry prompt']"
61,94,61_tristantristangaylordcom_2025_2024_hehe,"['tristantristangaylordcom', '2025', '2024', 'hehe', 'curates', 'automatically', 'creations', 'excluded', 'issues', 'contact']","['December 2024 art! Mostly #oc and #pokemon stuff hehe🤸🧃', 'October 2025 art! Mostly #oc and #pokemon stuff hehe🤸🧃', 'May 2025 art! Mostly #oc and #pokemon stuff hehe🤸🧃']"
62,93,62_skeets_skeet_oneskies_likes,"['skeets', 'skeet', 'oneskies', 'likes', 'crab', 'cybertruck', 'dont', 'skeeting', 'reskeets', 'trash']","['me and who skeets', 'My skeets', 'My skeets']"
63,91,63_democracy_overwhelmed_resistance_refresh,"['democracy', 'overwhelmed', 'resistance', 'refresh', 'responsible', 'offensive', 'back', 'resist', 'offtopic', 'inappropriate']","[""Democracy Democracies \nConstitution \nBluesky Social Feed. \n \nIf this Feed is Overwhelmed and Refresh doesn't work, Check Back Later and Enjoy my Other Feeds.\n\nNon-Endorsing Curation.\nNot Responsible for Offensive, Off-Topic or InAppropriate Content."", 'Elections \nBluesky Social Feed. \n\nCheck out my Voting Rights Feed.\n \nIf this Feed is Overwhelmed and Refresh does not work, Check Back Later and Enjoy one of my Other Feeds. \n \nNonEndorsing Curation. \nNot Responsible for Off-Topic or Offensive Content.', ""USA Politics\nConstituents Resistance\nBluesky Social Feed.\n\nCheckout my Other Protests Feed.\n\nIf this Feed is Overwhelmed & Refresh Doesn't Work, Check Back Later. \n \nNon-Endorsing Curation.\nNot Responsible for Offensive, Off-Topic or InAppropriate Content.""]"
64,89,64_witchsky_tarotsky_splatoon_witchcraft,"['witchsky', 'tarotsky', 'splatoon', 'witchcraft', 'occultsky', 'witchy', 'witches', 'pagansky', 'spiritsky', 'esotericsky']","['Welcome to #WitchSky, for posts related to witchcraft, occultism, paganism, spirituality, etc.\nUse /witchsky, #witchsky, #occultsky, #spiritsky, #esotericsky or #pagansky for your post to be added! (See the #TarotSky feed for all things tarot!)', 'witchcraft, occultism, paganism, spirituality, etc.\nUse /witchsky, #witchsky, #occultsky, #spiritsky, #esotericsky or #pagansky, /tarotsky or #tarotsky for your post to be added!', 'WitchSky & TarotSky image posts that have alt text. Uses /witchsky, #witchsky, /tarotsky, #tarotsky, #occultsky, #spiritsky, #esotericsky, #pagansky.']"
65,88,65_chemistry_proteomics_rna_psychology,"['chemistry', 'proteomics', 'rna', 'psychology', 'genomics', 'biology', 'royal', 'nanopore', 'chemical', 'transplant']","['A feed for posts about work published in Royal Society of Chemistry journals and posts from the journal accounts, the RSC and Chemistry World.\n\nBlueskyFeedCreator.com', 'This feed covers work published in general chemistry journals at the Royal Society of Chemistry. Focused on Chemical Science, ChemComm, Chem Soc Rev, New Journal of Chemistry, and RSC Advances.\n\nBlueskyFeedCreator.com', 'This feed captures the posting of Green Chemistry papers, relevant announcements and other material related to the Royal Society of Chemistry journal. #GreenChemistry\n\nBlueskyFeedCreator.com']"
66,88,66_cinema_film_movie_movies,"['cinema', 'film', 'movie', 'movies', 'filmsky', 'films', 'trailers', 'actor', 'bridgerton', 'filmmaking']","['For all things related to On Cinema at the Cinema universe.\r\n\r\nUse OCATC, On Cinema at the Cinema, On Cinema, Gregg Turkington, HEI network, Greggheads, Timheads, G Amato, Joey Patron, in your post to be included.', ""A better movies feed for film lovers! Filmsky posts, movie news & reviews, trailers, Letterboxd chatter — it’s all here.\r\n\r\nTo publish to it use the film projector emoji 📽️\r\n\r\nDon't forget to ❤️ this feed!"", 'A feed of everything movie, cinema and film related (in English)']"
67,88,67_tab_media_makeshift_until,"['tab', 'media', 'makeshift', 'until', 'cluttered', 'art', 'my', 'ive', 'basically', 'uploaded']","[""Nightdragon's Media Tab"", 'a media tab for my posts!', 'My Art Media Tab']"
68,86,68_drawings_me_art_arts,"['drawings', 'me', 'art', 'arts', 'drawn', 'finished', 'only', 'drew', 'da', 'put']","['Art by me', 'Art by me!!', 'Art by me!']"
69,85,69_artists_fountain_pen_whose,"['artists', 'fountain', 'pen', 'whose', 'illustrators', 'shader', 'ink', 'fountainpenink', 'hlsl', 'bishoujo']","['Artists, images only', 'artists i follow', 'artists']"
70,81,70_photography_photographers_divcreativocom_coloring,"['photography', 'photographers', 'divcreativocom', 'coloring', 'bluesky', 'artbooks', 'dye', 'lomography', 'featured', 'photographer']","['Natural dye community on Bluesky. Natural dye growers, craftspeople using natural dyes as a hobby or professionally (as fibre dyes or visual art materials, such as ink or paint), and natural dye educators.', 'A springboard for all professional and amateur photographers on Bluesky. The feed includes digital photography, Polaroids, black & white, 35mm, pinhole, analogue. To be featured tag your image with #photography, or any other relevant hashtag.', 'A feed of all the photography I post to my own Bluesky feed.']"
71,80,71_commissions_commission_done_info,"['commissions', 'commission', 'done', 'info', 'ychs', 'open', 'ive', 'openings', 'prices', 'examples']","[""Here's where you'll find my commission info and all the commissions I have done. 🩷💕✨️"", 'Posts with commissions', 'All my Commissions!']"
72,79,72_japan_japanese_period_samurai,"['japan', 'japanese', 'period', 'samurai', 'shogunate', 'dan', 'touhou', '14th', 'en', 'late']","['Posts about Japan in non-Japanese language.', 'japan related stuff', 'Posts mentioning on Japan or Japanese people.']"
73,79,73_reposts_replies_without_repost,"['reposts', 'replies', 'without', 'repost', 'no', 'does', 'bedescarlets', 'miss', 'only', 'reposted']","['Posts, without reposts or replies :3', ""BedeScarlet's posts, without replies or reposts."", ""BedeScarlet's Posts and Replies, without reposts.""]"
74,79,74_furry_furrylist_furries_furryart,"['furry', 'furrylist', 'furries', 'furryart', 'following', 'join', 'rubber', 'fursuit', 'hyper', 'arminwolfat']","['Furry\nPosts by furries with #fursuit.\n\nJoin the furry feeds by following @furryli.st', 'Furry\nPosts by furries with #furryart. Contains a mix of SFW and NSFW content.\n\nJoin the furry feeds by following @furryli.st', 'Furry\nPosts by furries with #furryart and marked NSFW.\n\nJoin the furry feeds by following @furryli.st']"
75,79,75_canadian_canada_saskatchewan_calgary,"['canadian', 'canada', 'saskatchewan', 'calgary', 'ontario', 'alberta', 'housing', 'politics', 'mdias', 'kerhaamorbskysocial']","['Popular hashtag for posts related to politics in Ontario, Canada', 'Popular hashtag for posts related to politics in Toronto, Ontario, Canada', 'Canadian and Ontario Politics']"
76,78,76_therapeutics_httpsappsapplecomappid6740137234_bluestocks_stocks,"['therapeutics', 'httpsappsapplecomappid6740137234', 'bluestocks', 'stocks', 'features', 'right', 'app', 'pharmaceuticals', 'track', 'check']","['The latest posts about Channel Therapeutics (CHRO). Spam-filtered and relevant for investors. For all features check out the Bluestocks app to track stocks right from Bluesky: https://apps.apple.com/app/id6740137234', 'The latest posts about United Therapeutics (UTHR). Spam-filtered and relevant for investors. For all features check out the Bluestocks app to track stocks right from Bluesky: https://apps.apple.com/app/id6740137234', 'The latest posts about Y-MABS THERAPEUTICS (YMAB). Spam-filtered and relevant for investors. For all features check out the Bluestocks app to track stocks right from Bluesky: https://apps.apple.com/app/id6740137234']"
77,78,77_fanart_wriggle_fanarts_worldbuilding,"['fanart', 'wriggle', 'fanarts', 'worldbuilding', 'dragons', 'sfw', 'pipin', 'nightbug', 'tendency', 'flowers']","['Just fanart I want to see.', 'See only my fanart!', 'Fanart for me']"
78,77,78_instead_bsky_backup_skylight,"['instead', 'bsky', 'backup', 'skylight', 'twitch', 'fr', 'redgifs', 'httpsbskyappprofilereireidotbskysocialpost3law3gkpimc2z', 'main', 'jimin']","['This is just a backup Blue Sky feed for the game series Animal Crossing, please use the main one instead: https://bsky.app/profile/did:plc:p6lzmwq6lfnrnqn2qrzdrtmh/feed/aaais2omjkes6', 'This is just a backup Blue Sky feed for the game series Splatoon, please use the main one instead: https://bsky.app/profile/did:plc:p6lzmwq6lfnrnqn2qrzdrtmh/feed/aaakb27sdpjko', 'Feed based on: https://bsky.app/profile/did:plc:yetfwmza6srmvqi7cgla5gp4/lists/3lfqhu6zfju27. DM me if you want to update the list.\nFrench Streamers, French Twitch, Twitch FR, Twitch France, FR Twitch, France Twitch, France Stream, Stream Francophone, Streamer Francophone, Streaming FR.']"
79,76,79_law_democrats_legal_democratic,"['law', 'democrats', 'legal', 'democratic', 'house', 'trump', 'senators', 'lawyers', 'warren', 'lawfare']","['A feed for Law Youtubers and Law Nerds.', 'A Legal Tech feed - all things Legal technology, technology in Law Firms, IT related to law firms, general legal technology posts. Picks up common legal tech topics, but to include a post just tag your post with #legaltech or #legalit', 'Latest posts and discussions about Law.']"
80,74,80_baseball_mlb_orioles_team,"['baseball', 'mlb', 'orioles', 'team', 'jays', 'phillies', 'major', 'highlights', 'httpsbluefactsappfeedbuilder', 'player']","['Includes my favorite baseball players and baseball terms.', '#1 Major League Baseball Feed On BlueSky! \r\n\r\nThe Ultimate Source For Major and Minor League Baseball Updates, Highlights, and Fan Moments!', 'Feed about Major League Baseball']"
81,73,81_testing_test_trial_creation,"['testing', 'test', 'trial', 'creation', 'ignore', 'outliers', 'simulating', 'sentry', 'skeeeeeeeeeeeets', 'needteststuff']","['testing', 'testing', 'Testing']"
82,72,82_horror_stranger_byler_chau,"['horror', 'stranger', 'byler', 'chau', 'stagefright', 'jentry', 'buffy', 'horrorlit', 'undead', 'slayer']","['A feed collecting everything Horror related.', 'A feed for horror discussion, horror movies, etc', 'Horror Content']"
83,71,83_test_clients_ordered_3rd,"['test', 'clients', 'ordered', '3rd', 'chronologically', 'blueskyfeedcreatorcom', 'blueskys', 'party', 'blue', 'sky']","[""A chronologically ordered feed that shows all media posted through one of Bluesky's 3rd party clients"", ""A chronologically ordered feed that shows all media posted through one of Bluesky's 3rd party clients"", ""A chronologically ordered feed that shows all media posted through one of Bluesky's 3rd party clients""]"
84,70,84_melbourne_urbanism_scottish_australia,"['melbourne', 'urbanism', 'scottish', 'australia', 'independence', 'diving', 'naarm', 'scotland', 'urbanists', 'sussex']","['A feed about Naarm Melbourne, Australia\n\nUse #Melbourne or #Naarm to have your post captured by the feed', 'Posts about Melbourne, Australia (Naarm)', 'Anything Melbourne (Australia)']"
85,70,85_sims_sim_family_gameplay,"['sims', 'sim', 'family', 'gameplay', 'gen', 'legacy', 'challenge', 'berry', 'generation', 'save']","[""Stay updated with The Sims community's latest news & game updates!"", 'Sims 4 gameplay, sometimes BTS sims and sometimes not~', 'Catch all feed for The Sims / The Sims 4.']"
86,70,86_test_testing_nonmodel_playwright,"['test', 'testing', 'nonmodel', 'playwright', 'rumbleverse', 'purposes', 'graze', 'development', 'internal', 'experimental']","['a test feed', 'feed test 1', 'Test feed 2']"
87,69,87_trending_content_gymnastics_gymnerds,"['trending', 'content', 'gymnastics', 'gymnerds', 'rundisney', 'gymternet', 'from', 'politico', 'roller', 'iconic']","['Trending content from Culture', 'Trending content from your personal network', 'Trending content from WHO']"
88,69,88_san_diego_bay_francisco,"['san', 'diego', 'bay', 'francisco', 'mixture', 'area', 'bridge', 'gap', 'outlets', 'digest']","['The latest posts from a mixture of traditional and new media outlets based or related to New York to help bridge the gap in the news we digest daily.', 'The latest posts from a mixture of traditional and new media outlets based or related to Ohio to help bridge the gap in the news we digest daily.', 'San Francisco Bay Area Feed by baysky.social']"
89,67,89_nba_wnba_highlights_stats,"['nba', 'wnba', 'highlights', 'stats', 'httpsbluefactsappfeedbuilder', 'create', 'basketball', 'own', 'analysis', 'finals']","['NBA Conversation', 'Feed dedicated to images of NBA/WNBA content.', 'This is a feed of all things NBA']"
90,66,90_ocs_oc_main_info,"['ocs', 'oc', 'main', 'info', 'my', 'sheets', 'shenanigans', 'their', 'xiv', 'andor']","['My OCs!', 'My OCs', 'My OCs <3']"
91,66,91_alt_text_image_assassins,"['alt', 'text', 'image', 'assassins', 'creed', 'alttext', 'images', 'vp', 'tool', 'ktm']","['new images with alt text', 'posts with images and no alt text', 'Image with alt text']"
92,65,92_tagged_nonimage_artists_charity,"['tagged', 'nonimage', 'artists', 'charity', 'feathers', 'art', 'listed', 'exclusively', 'velkyart', 'artchat']","['Artists from my main list who primarily or exclusively draw pixel art (just excludes non-image posts from listed users)\n\nIcon by @butterberrycafe.bsky.social', 'Artists from my main list who primarily or exclusively draw fanart (just excludes non-image posts from listed users)', 'A feed of craftivism and artivism posts. Looks for the following terms: \r\ncraftivism, craftivist, artivism, craft activism, art activism, charity knitting, charity crochet, charity craft, charity crafts, charityknitting, charitycrochet, charitycraft, charitycrafts, 🧶🗣️, 🧵🗣️, 🎨🗣️, 🖌️🗣️']"
93,64,93_gtsgrowthesky_looking_feeds_georgia,"['gtsgrowthesky', 'looking', 'feeds', 'georgia', 'virginia', 'other', 'check', 'alabama', 'out', 'at']","['🇬🇪🇪🇺 Georgia Protests | Latest News | Updates\n\n#GeorgiaProtests #terrorinGeorgia  #Georgia #Tbilisi', 'Feed looking for posts about Virginia.\n   GTS=GrowtheSky\nCheck out other VIRGINIA feeds at #GTS-VA\n\n#Virginia', 'Feed looking for posts about Georgia.\nGTS=GrowtheSky\nCheck out other GEORGIA feeds at #GTS-GA\n\n#GeorgiaUS']"
94,63,94_arcane_bigotry_stolen_vander,"['arcane', 'bigotry', 'stolen', 'vander', 'shipping', 'allowed', 'jayce', 'viktor', 'talis', 'bkdk']","['A curated feed for shipping Jayce and Silco from Arcane, also known as Jayco. No AI, stolen work, or bigotry of any kind allowed 🏳️\u200d⚧️🏳️\u200d🌈', 'A curated feed for shipping Vander and Viktor from Arcane, also known as VanVik. No AI, stolen work, or bigotry of any kind allowed 🏳️\u200d⚧️🏳️\u200d🌈', 'A curated feed for shipping Vander and Jayce Talis from Arcane, also known as Hammerhound. No AI, stolen work, or bigotry of any kind allowed 🏳️\u200d⚧️🏳️\u200d🌈']"
95,63,95_covid_health_healthcare_vaccine,"['covid', 'health', 'healthcare', 'vaccine', 'oxygen', 'long', 'evidence', 'guidance', 'ventilation', 'treatment']","['COVID-19，COVID', 'Covid Feed', 'The ultimate long Covid/MECFS feed that provides posts (not replies) based on either:\n\n1) terms and hashtags like ""long Covid"", ""#Covid"", ""MECFS"", ""#MCAS"", and more.\n\nor\n\n2) list of Covid advocates and researchers, obtained by including various Starter Packs.\n\nIn short, a firehose of long Covid info']"
96,62,96_podcast_podcasts_podcasting_podcasters,"['podcast', 'podcasts', 'podcasting', 'podcasters', 'listen', 'episode', 'episodes', 'pivot', 'wagner', 'malevolent']","['posts that include the podcast microphone emoji and the word podcast', ""If you're looking for the latest updates and episodes from the Life at the Sharp End podcast in a single place, you can find them in this feed.\n\nSubscribe to the podcast at your favourite podcast provider, or at priceperrott.com/podcast"", ""Posts with links to podcast sites or 'podcast' in the text""]"
97,61,97_nfl_httpsbluefactsappfeedbuilder_create_highlights,"['nfl', 'httpsbluefactsappfeedbuilder', 'create', 'highlights', 'own', 'bills', 'analysis', 'plays', 'commentary', 'updates']","['Feed of NFL related content\n\n⚡ RobinFeed', ""Feed for everything NFL. Use any team's full name (ex: Tennessee Titans) or use NFL in a post to show up in this feed."", 'Coverage of the NFL showdown between the Miami Dolphins and Buffalo Bills, focusing on game highlights, key plays, and rivalry updates.\n\nCreate your own feed with https://bluefacts.app/feed-builder']"
98,61,98_fossil_archaeology_paleontology_fossils,"['fossil', 'archaeology', 'paleontology', 'fossils', 'neolithic', 'thearchaeologyorg', 'archaeological', 'prehistoric', 'minerals', 'ancient']","['A feed for fossils of creatures from the past and other paleontology or paleo science related topics posted on Friday. 🦖\n\nFeed picks up: fossil friday; fossilfriday; #fossilfriday', 'A feed for my personal fossil collection.\n🦖\nAll fossils shown here are not for sale or trade.\n🦕\nRelavant topics: fossil; fossilization; paleontology; paleontologist; prehistory; science; evolution; extinction; dinosaur; pterosaur; mosasaur; marine reptile; fish; shark; mammal; ammonite; trilobite', 'A curated feed for paleontology, fossils, prehistoric life related posts using a paleontology list.\n\nFeed picks up hashtags (#) such as; paleontology, palaeontology, paleoart, fossilfriday, fossil, dinosaur, pterosaur, mosasaur, 恐竜, 化石, 古生物学, etc']"
99,61,99_lore_ffxiv_warrior_wolqotd,"['lore', 'ffxiv', 'warrior', 'wolqotd', 'light', 'wolgraha', 'gposes', 'oc', 'ennersval', 'gpose']","['My warrior of light 🤍\n(Lore + extra information about her)', 'My Warrior of Light: Inari 🐚\nFeed will contain gposes, lore, wolqotd answers, commissions, etc.', 'My Warrior of Light: Emrhys 🌙\nFeed will contain gposes, lore, wolqotd answers, commissions, etc.']"
100,60,100_mutual_aid_sustainability_sustmeme,"['mutual', 'aid', 'sustainability', 'sustmeme', 'sustmemecom', 'thnx', 'msg', 'broadly', 'aligned', 'energy']","['Posts from profiles, both professional and personal, sharing insights and information around #sustainability in Built Environment.\nCurated via List by @sustmeme.com —\xa0content is broadly aligned with dedicated SustMeme Magazine Channel.\nTo be added, please msg for review. Thnx.', 'Posts from profiles, both professional and personal, sharing insights and information around #sustainability in Climate & Energy.\nCurated via List by @sustmeme.com —\xa0content is broadly aligned with dedicated SustMeme Magazine Channel.\nTo be added, please msg for review. Thnx.', 'Posts from profiles, both professional and personal, sharing insights and information around #sustainability in Circular Economy.\nCurated via List by @sustmeme.com —\xa0content is broadly aligned with dedicated SustMeme Magazine Channel.\nTo be added, please msg for review. Thnx.']"
101,59,101_autistic_autism_adhd_neurodivergent,"['autistic', 'autism', 'adhd', 'neurodivergent', 'neurodiversity', 'neurodivergents', 'audhd', 'adults', 'syndrome', 'neuroanatomy']","['Autistic', 'A feed of Neurodivergent–related keywords & neurodivergent persons.\r\n\r\n* Autism, Autistic, Actually Autistic, Autistic Actually, ADHD, AuDHD, OCD, Dyslexia, Dyspraxia, Dyscalcelia, Dysgraphia, Hyperlexia, Synesthesia, Neurodiversity, Neurodivergent, Neuroatypical, & more!\r\n\r\nPowered by Graze.social.', 'Bringing together all Neurodivergents - autism, autistic, adhd, audhd, actually autistic, neurodiversity, neurodivergent, of course neurospicy and more']"
102,59,102_josh_sciencesocial_discordggqgjfy8wqst_joshuniversecom,"['josh', 'sciencesocial', 'discordggqgjfy8wqst', 'joshuniversecom', 'official', 'discord', 'website', 'universe', 'moderation', 'questions']","['Official Astrophysics feed on Bluesky by Science.Social and Josh Universe. Use the #astrophysics hashtag to post to this feed.\n\nContact us via Discord for questions or moderation: discord.gg/QgjFy8wQST\nOfficial Website: joshuniverse.com', 'Official Engineering feed on Bluesky by Science.Social and Josh Universe. Use the #engineering, #engineer, or #aerospaceengineering hashtag to post to this feed.\n\nContact us via Discord for questions or moderation: discord.gg/QgjFy8wQST\nOfficial Website: joshuniverse.com', 'Official Biology feed on Bluesky by Science.Social and Josh Universe. Use the #biology or #bio hashtag to post to this feed.\n\nContact us via Discord for questions or moderation: discord.gg/QgjFy8wQST\nOfficial Website: joshuniverse.com']"
103,58,103_christianity_jesus_bible_christian,"['christianity', 'jesus', 'bible', 'christian', 'esv', 'faith', 'christians', 'missional', 'believes', 'ponder']","['See what both Protestant and Catholic Christians are saying about Jesus, the Bible, God’s love, faith, grace, and more. Get encouragement, hope, and insights!\n\n""Whoever believes in him should not perish but have eternal life."" - John 3:16b (ESV)\n\n#Christianity #Bible #Jesus', 'Here are some popular Christian themed posts to ponder!\n\n#Christianity #Bible #Jesus', 'See what Catholic & Orthodox Christians are saying about Jesus, the Bible, God’s love, faith, grace, and more. Get encouragement, hope, and insights into the Christian life.\n\n""Whoever believes in him should not perish but have eternal life."" - John 3:16b (ESV)\n\n#Christianity #Bible #Jesus #Catholic']"
104,58,104_katharine_hayhoes_climate_financial,"['katharine', 'hayhoes', 'climate', 'financial', 'pack', 'starter', 'based', 'money', 'starterpack', 'finance']","[""Feed based on Katharine Hayhoe's Starter Pack:\nKatharine's Canadian Climate Scientists.\nLink: https://go.bsky.app/GcVKfkc"", ""This feed is based on Katharine Hayhoe's Starter Pack: Climate Scientists Katharine Recommends.\nhttps://go.bsky.app/7Mbnoge"", 'This feed is based on Katharine Hayhoes Starter Pack on Climate Science & Research Orgs.\nhttps://go.bsky.app/5kuYAhM']"
105,57,105_wars_star_albertmpadillabskysocial_starwars,"['wars', 'star', 'albertmpadillabskysocial', 'starwars', 'republic', 'galaxy', 'luke', 'instead', 'skeleton', 'andor']","['Posts involving fan-created Characters in Star Wars', 'Find all posts relating to Star Wars!', 'Star Wars Feed']"
106,56,106_just_my_ok_literally,"['just', 'my', 'ok', 'literally', 'guess', 'chawan', 'shameful', 'poops', 'stupidest', 'thesethese']","['just my posts', 'Just my posts', 'Just my posts...']"
107,55,107_avgeek_india_aviation_australian,"['avgeek', 'india', 'aviation', 'australian', 'shropshire', 'aussie', 'shortland', 'apples', 'trackers', 'adsb']","['top avgeek and aviation posts without the bots! add #avgeek to your post for it to be added', 'all things avgeek and aviation without the bots! blend of new and trending posts. add #avgeek to your post for it to be added', 'avgeek and aviation videos. use #avgeek or #aviation on your post for it to show up in the feed']"
108,55,108_gems_hidden_jersey_local,"['gems', 'hidden', 'jersey', 'local', 'state', 'culture', 'beauty', 'explore', 'vibrant', 'south']","['Discover the beauty and charm of North Carolina! Explore hidden gems, travel tips, and local attractions for your next adventure.', 'Discover the beauty of Utah! Explore stunning landscapes, local culture, outdoor adventures, and hidden gems across this breathtaking state.', 'Explore the beauty and charm of West Virginia! Discover outdoor adventures, local culture, and hidden gems across this stunning state.']"
109,55,109_yohanplumbskysocial_spectreskullbskysocial_popular_most,"['yohanplumbskysocial', 'spectreskullbskysocial', 'popular', 'most', 'mech', 'brought', 'universe', 'amazingly', 'ctrlfbskysocial', 'cultureshipname']","['All things mech!\n\nIf you have a mech media suggestion to include in here, send me a message @pauloprudente.bsky.social', 'The Most Underrated Social Media Posts in the Known Universe, brought to you by @tindizzy.bsky.social', ""An attempt to curate @solomonmissouri.bsky.social's feed, identifying his most popular longform threads. Experimental.""]"
110,55,110_typescript_survivor_apps_apple,"['typescript', 'survivor', 'apps', 'apple', 'store', 'mobile', 'season', 'survivorau', 'apptweak', 'metaframeworks']","['typescript', 'typescript', 'Feed for the CBS show Survivor. Contains posts with #survivor, season tags such as #survivor47, and international tags such as #survivorau']"
111,54,111_goes_heres_art_here,"['goes', 'heres', 'art', 'here', 'my', 'where', 'literallly', 'wolfs', 'all', 'resides']","['All my art goes here.', 'All my art goes here 💜', 'All my art goes here!']"
112,54,112_vrchat_vr_reality_vrchatrelated,"['vrchat', 'vr', 'reality', 'vrchatrelated', 'vrchatworld', 'augmented', 'vrc', 'spicyvrc', 'vrcphoto', 'dupes']","['All Things VRChat', 'VRChat content', 'All posts in #VRChat']"
113,53,113_ocs_oc_marrow_art,"['ocs', 'oc', 'marrow', 'art', 'ares', 'done', 'drawings', 'my', 'drawn', 'various']","['All Artwork of My OCs', 'Art that features my OCs!', 'Art of my OCs']"
114,52,114_test_dataset_27th_sample,"['test', 'dataset', '27th', 'sample', 'interactions', 'registered', 'advanced', 'empty', 'march', 'didnt']","[""Experimental feed. Building block for more advanced feeds.\nDataset:\nMarch 27th 2024\nIf you registered later or didn't have enough mutual interactions to get on this dataset sample - the feed will be empty for you."", ""Experimental feed. Building block for more advanced feeds.\nDataset:\nMarch 27th 2024\nIf you registered later or didn't have enough mutual interactions to get on this dataset sample - the feed will be empty for you."", ""Experimental feed. Building block for more advanced feeds.\nDataset:\nMarch 27th 2024\nIf you registered later or didn't have enough mutual interactions to get on this dataset sample - the feed will be empty for you.""]"
115,52,115_basketball_womens_nba_usl,"['basketball', 'womens', 'nba', 'usl', 'hockey', 'pwhl', 'league', 'aleague', 'mens', 'ncaa']","['NBA & FIBA basketball (currently almost exclusively NBA though). Chronological.', ""Posts about men's NCAA basketball and its teams, games, players, coaches, tournaments, and conferences"", 'Posts about Womens Basketball']"
116,50,116_articbleubskysocial_jareddillonbskysocial_yohanplumbskysocial_art,"['articbleubskysocial', 'jareddillonbskysocial', 'yohanplumbskysocial', 'art', 'by', 'brazilianmiku', 'broomfiebskysocial', 'alienfirstbskysocial', 'andriy', 'asterion']","['Artwork related to the character 8ball and the story Billiards Gang by @articbleu.bsky.social!', 'Logotypes created by Andriy Lukin', 'Artwork related to the characters Stubby & Astronomer and the story Wishing Star by @articbleu.bsky.social!']"
117,49,117_final_fantasy_hololive_holoid,"['final', 'fantasy', 'hololive', 'holoid', 'xenoblade', 'her', 'viii', 'vii', 'arknights', 'eunha']","['Feed focusing on any posts about hololive Indonesia & fans. This feed performs a thorough search for holoID related terms and hashtags, except fanart tags.\n\nFind ""holoID Art"" for fanart posts!\n\nThis subfeed will be a part of a hololive production topic megafeed.\n\n#hololive #holoID #hololiveIndonesia', ""Keep goin'? >Off course! >No, way!\nA feed for all things Final Fantasy VII | Final Fantasy 7"", 'All the content of the Final Fantasy Feed, but without Final Fantasy 14']"
118,49,118_ships_voyager_tuvok_neelix,"['ships', 'voyager', 'tuvok', 'neelix', 'uss', 'janeway', 'captain', 'ship', 'belanna', 'tuvix']","['Chakotay was a 24th century human and Starfleet officer before joining the Maquis, later joining the crew of the starship USS Voyager as First Officer under Captain Janeway during their seven year journey back to Earth\n\n(all mentions of Chakotay)\n\nID: Chakotay against a purple/white background', ""Computer, activate holodeck program Chez Sandríne à Marsailles. Load characters: Janeway, Chakotay, Tuvok, Seven, Neelix, Tom, Harry, B'Elanna, the EMH, and Tuvix. Safety protocols... off\n\nBluesky feed for Star Trek: Voyager\n#VOY #Voyager #StarTrek\n\n[ID: Janeway sits on a pool table]"", ""Tuvok, husband to T'pel, father of four, Starfleet dropout, mildmeld extraordinaire, junior science officer aboard the USS Excelsior under Captain Sulu, chief of security aboard the USS Voyager under Captain Janeway. #VOY #StarTrek\n\n(all mentions of Tuvok)\n\n[ID: portrait of Tuvok]""]"
119,48,119_emoji_tagged_melihat_pengaturan,"['emoji', 'tagged', 'melihat', 'pengaturan', 'centang', 'hapus', 'konten', 'matikan', 'fotogambar', 'bahasa']","['ALL my art tagged with a 🔥 emoji', 'ALL my art tagged with a ⛓️ emoji', 'Feed for all of my Art, tagged with the 🎨\n emoji.']"
120,48,120_homepage_nmrchat_dialuci_torii,"['homepage', 'nmrchat', 'dialuci', 'torii', 'iox', 'couchpeloton', 'mrclmbs', 'mrclmb', 'gigem', 'airing']","['NMRchat feed, v0.3, works with keywords NMR, NMRchat #EPR, NMRnews and #NMRchat\ncontact @dnpfred', 'DiaLuci Week runs annually from July 8 to July 20! Be sure to tag #dialuciweek to appear on this feed! Concepts under the DiaLuci umbrella include Diacifer, Lucivolo and DiaLuci (switching)!', 'Latest/Popular Posts about The Walking Dead, The Walking Universe, Spinoffs, Characters & Cast of TWD\n\n**Feed may contain spoilers for shows airing or airing in the future. Muting #spoilers MAY help**\n\n#twd #twdu #twdfamily #thewalkingdead #twddaryldixon #twddd #deadcity #towl #theoneswholive']"
121,48,121_camprevpit_sprints_encouragement_calm,"['camprevpit', 'sprints', 'encouragement', 'calm', 'vibes', 'advice', 'prompts', 'writers', 'freelance', '2025']","['A community feed for all things Fantasy CampRevPit 2025 – updates, prompts, sprints, advice, and encouragement for writers.\n\nBlueskyFeedCreator.com', 'A community feed for all things Fantasy CampRevPit 2025 – updates, prompts, sprints, advice, and encouragement for writers.\n\nBlueskyFeedCreator.com', 'A community feed for all things Fantasy CampRevPit 2025 – updates, prompts, sprints, advice, and encouragement for writers.\n\nBlueskyFeedCreator.com']"
122,48,122_education_educators_teachers_practices,"['education', 'educators', 'teachers', 'practices', 'homeschooling', 'classroom', 'fes', 'homeschool', 'clearthelist', 'studies']","['Best practices, pedagogy, lessons, policy. Feed for Education related content.', 'A feed for discussion related to education.\n\nThis feed filters #EduSky posts to help prioritize conversations related to education & teaching.\n\nIf you follow @afreeparticleemoji.bsky.social you can use 🍎 to post to the feed.', 'A feed for all things PK-16 education. Includes professors of education, K-12 educators, and people who study education.']"
123,47,123_osnat_tzadok_art_by,"['osnat', 'tzadok', 'art', 'by', 'commissions', 'choilacanth', 'fictograph', 'bykaraiarai', 'arty', 'ahnik']","['All arty things by Fonda Yvonne [@easyminds]', 'these ones do words good\n\nart: the forest by osnat tzadok', 'my poor attempts with haiku, tanka, senryu, et al\n\nart: bright future by osnat tzadok']"
124,47,124_crypto_blockchain_bitcoin_cryptocurrency,"['crypto', 'blockchain', 'bitcoin', 'cryptocurrency', 'web3', 'solana', 'btc', 'nanocurrency', 'stablecoins', 'cryptoart']","['The best place to show how crypto and blockchain are reshaping our world ""BTC, Altcoin, Bitcoin, ICO, Airdrop, Token, Bull market, DApp, Smart contract, Satoshi, Meme coin, Fork, Distributed Ledger, Defi, Web 3, NFT, Exchange...""\nYou can post to the feed using #Crypto', 'This feed will include posts about crypto', 'Web3, blockchain, etc. but no crypto.']"
125,46,125_duty_japanese_call_keller,"['duty', 'japanese', 'call', 'keller', 'gaz', 'jdrama', 'cod', 'shogun', 'katamari', 'garrick']","['A feed dedicated to Johnny Soap Mactavish from Call of Duty.\nWILL CONTAIN SHIPS.\nTo make sure posts show up here put one of these keywords;\nJohnny Soap Mactavish\nJohnny Mactavish\nCOD Soap // Made at BlueskyFeeds.com', 'A feed dedicated to Kyle Gaz Garrick from Call of Duty.\nWILL CONTAIN SHIPS.\nTo make sure posts show up here put one of these keywords;\nKyle Gaz Garrick\nKyle Garrick\nCOD Gaz\nGaz Nation // Made at BlueskyFeeds.com', 'A feed dedicated to Alex Keller from Call of Duty.\nWILL CONTAIN SHIPS.\nTo make sure posts show up here put one of these keywords;\nCOD Alex Keller\nAlex Keller COD\nCall Of Duty Alex Keller // Made at BlueskyFeeds.com']"
126,45,126_first_my_cozy_oine,"['first', 'my', 'cozy', 'oine', 'babys', 'turnip', 'starters', 'newsfeed', 'warm', 'terrible']","['my first feed', 'My first feed', 'my first feed']"
127,45,127_trek_startrek_cookieparty_star,"['trek', 'startrek', 'cookieparty', 'star', 'framesearlgreymemesclub', 'snw', 'nmb48', 'hungariancities', 'noisyastronomerbskysocial', 'historicalfiction']","[""A feed dedicated to Star Trek Adventures. Let's play."", 'Star Trek: Section 31\n#Section31 #StarTrek\n\n[ID: Georgiou sits with legs spread]', 'Star Trek: Strange New Worlds SNW\n#SNW #StrangeNewWorlds #StarTrek\n\n[ID: SNW poster]']"
128,44,128_nsfw_kiiowa_durham_fetish,"['nsfw', 'kiiowa', 'durham', 'fetish', 'pokmon', 'nonbinarynsfw', 'bluesky', 'wtf', 'flagged', 'automatic']","[""video posts featuring bluesky's Goddesses, Mistresses, Dominas, Mommies, Daddies, Princesses, Queens, Deities and other supreme femme beings. worship and pay your respects accordingly! \r\n\r\nmore NSFW feeds 👉🏻 clarabelle.club/feeds\r\n\r\nuse #femdom to post directly to feed (dommes ONLY)"", 'A feed of all NSFW posts on Bluesky.', 'An automatic feed for all things relating to the lime blood fantroll Kiiowa! \r\nTag your posts and artwork of them with the name kiiowa or #kiiowa to show up in this feed!\r\nKiiowa belongs to @cloun.bsky.social\n\nBlueskyFeedCreator.com']"
129,43,129_sonic_hedgehog_hedgehogs_tails,"['sonic', 'hedgehog', 'hedgehogs', 'tails', 'franchise', 'satam', 'sonicthehedgehog', 'peachaels', 'shadow', 'archie']","['Sonic the Hedgehog THE FEED', 'Nsfw sonic artists', 'All my Sonic related art']"
130,43,130_indepth_technology_topics_explore,"['indepth', 'technology', 'topics', 'explore', 'science', 'sortdesc', 'makeskyfeed', 'select839lists', 'filter7daypostonly', 'select839listsai']","['Explore in-depth technology and science topics', 'Explore in-depth technology and science topics', 'Explore in-depth technology and science topics']"
131,43,131_compilation_find_easy_easier,"['compilation', 'find', 'easy', 'easier', 'access', 'art', 'my', 'can', 'here', 'felis']","['You can find my artwork here!', 'You can find all my art here !', 'You can find all my art here!']"
132,43,132_palestine_gaza_palestinian_genocide,"['palestine', 'gaza', 'palestinian', 'genocide', 'suspicious', 'humanrights', 'israel', 'jealuc', 'activity', 'congo']","[""Gathering of all BTS fan accounts' posts with the liberation of Palestine as an aim.\r\n\r\nTo join this feed, you only need to use #ARMY4Palestine.\r\n\r\nPlease report any suspicious activity to @bagbs.bsky.social.\r\n\r\n#Palestine #Gaza #HumanRights #BTS #BTSARMY\n\nBlueskyFeedCreator.com"", 'feed for palestine', ""Gathering of all BTS fan accounts' posts with the liberation of Palestine as an aim.\n\nTo join this feed, you only need to use #ARMY4Palestine.\n\nPlease report any suspicious activity to @bagbs.bsky.social.\n\n#Palestine #Gaza #HumanRights #BTS #BTSARMY""]"
133,43,133_wip_wips_setup_yeonbin,"['wip', 'wips', 'setup', 'yeonbin', 'whc', 'bison', 'desk', 'desksetup', 'wyrley', 'tubatus']","['[WIP]', '[WIP]', '[WIP]']"
134,42,134_test_testy_meh_hose,"['test', 'testy', 'meh', 'hose', 'audhd', 'epic', 'ask', 'challenge', 'no', 'the']","['TEST', 'test', 'Test']"
135,42,135_merch_shop_goods_archive,"['merch', 'shop', 'goods', 'archive', 'shops', 'etsy', 'catalogues', 'licensed', 'updates', 'openings']","[""Every WIPs and news about my etsy shop's merch! SHOP NOW👉www.etsy.com/shop/Lingishop"", ""Chii's Merch 💚"", 'merch and shop updates!']"
136,42,136_flooding_weather_australian_relating,"['flooding', 'weather', 'australian', 'relating', 'missile', 'state', 'israel', 'saudi', 'rainsky', 'territory']","['This feed is for posts relating to flooding in the Australia.', 'This feed is for posts relating to flooding in the Australian state of Western Australia (WA).', 'This feed is for posts relating to flooding in the Australian state of South Australia (SA).']"
137,42,137_taylor_swift_uncanny_swifties,"['taylor', 'swift', 'uncanny', 'swifties', 'rap', 'battle', 'pioneers', '1989', 'geospatial', 'easter']","['Feed of just posts including the name ""Taylor Swift""!!', 'Posts about Taylor Swift', 'Taylor Swift']"
138,41,138_emoji_emojis_sandwich_dungeons,"['emoji', 'emojis', 'sandwich', 'dungeons', 'bitcoin', 'blureactintellogcom', 'counting', 'tastefulimplied', 'thanx', 'recover']","['Replies that are just a 📝 emoji. If you know you know.', ""Feed that contains my updates, I'll be using the emoji 📝 in my posts for them to be added to this feed!"", '🧐🔥 Get the latest breaking news, explained with emojis—no text (to the best of our ability), just pure emoji storytelling. Stay informed in the most visual and playful way possible!\n\n👑 Presented by https://emojichat.net - Emoji-only chat network 🤩']"
139,41,139_iwish_artwork_compiling_art,"['iwish', 'artwork', 'compiling', 'art', 'chunkofwaxcom', 'vgencopiku', 'ohl', 'resin', 'lilgreenfoxs', 'keigora']","['A Feed of all my Artwork!', 'A feed for all of my artwork!', 'Art feed of all my iWish art from my iWish webcomic series and then some!']"
140,41,140_art_artifexdemons_aestrayas_daisysan,"['art', 'artifexdemons', 'aestrayas', 'daisysan', 'daa', 'artnectars', 'ogramiras', 'pervy', 'theverdanthares', 'tacocats']","['The Pervy Art Feed of TMDaemon!', 'Arthur X Minfilia (wolfilia) art feed!', 'Eric Kim art feed only. Bypass my ramblings! Just look at my drawings! La di daa']"
141,41,141_fics_ao3_fic_reveals,"['fics', 'ao3', 'fic', 'reveals', 'worf', 'completed', 'extension', 'posted', 'yume', 'son']","['All my fics posted to AO3', ""auguststarfall's AO3 fics"", 'my fics on ao3 :)']"
142,41,142_httpsdazzlefmalgorithms_sort_explore_top,"['httpsdazzlefmalgorithms', 'sort', 'explore', 'top', 'exploring', 'atproto', 'apps', 'performer', 'atprotobased', 'windsurfing']","['Explore the latest innovations on ATProto (top sort)\n\nhttps://dazzle.fm/algorithms', 'Explore product strategy for atproto-based solutions (top sort)\n\nhttps://dazzle.fm/algorithms', 'Explore the latest apps on ATProto (top sort)\n\nhttps://dazzle.fm/algorithms']"
143,40,143_test_testing_test1_test3,"['test', 'testing', 'test1', 'test3', 'speedo', 'test2', 'mm', 'veteran', 'quick', 'just']","['test', 'test', 'test']"
144,40,144_indepth_technology_topics_science,"['indepth', 'technology', 'topics', 'science', 'explore', 'and', '', '', '', '']","['Explore in-depth technology and science topics', 'Explore in-depth technology and science topics', 'Science technology']"
145,39,145_electric_cars_ev_vehicles,"['electric', 'cars', 'ev', 'vehicles', 'running', 'runners', 'emobility', 'aptera', 'rivian', 'vehicle']","['All things electric transportation, but mostly EVs. Other inclusion criteria: electric ferries, electric aviation. Any mention of Elon Musk excludes that post. Help me expand and refine this feed by providing feedback to theflyer.bsky.social', 'All about electric vehicles -- this feed is centered around cars and trucks.', 'Matches posts containing:\n\n🔌🚗\n🔌🚌\n🔌🚚\n🔌🛥️\n🔌🚤\n🔌🚢\n🔌🛳️\nEV\nElectric Vehicle\nEVcharging\nElectric car\nElectric Bus\nElectric Ship\nElectric Boat']"
146,39,146_furry_toy_android_furries,"['furry', 'toy', 'android', 'furries', 'robot', 'furrylist', 'slutdog', 'nsfw', 'fantasy', 'toys']","['Furry\nLatest video posts by furries across Bluesky. Contains a mix of SFW and NSFW content.\n\nJoin the furry feeds by following @furryli.st', 'Furry\nHottest NSFW video posts by furries across Bluesky. Contains only NSFW content.\n\nJoin the furry feeds by following @furryli.st', 'Furry\nLatest NSFW video posts by furries across Bluesky. Contains only NSFW content.\n\nJoin the furry feeds by following @furryli.st']"
147,39,147_watching_tweets_beidou_beatyesterday,"['watching', 'tweets', 'beidou', 'beatyesterday', 'instarsandtime', 'garmin', 'galileo', 'glonass', 'gnss', 'occurrences']","['Surfaces all tweets containing any [[Wiki Link]] syntax.', 'In Stars and Time feed REAL??!?!? OFFICIAL?!?!? FOR REALSIES??!?!? ✨✨✨\n\n#instarsandtime #isat', 'Posts related to GNSS (GPS, GLONASS, Galileo, Beidou, etc.)']"
148,39,148_media_medias_neigh_mixed,"['media', 'medias', 'neigh', 'mixed', 'grithors', 'colto', 'autumngarnets', 'flopsfeed', 'yote', 'tealbitzs']","['My media!', ""Grithor's Media"", ""TeaLBiTZ's Media""]"
149,38,149_pic_writing_bikini_horse,"['pic', 'writing', 'bikini', 'horse', 'wet', 'horses', 'horsegrooming', 'bustypetite', 'oiled', 'gape']","['A feed for horses, horse girls, and everyone who loves them — from riding clips to memes to barn life.\r\nPost with #horses or #horsegirl and your videos will show up here.\r\nDM @subarustan.bsky.social to have your full profile and all future videos added.', 'A feed of posts citing the following tags or terms: #mosquitoes, #Culicidae and names of the 30 genera (out of 98) the most represented in the GBIF.\n\n!! What appears in a feed also depends on your langage settings !!\n\nDo not forget to capitalize genus names !', 'feed for wet tshirt pic just use #wettshirt, wet shirt or wet tshirt to get your pic in the feed']"
150,37,150_impact_honkai_genshin_3rd,"['impact', 'honkai', 'genshin', '3rd', 'hi3rd', 'convienience', 'fragment', 'ayrlin', 'rail', 'feedhonkai']","[""Feed dedicated to the characters primarily affiliated with Cocolia's Orphanage in Honkai Impact 3rd. \n\na fragment of a more comprehensive hi3rd feed(Honkai Impact 3rd), for your convienience.\n- ayrlin"", 'Feed dedicated to a curated list of notable Honkai Impact 3rd content creators and accounts.\n\na fragment of a more comprehensive hi3rd feed(Honkai Impact 3rd), for your convienience.\n- ayrlin', 'Feed dedicated to the various names of Honkai Impact 3rd. \n\na fragment of a more comprehensive hi3rd feed(Honkai Impact 3rd), for your convienience.\n- ayrlin']"
151,37,151_ukraine_war_osint_govua,"['ukraine', 'war', 'osint', 'govua', 'ukrainianview', 'ukrainians', 'humanitarian', 'independentjulia', 'crimea', 'davisukrainian']","['English-language feed about Ukraine and Ukraine war.', 'News from Ukraine 🇺🇦', 'News about Ukraine']"
152,37,152_recomendations_maximize_trip_traveling,"['recomendations', 'maximize', 'trip', 'traveling', 'gowhee', 'families', 'tips', 'parents', 'usa', 'kids']","['Discover and share tips with other families about traveling to Minnesota, USA with kids. From local recomendations to tips to maximize your trip, all curated by GoWhee the only global travel app for parents. Tag #gowheeMN', 'Discover and share tips with other families about traveling to Oregon USA with kids. From local recomendations to tips to maximize your trip, all curated by GoWhee the only global travel app for parents. Tag #gowheeOR', 'Discover and share tips with other families about traveling to California USA with kids. From local recomendations to tips to maximize your trip, all curated by GoWhee the only global travel app for parents. Tag: #gowheeCA']"
153,37,153_translation_flowers_geoguessr_garden,"['translation', 'flowers', 'geoguessr', 'garden', 'lawn', 'gardening', 'roses', 'translations', 'public', 'multilingual']","['All my Metaphor: ReFantazio JP/EN translation comparisons (and any other related translations - interviews, etc - that may be posted in the future.)', 'All my SK8 translation stuff (interviews, etc)', ""A feed for flowers. Inspired by the efforts of Alyssa Harad, continuing the work begun by Teju Cole, a project where people post a pic of whatever is blooming in their location. Not just for Sundays! Add #FlowerReport to your post, and please add Alt text to your images if you're able to.""]"
154,37,154_things_incluying_betrifft_dither,"['things', 'incluying', 'betrifft', 'dither', 'argument', 'divineweave', 'jbeauty', 'goanimate', 'cams21', 'raych']","['Just random stuff I am interested in, UK political stuff, world politics, street art, motorcycles, rock music, whisky, Germany etc', 'All things Leomon! His Death Flags keep waving, but we love him anyway.', ""Stuff that's more good than bad, and more positive than negative, and more conversation than argument. meant to keep your nervous system chill while keeping you up to date.""]"
155,36,155_ponymlp_little_past_mlp,"['ponymlp', 'little', 'past', 'mlp', 'days', 'mlpart', 'mylittlepony', 'mlpartist', 'pooled', 'bryastarbskysocial']","['Top liked My Little Pony images from the past 24 hours.\n\nPooled from the following tags from the past 24 hours: #mlp, #mylittlepony #mlpart, #mlpartist\n\nDoes not contain NSFW, AI art, or posts from accounts that primarily repost other artists.\n\nContact: @bryastar.bsky.social', 'Top liked My Little Pony images from the past 7 days.\n\nPooled from the following tags from the past 7 days: #mlp, #mylittlepony #mlpart, #mlpartist\n\nDoes not contain NSFW, AI art, or posts from accounts that primarily repost other artists.\n\nContact: @bryastar.bsky.social', 'Top liked My Little Pony images from the past 3 days.\n\nPooled from the following tags from the past 3 days: #mlp, #mylittlepony #mlpart, #mlpartist\n\nDoes not contain NSFW, AI art, or posts from accounts that primarily repost other artists.\n\nContact: @bryastar.bsky.social']"
156,36,156_destructive_unfactual_contained_harmful,"['destructive', 'unfactual', 'contained', 'harmful', 'hateful', 'disclaimer', 'treat', 'potentially', 'otherwise', 'inappropriate']","['Video first feed for all things global related.\r\n\r\n*Disclaimer: due to human nature, inappropriate content can be contained within this feed.  Treat this and any other feed as potentially containing adult, harmful, hateful, un-factual or otherwise destructive content.', 'A video first feed for all things books.\r\n\r\n*Disclaimer: due to human nature, inappropriate content can be contained within this feed.  Treat this and any other feed as potentially containing adult, harmful, hateful, un-factual or otherwise destructive content.', 'Video first feed for all things music.\r\n\r\n*Disclaimer: due to human nature, inappropriate content can be contained within this feed.  Treat this and any other feed as potentially containing adult, harmful, hateful, un-factual or otherwise destructive content.']"
157,36,157_women_white_men_featuring,"['women', 'white', 'men', 'featuring', 'asian', 'curated', 'black', 'nsfw', 'bmaf', 'wmaf']","['A curated feed of NSFW posts featuring white men and black women.', 'A curated feed of NSFW posts featuring black men and white women.', 'A curated feed of NSFW posts featuring white men and asian women.']"
158,35,158_climate_change_warming_crisis,"['climate', 'change', 'warming', 'crisis', 'artivist', 'promisesjust', 'spending', 'climatechange', 'wealth', 'gregg']","['Climate Crisis Feed\n\nFinds the keywords ""climate change"", ""greenhouse gas"", ""global warming"", ""climate scientist(s)"", ""climate crisis"", ""climate emergency"", ""emissions"" and ""renewable(s)""\n\nIt also picks up the hashtags #ClimateChange and #ClimateCrisis, #GlobalBoiling and #ClimateAction', 'Climate Change News', 'All about climate change']"
159,35,159_astronomy_scienceoriented_astronomers_botastronomyblue,"['astronomy', 'scienceoriented', 'astronomers', 'botastronomyblue', 'sign', 'signed', 'part', 'via', 'main', 'heliophysics']","['A science-oriented feed about Galactic astronomy. Part of the Astronomy feeds network.\nAstronomers can sign up to post here via @bot.astronomy.blue\nContains posts from signed up users with #galactic or #galacticastro.\nPosts here are also included in the main Astronomy feed.', 'A science-oriented feed about high-energy astronomy and astroparticle physics! Part of the Astronomy feeds network.\nAstronomers can sign up to post here via @bot.astronomy.blue\nContains posts from signed up users with #highenergyastro.\nPosts here are also included in the main Astronomy feed.', 'A science-oriented feed about radio astronomy! Part of the Astronomy feeds network.\nAstronomers can sign up to post here via @bot.astronomy.blue\nContains posts from signed up users with #radioastronomy or #radioastro.\nPosts here are also included in the main Astronomy feed.']"
160,35,160_nonprofit_independent_university_nonprofits,"['nonprofit', 'independent', 'university', 'nonprofits', 'stevemullisnet', 'reader', 'nucarnival', 'exetermarine', 'exeter', 'universities']","['📰 A collection of independent and non-profit news organizations to read, share and support. Their work is more important than ever.\r\n\r\nCurated by @stevemullis.net. Feed is a work in progress.\r\n\r\nDM me if you want your independent or non-profit media organization to be added.', 'Universities in Denmark. Posts from researchers and groups at AU, AAU, DTU, ITU, RUC, SDU, UCPH. \n\nThe feed is based of separate university lists found on my personal account. Please give suggestions on which accounts to add to the respective lists.', 'Nonprofit and not-for-profit news and media outlets from around the world.\n\nContact @velichor.co with accounts to add.\n\nTags: non profit news non-profit news independent news indie news reporting\xa0organization not for profit news reader supported reader funded independent journalism']"
161,35,161_gowhee_parents_families_kids,"['gowhee', 'parents', 'families', 'kids', 'travel', 'traveling', 'global', 'tips', 'discover', 'curated']","['Discover and share tips with other families about traveling to Japan with kids. From local recomendations to tips to maximize your trip, all curated by GoWhee the only global travel app for parents. Tag #gowheejapan', 'Discover and share tips with other families about traveling to Canada with kids. From local recomendations to tips to maximize your trip, all curated by GoWhee the only global travel app for parents. Tag: #gowheeCanada', 'Discover and share tips with other families about traveling to Australia with kids. From local recommendations to tips on how to maximize your trip, all curated by GoWhee the only global travel app for parents. Tag: #gowheeaustralia']"
162,34,162_sakura_collect_searched_wars,"['sakura', 'collect', 'searched', 'wars', 'worth', 'register', 'phrases', 'set', 'days', 'japanese']","['サクラ大戦Ⅴ（サクラ大戦シリーズ）のフィードです。\nThis is the feed for Sakura Wars: So Long, My Love (Sakura Wars series).\n\nサクラ大戦Ⅴに関する文言を登録し、検索したポストを収集しています。\nWe register phrases related to Sakura Wars: So Long, My Love and collect searched posts.\n\n※7日分のポストを集める設定にしています\n※I have it set to collect 7 days worth of posts.', 'サクラ大戦4（サクラ大戦シリーズ）のフィードです。\nThis is the feed for Sakura Wars 4: Fall in Love, Maidens(Sakura Wars series).\n\nサクラ大戦4に関する文言を登録し、検索したポストを収集しています。\nWe register phrases related to Sakura Wars 4 and collect searched posts.\n\n※7日分のポストを集める設定にしています\n※We have it set to collect 7 days worth of posts.', '新サクラ大戦（サクラ大戦シリーズ）のフィードです。\nThis is the feed for New Sakura Wars (Sakura Wars series).\n\n新サクラ大戦に関する文言を登録し、検索したポストを収集しています。\nWe register phrases related to New Sakura Wars and collect searched posts.\n\n※7日分のポストを集める設定にしています\n※I have it set to collect 7 days worth of posts.']"
163,34,163_blueskyfeedscom_made_at_apocalypses,"['blueskyfeedscom', 'made', 'at', 'apocalypses', 'uhhhhhhhhhh', 'gros', 'hause', 'gayyyyy', 'fernando', 'yuh']","['The people with whom I have social relationship, not just parasocial relationships. //Made at BlueskyFeeds.com', 'The people who talk publicly round and about the Hause of Wombat //Made at BlueskyFeeds.com', 'Zombies, Apocalypses, and Zombie Apocalypses //Made at BlueskyFeeds.com']"
164,34,164_languages_settings_ss_man,"['languages', 'settings', 'ss', 'man', 'chainsaw', 'renjun', 'nontext', 'unselect', 'ja', 'latvian']","['Custom non-""text only"" feed to receive posts about \n#WutheringWaves #鳴潮  #명조 \nTo maximize the feeds, enable [EN, JA, KR] languages or unselect all languages in Settings > Languages > Content Languages', 'Non-""text only"" feed. \n#初音ミク #hatsunemiku \nTo maximize the feeds, enable [EN, JA, KR] languages or unselect all languages in Settings > Languages > Content Languages', 'Non-""text only"" feed. \n#東方Project \nTo maximize the feeds, enable [EN, JA, KR] languages or unselect all languages in Settings > Languages > Content Languages']"
165,34,165_3d_printing_printmaking_filament,"['3d', 'printing', 'printmaking', 'filament', 'printer', 'laser', 'artadventcalendar', 'devgame', '3dprinter', '3dp']","['A feed for 3D printing and related topics. All languages; use 3D printing (English) for English-only posts.', 'all things 3d printing', '3d printing.']"
166,34,166_science_minimalism_joy_earthsciencebskysocial,"['science', 'minimalism', 'joy', 'earthsciencebskysocial', 'digitallibraries', 'indulgence', 'sarahrovitobskysocial', 'perpetual', 'ministry', 'openaccess']","['Posts from Sisters of Perpetual Indulgence from around the world.\n\nThe Sisters of Perpetual Indulgence are a worldwide order of 21st-century secular nuns dedicated to the promulgation of universal joy and the expiation of stigmatic guilt.', 'Minimalism is an artistic and lifestyle philosophy centered around simplicity, clarity, and deliberate reduction of excess. It embraces the idea of ""less is more,"" focusing on essential elements while eliminating unnecessary distractions.', 'Science of Science (science of science|#metascience|#scisci)']"
167,33,167_dhmakes_germangay_exclusion_pic,"['dhmakes', 'germangay', 'exclusion', 'pic', 'bigtits', 'bigboobs', 'mommymilkers', 'skinny', 'werewolves', 'petite']","['👑 A curated list of busty creators and some other magic sprinkled in sorted by most popular.\r\n\r\n#bigboobs #bigtits #mommymilkers', 'Feed to follow the hashtag #germangay posts with pics. Feed contains nsfw images (no exclusion by feed design). Collects from past 7 days, only posts, no replies or reposts. Post a pic and use #germangay', 'Feed to follow the hashtag #germangay posts with pics. Feed contains nsfw images (no exclusion by feed design). Collects from past 7 days, only posts, no replies or reposts. Post a pic and use #gayselfie']"
168,33,168_beer_wine_cocktail_cocktails,"['beer', 'wine', 'cocktail', 'cocktails', 'breweries', 'wines', 'cheers', 'impress', 'mixology', 'tasting']","['Explore the world of wine tasting! Join us for tips, reviews, and experiences that enhance your appreciation for fine wines. Cheers!', 'Welcome to The Beer Rep. A UK online beer shop offering the best indie beer from UK independent breweries. Delivering nationwide in the UK. Have a look at thebeerrep.com', 'Alexandria friends sharing their beer advent calendars from the Department of Beer and Wine']"
169,33,169_government_sites_links_singapore,"['government', 'sites', 'links', 'singapore', 'trending', 'spain', 'pssp', 'cartel', 'brazil', 'mexican']","['Posts with links to UK Government sites', 'Trending posts with links from UK Government sites.', 'Trending posts with links to U.S. Government sites.']"
170,33,170_african_nigeria_africa_australia,"['african', 'nigeria', 'africa', 'australia', 'tropical', 'africanbook', 'emorierbskysocial', 'africanauthor', 'cyclones', 'beirut']","['A comprehensive hashtag feed for African Fiction\n\n#africanlit #africanliterature #africansf #africanfuturism #africanwriter #africanauthor #africanbook #africanpublisher #africanmagazine #africananthology #africancollection #africanfiction', 'Keep in touch with African Literature!\n\n#AfricanLiterature #AfricanAuthor, #AfricanBook #AfricanWriter', 'This feed includes diverse African spirituality practices. To be included in the feed, use specific terms like African Spirituality, Hoodoo Conjure, Ifa Tradition, Ifa Religion, Voodoo, African deity, African deities, African god, African goddess, etc.']"
171,33,171_locked_players_conversations_highlights,"['locked', 'players', 'conversations', 'highlights', 'stay', 'join', 'game', 'place', 'one', 'more']","['Stay locked in on the Miami Heat! 🔥🏀 Join the latest conversations on players, news, game highlights, and more. All things Heat, all in one place.\n\n#Heat #MiamiHeat #HeatNation', 'Stay locked in on the Sacramento Kings! 👑🏀 Join the latest conversations on players, news, game highlights, and more. All things Kings, all in one place.\n\n#Kings #SacKings #SacramentoProud #SacramentoKings #LightTheBeam', 'Stay locked in on the New York Knicks! 🗽🏀 Join the latest conversations on players, news, game highlights, and more. All things Knicks, all in one place.\n\n#Knicks #NewYorkKnicks #NewYorkForever #NYKnicks']"
172,32,172_hockey_nhl_blackhawks_canucks,"['hockey', 'nhl', 'blackhawks', 'canucks', 'pwhl', 'louis', 'jets', 'fams', 'iihf', 'nfl']","['Welcome to the official BlueSky NHL Feed, created by The Hockey Hotline', 'Feed Hockey - Work In progress', ""You're feed for all things hockey on bluesky (NHL, IIHF, PWHL)!""]"
173,32,173_education_teach_educators_oclock,"['education', 'teach', 'educators', 'oclock', 'ed', 'teachers', 'elearning', 'learning', 'club', 'teacher']","['Way back when Twitter was free and open minded, educators (and others) used to do a #FF which was short for #FollowFriday. So people would like half dozen or so profiles of educators they find worthy of a follow, so as to guide others along. Educators following educators and building community.', ""This feed collates any post with the hastag #teacher5oclockclub\n\nIt's for: Primary Teachers, Secondary Teachers, teachers 5 o'clock club, teachers 5 oclock club, teachers 5am club, teacher 5 o'clock club, teacher 5 oclock club, teacher 5am club."", 'a feed for posts about ed teach!\n\ntracks: #edteach, #edwardteach #edbabygirlteach #edwardbabygirlteach, ed teach, edward teach, ed babygirl teach, edward babygirl teach, ed ofmd']"
174,32,174_library_librarians_libraries_librarian,"['library', 'librarians', 'libraries', 'librarian', 'schoollibrary', 'school', 'nasa', 'space', 'teacherlibrarian', 'esa']","['Welcome to Library Technology! A hub for librarians and tech enthusiasts to explore innovations, share tips, and discuss the tools shaping modern libraries. From cataloging to makerspaces, let’s connect and learn! 💻📖 #librarytech #librarian #library', 'Welcome to Teacher Librarian! A community for educators who bring learning to life through libraries. Share resources, spark creativity, and celebrate the magic of teaching in the library world. 📚🎓✨ #teacherlibrarian #schoollibrary #librarians', 'Welcome to Libraries in Schools! A space for school librarians, teacher-librarians, and library enthusiasts to share ideas, resources, and stories. Let’s celebrate the heart of every school: the library. 💡📚✨ #schoollibrary #teacherlibrarian #librarians']"
175,31,175_characters_character_designs_dnd,"['characters', 'character', 'designs', 'dnd', 'commissioned', 'headcanons', 'captaingerbearbskysocial', 'jemichis', 'httpssamibriggscarrdcopersonal', 'httpspicartotvcaptainondeck']","['Commissioned art of my characters.', 'Here you can see my DnD related artwork, be it my own characters or commissions.', ""Cubesona's original art, including character designs I made myself AND original characters!""]"
176,31,176_wrestling_wwe_aew_prowrestling,"['wrestling', 'wwe', 'aew', 'prowrestling', 'wrestlesky', 'njpw', 'watchroh', 'roh', 'ajpw', 'gcw']","['Feed for Fans of Pro-Wrestling WWE,AEW,TNA,ROH,NJPW & Others', 'Wrestling video highlights and clips\n\nPlease tag posts with any of the 3 wrestling emojis, #prowrestling, #wrestlesky #LuchaLibre #aew, #wwe, #NJPW, #ROH, #WatchROH, #BritWres, #CMLL, #GCW, #TJPW, #ECW, #WCW, #AJPW, #DDT, #NOAH, #STARDOM', 'Posts about pro wrestling\n\nPlease tag posts with any of the 3 wrestling emojis, #prowrestling, #wrestlesky #LuchaLibre #aew, #wwe, #NJPW, #ROH, #WatchROH, #BritWres, #CMLL, #GCW, #TJPW, #ECW, #WCW, #AJPW, #DDT, #NOAH, #STARDOM']"
177,31,177_kpop_groups_idols_girl,"['kpop', 'groups', 'idols', 'girl', 'kpopsky', 'itzy', 'exo', 'group', 'bts', 'aespa']","['hastags #kpop or #k-pop must be used to be included in feed. this is a public kpop feed featuring idols from the best k-pop girl groups.', 'This is a new feed for all kpop related content. It catches anything kpop related like group names (stray kids, blackpink, bts, aespa, itzy, red velvet and more), shows and more! <3 #kpop #kpopSky', 'kpop feed post only']"
178,30,178_kathaja_krim_alien_species,"['kathaja', 'krim', 'alien', 'species', 'information', 'yes', 'yep', 'created', 'an', 'idk']","['All art and information related to the Karyta, an alien species created by Kathaja Krim.', 'All art and information related to the Darakay, an alien species created by Kathaja Krim.', ""All art and information related to the Nan'Te-gah, an alien species created by Kathaja Krim.""]"
179,30,179_ship_aot_titan_attack,"['ship', 'aot', 'titan', 'attack', 'yuri', 'kattabolt', 'genshin', 'furina', 'areyoshi', 'railgun']","['A feed for the ship between Focalors and Furina from Genshin Impact. Searches for posts and tags containing the following ship names: Focafuri, Furifoca, Furilors, Focarina, フォカフリ, 포칼푸리, 双芙\n\nWarning: May include NSFW posts. Only tracks the past 7 days.', 'A feed for the ship between Furina and Clorinde from Genshin Impact. Searches for posts and tags containing the following ship names: Furinde and Clofuri.\n\nWarning: May include NSFW posts. Only tracks the past 7 days.', 'A feed for the ship between Neuvillette and Furina from Genshin Impact. Searches for posts and tags containing the following ship names: Neuvifuri, Focallette, 那芙, ヌヴィフリ, and 느비푸리. \n\nWarning: May include NSFW posts. Only tracks the past 7 days.']"
180,30,180_trump_secy_election_candidates,"['trump', 'secy', 'election', 'candidates', 'crime', 'meltdown', 'dir', 'true', 'politics', 'presidential']","[""The True Crime Channel feed is your premier source to access a range of true crime content. \n\nTo include your content in this feed, remember to use the hashtag #TrueCrimeChannel and/or #TrueCrime.\n\nPlease show your support by tapping the '❤️' to increase visibility and reach for all true crime fans."", ""Trump Meltdown Watch\n\nYou can't escape him. TRUMP is back — and #UsPolitics is on the edge. This feed captures every reaction, gaffe, and meltdown tied to his name. Watch the chaos unfold in real time.🤡"", '#SignalGate! & #ChatGate!\nSignal Gang a group of incompetents in Trump adm: Pete Hegseth Secy Defense; Vice J.D. Vance; John Ratcliffe CIA Dir.; Marco Rubio Secy of State; Tulsi Gabbard Dir. of Intel; Mike Waltz DHS; Scott Bessent Secy Treasury; Steve Witkoff ME Envoy; Susie Wiles Chief Staff.']"
181,30,181_women_mens_asteroid_permaculture,"['women', 'mens', 'asteroid', 'permaculture', 'covert', 'herstory', 'miners', 'drinking', 'cocktails', 'raise']","['A feed for all things related to permaculture, ecological design, food forests, agroecology, and sustainable living, with a special emphasis on #women in permaculture. Use #permaculture and/or #permaculturewomen and/or #womeninpermaculture to be included.\n\nBlueskyFeedCreator.com', ""Academic adventures: a women's edition\n\n\nDescription:\nThis is a feed that captures academic lives of women (mainly influenced by my wiasn family)\n\nShare stories, memes, advice, and celebrate achievements in academia!\n\n\n#WomenInAcademia\n#AcademicLife\n#PostdocLife\n#ProfessorLife\n#Gradlife"", 'HerStory is where women’s history lives and breathes. \n\nFrom badass inventors to forgotten rebels—this feed is all about women, by women, for women. \n\nCome for the untold stories. Stay to rewrite the narrative. #HerStory isn’t done being written.']"
182,30,182_fashion_clothing_recycled_outfits,"['fashion', 'clothing', 'recycled', 'outfits', 'sustainable', 'hfsky', 'sustainablefashion', 'meets', 'lolita', 'runway']","['Compiled fashion posts, fashion history, outfit inspiration (controlled by list)', 'passion 4 fashion', 'All posts related to sustainable fashion. Use #sustainablefashion to be included.\n\nsustainable fashion | slow fashion | slowfashion | fast fashion | fashion | fashion industry | sustainability | ethical fashion | environment | eco friendly fashion | eco-friendly fashion | climate change']"
183,30,183_size_sizesky_giantess_shrinking,"['size', 'sizesky', 'giantess', 'shrinking', 'macrophilia', 'gts', 'sizebsky', 'sizefetish', 'pm', 'growth']","[""What's hot ?\nHottest Size posts ranked from the past 7 days 🎲 \n\nMashup of #sizesky, #giantess, #gts, #sizebsky, #sizefetish, #macro, #micro, #shrinking, #growth, #macrophilia, #sizetwitter, #巨大娘, #サイズフェチ... all known size related tags.\n\nPM me to add missing ones.\n\nBe Curious,\nBe Awesome 💗"", 'Text focused size news!\nLatest Size posts 📜, focused on text and writing, from the past 7 days.\n\nMashup of #sizesky, #giantess, #gts, #sizebsky, #sizefetish, #macro, #micro, #shrinking, #growth, #macrophilia, #sizetwitter, #巨大娘, #サイズフェチ...\n\nPM me to add missing ones.\n\nBe Curious,\nBe Awesome 💗', 'Get latest size news!\nLatest size posts from the past 7 days 💞\n\nMashup of #sizesky, #giantess, #gts, #sizebsky, #sizefetish, #macro, #micro, #shrinking, #growth, #macrophilia, #sizetwitter, #巨大娘, #サイズフェチ... all known size related tags.\n\nPM me to add missing ones.\n\nBe Curious,\nBe Awesome 💗']"
184,29,184_test_testing_blueskyfeedcreatorcom_11th,"['test', 'testing', 'blueskyfeedcreatorcom', '11th', 'edition', 'pharmacology', 'bank', 'httpswwwstuviacomdoc8861155testbankforlehnespharmacologyfornursingcare11theditionbyjacquelinerosenjackburchumlauradrosenthal', 'burchum', 'httpswwwstuviacomdoc8867518testbankforroachsintroductoryclinicalpharmacology11theditionkindleeditionbyrandallsherrin']","['This a feed curated by @leichteckig.bsky.social on all things Test Automation, Quality Assurance, Software Testing ... basically all things Testing in Tech.\n\nBlueskyFeedCreator.com', 'Test Bank for Roachs Introductory Clinical Pharmacology 11TH EDITION (Kindle Edition) by Randall Sherrin\n\n\nhttps://www.stuvia.com/doc/8867518/test-bank-for-roachs-introductory-clinical-pharmacology-11th-edition-kindle-edition-by-randall-sherrin', ""Test Bank For Lehne's Pharmacology for Nursing Care 11th Edition by Jacqueline Rosenjack Burchum, Laura D. Rosenthal\n\nhttps://www.stuvia.com/doc/8861155/test-bank-for-lehnes-pharmacology-for-nursing-care-11th-edition-by-jacqueline-rosenjack-burchum-laura-d.-rosenthal""]"
185,29,185_draw_drawn_drawing_sometimes,"['draw', 'drawn', 'drawing', 'sometimes', 'things', 'when', 'silly', 'yes', 'octo2', 'jsut']","['collection of things that I draw', 'For all of the things I draw', 'The things I draw']"
186,29,186_neptune_bluescreen_roundtable_fulfilled,"['neptune', 'bluescreen', 'roundtable', 'fulfilled', 'openvibe', 'reelo', 'bluejays', 'twd', 'flashes', 'skylight']","['A BlueSky feed for updates/posts on The Neptune App, a video sharing platform built by creators, for creators! \n\nUse #theneptuneapp or #neptuneapp on posts to ensure inclusion in the feed. \n\nBe sure to hit the ❤️ on the Feed home page so others can find this feed! Thanks!', 'A Bluesky feed dedicated to posts and fanart of the infamously neglected Nicktoons show ""Making Fiends"" created by Amy Winfrey.\n\nUse #makingfiends, #makingfiendsfanart, or #makingfiendsart for posts to appear here.', 'Project posts from the Skylight, Flashes, Neptune, Reelo, Openvibe and Bluescreen App teams matching:\n\n• skylight\n• flashes\n• neptune\n• tic.blue\n• reelo\n• bluescreen\n• openvibe\n• atproto']"
187,29,187_pieces_finished_drawings_crafts,"['pieces', 'finished', 'drawings', 'crafts', 'done', 'androx', 'abstractions', 'lineart', 'linbert', 'shutff']","['Welcome to my shop, where every piece is brought to life with my own hand-drawn illustrations! I offer a range of handmade stationery, including bookmarks, notepads, stickers, prints, and more.', 'My art!  Will include sketches and finished pieces together', 'All of my art ranging from finished pieces, sketches, wips, doodles, etc!']"
188,29,188_cannabis_weed_marijuana_420,"['cannabis', 'weed', 'marijuana', '420', 'stoners', 'stoner', 'growing', 'ganja', 'hemp', 'weedsky']","[""Cannabis, Ganja, Weed, Marijuana, 420, the sticky icky - whatever you call it if you're into funky smelling purple flowers you've come to the right place. Mention weed or cannabis or drop a 🌲 and make sure to attach and image to your post to be featured!"", 'Cannabis research & science posts', 'Weed related feed, including keywords for growing and medical cannabis.']"
189,28,189_pottery_ceramic_ceramics_glazes,"['pottery', 'ceramic', 'ceramics', 'glazes', 'nerikomi', 'porcelain', 'glaze', 'glass', 'imageonly', 'stream']","['Posts about pottery, ceramics & porcelain', 'Ceramics & Pottery', 'Ceramic & Pottery Artists & Lovers']"
190,28,190_stuff_what_doing_entropy,"['stuff', 'what', 'doing', 'entropy', 'lookit', 'idea', 'im', 'fyp', 'heck', 'personalised']","['My stuff', 'My stuff', 'my stuff']"
191,28,191_nwtekno_runner_editing_pnw,"['nwtekno', 'runner', 'editing', 'pnw', 'editors', 'bcbn25', '20songsbyyear', 'cyberwives', 'codewhisperer', 'dsai']","['A feed for editors and editing of words. To be included, use #Editor, #Editors, #AmEditing, #Editing, #Edibuddy, #Edibuddies, or a hashtag starting with #BookEdit (such as #BookEditor or #BookEditing).\n\n(Feed icon created by Kiranshastry at Flaticon)', 'A second attempt at my unlicensed unlicense Homstar Runner feed. Now excluding phrases that confused it before.\n Still mostly only tracking mentions of Homestar Runner, Strong Bad, and Trogdor though. Improvement suggestions still welcome.', 'Recent post of the past 3 days based on the following hashtags: cline, roocode, openrouter, cursor, windsurf, requesty, ai-engineering, cerebras, sambanova, bolt, loveable, v0, replit, sagemaker, codellama, codewhisperer, supermaven, sourcegraph']"
192,28,192_roblox_robloxdev_tiki_fisch,"['roblox', 'robloxdev', 'tiki', 'fisch', 'bloxburg', 'fisching', 'korra', 'developers', 'game', 'doodleworldfanart']","['Roblox developers who primarily post about Roblox work. DM @SkyyOrbs to be added/removed.', 'life is roblox 🔥', 'Roblox feed!']"
193,28,193_taur_centaur_vaporwave_nft,"['taur', 'centaur', 'vaporwave', 'nft', 'artists', 'bonus', 'older', 'yumfactorycomgameofshrooms', 'foundationapp', 'andraconixcom']","[""A collection of glams I've made! I like to keep track of them so I can remake them later as well as share them with the world.\n\nThe gear is listed in the ALT text if you want to take his look, or if there was a specific glam item you wanted the name of! \n\nMods affecting the outfit will be noted."", ""Anyways a Feed to keep track of my art (The older ones aren't all here cause too many blocks for single inputs lmaoooo)\n\nObviously no NFT/AI art here, it goes against my principles.\n\nSome of my Older works have the Lacrity watermark from my old account."", 'A feed dedicated to artwork of taurs and centaurs built with SkyFeed. It looks for taur, centaur and chakat tags while removing AI artwork.\n\nWanted to test out making my own feed. Let me know if you have suggestions.']"
194,28,194_aotearoa_nz_auckland_zealand,"['aotearoa', 'nz', 'auckland', 'zealand', 'parks', 'theme', 'paris2024', 'soaring', 'coaster', 'wellington']","['This is a test feed by David Hood @thoughtfulnz.bsky.social, that is ATM the Kikorangi feed without NZ or New Zealand mentions with a few test NZ media URLs', 'Last 24h posts with auckland, christchurch, queenstown, wellington, aotearoa, newzealand, nouvellezelande', 'This is a feed for people from Aotearoa NZ to share photos or stories of their pets. You can use any of the hashtags #aonzpets #aotearoapets #nzpets #petsnz #mokai #mōkai to have your post collected in the feed, or tag your post with these emojis: 🐱🇳🇿 🐶🇳🇿\r\n(nz pets)\r\n\r\nBlueskyFeedCreator.com']"
195,28,195_art_my_view_personal,"['art', 'my', 'view', 'personal', '', '', '', '', '', '']","['My art!!', 'My art!', 'my art!']"
196,28,196_marvel_comics_dc_kimhubskysocial,"['marvel', 'comics', 'dc', 'kimhubskysocial', 'mcu', 'universe', 'xmen', 'blockbuster', 'marvels', 'thorki']","['Your go-to hub for all things Marvel — from iconic comics and blockbuster movies to thrilling shows and beyond! Stay up to date with everything in the Marvel Universe!', 'Your go-to hub for all things Marvel — from iconic comics and blockbuster movies to thrilling shows and beyond! Stay up to date with everything in the Marvel Universe!', 'Chronological feed of posts about the Marvel universe! Read what people are saying about Marvel comics, games, the MCU, and more!']"
197,28,197_eurovision_final_national_contest,"['eurovision', 'final', 'national', 'contest', 'marino', 'song', 'luxembourg', 'melodifestivalen', 'melfest', 'nicknamenicklasbskysocial']","['Your feed for everything Eurovision!\n\nIncludes #Eurovision, #UnitedByMusic, #JuniorESC and many more keywords to stay up to date with the biggest song contest in the world.\n\nEurovision is now officially on Bluesky: @eurovision.tv', 'A feed for Eurovision nerds, with anything related to Eurovision Song Contest.', 'Posts about Eurovision']"
198,27,198_tarot_tolkien_oracle_elidibus,"['tarot', 'tolkien', 'oracle', 'elidibus', 'nrmt', 'mtnr', 'daliban', '3sentence', 'tarotcollector', 'wolthemis']","['A feed gathering together posts relating to Chaos Magic, a magical tradition which focuses on the manipulation of belief as a tool, and the crafting of unique and idiosyncratic practices.\n\nTag posts with #Chaosky, #ChaosSky, or #ChaoteSky to have them show up in the feed.', 'General feed centered around Elidibus.\n\nIncluded tags; elidibus, themis, elidibuswol, elidibusazem, wolthemis, wolidibus, eliwol, elizem, テミス ,エリディブス', 'Hello! I make videos about yes or no tarot, astrology, oracle card art, and tarot readings. #tarot #tarotreader #yesornotarot #orcalecrds #oraclecarddesign #astrotarot']"
199,27,199_baseball_trigger_covering_abbreviations,"['baseball', 'trigger', 'covering', 'abbreviations', 'codes', 'datelondon', 'media', 'towns', 'like', 'datecar']","['To trigger this feed, use hashtags like #DateEngland, #DateLondon, #DateManchester, #DateLeeds, or codes like #DateLDN, #DateMAN, #DateLDS, #DateBIR. This feed includes top towns and cities across England.', 'To trigger this feed, use hashtags like #DateUK, #DateLondon, #DateManchester, #DateGlasgow, #DateCardiff, or abbreviations like #DateLDN, #DateMAN, #DateGLA, #DateCAR, #DateBEL. Covers major towns across England, Scotland, Wales, and Northern Ireland.', ""Baseball media covering the A's!""]"
200,27,200_f1_formula_lights_wwe,"['f1', 'formula', 'lights', 'wwe', 'events', 'nof1', 'aew', 'highlights', 'nascar', 'optout']","['Lights out and away we go! All the conversation about Formula 1 / F1.\n\nPosts show up here if they mention F1 or any number of related terms such as driver\'s names, track names, and many more. To opt-out use the terms ""nofeed"" (generic) or ""nof1"" (feed specific) in your post.', 'Lights out and away we go! All the links about Formula 1 / F1.\n\nLink posts excluded from the main feed that mention F1 or any number of related terms such as driver\'s names, track names, and many more. To opt-out use the terms ""nofeed"" or ""nof1"" in your post.', 'Lights out and away we go! All the conversation about Formula 1 / F1.\n\nVideos show up if they mention F1 or any number of related terms such as driver\'s names, track names, and many more. To opt-out use the terms ""nofeed"" or ""nof1"" in your post.']"
201,27,201_energy_httpsappsapplecomappid6740137234_bluestocks_stocks,"['energy', 'httpsappsapplecomappid6740137234', 'bluestocks', 'stocks', 'features', 'right', 'app', 'track', 'check', 'out']","['The latest posts about Dominion Energy (D). Spam-filtered and relevant for investors. For all features check out the Bluestocks app to track stocks right from Bluesky: https://apps.apple.com/app/id6740137234', 'The latest posts about Camber Energy (CEIN). Spam-filtered and relevant for investors. For all features check out the Bluestocks app to track stocks right from Bluesky: https://apps.apple.com/app/id6740137234', 'The latest posts about Camber Energy (CEI). Spam-filtered and relevant for investors. For all features check out the Bluestocks app to track stocks right from Bluesky: https://apps.apple.com/app/id6740137234']"
202,27,202_business_companies_founders_startups,"['business', 'companies', 'founders', 'startups', 'disabledinstem', 'fairmined', 'homelessness', 'small', 'nutritious', 'poverty']","['This feed collects posts on poverty, hunger, homelessness, housing assistance, and food insecurity, primarily focused on the United States. // Made at BlueskyFeeds.com', 'This feed collects posts about ethical and sustainable jewelry practices, including responsible sourcing of materials like Fairmined certified gold. Hoping to help conscious consumers find transparent & responsible jewelry brands. #sustainablejewelry #ethicaljewelry #fairmined', 'Growth tips & insights for small business owners & entrepreneurs in Canada. Discover strategies in web design, SEO, and AI tools to expand your online presence.\r\n\r\n🚀 Small Biz Growth & Success 📈 Business Insights & Tips 🌐 Grow Your Biz Online brought to you by WebMaxSEO.com']"
203,27,203_wasps_moths_moth_mothmay,"['wasps', 'moths', 'moth', 'mothmay', 'vc55', 'neuropterida', 'lacewings', 'arthropods', 'insect', 'hndrfa']","['Wasps, Ants, Bees, and Sawflies. Sometimes also bugs that have been parasitised by wasps, or want to look like wasps. Because everyone knows wasps are the best.', 'The feed for moths from VC55 Leicestershire and Rutland. Just include #vc55moths in your post, and lets please keep this to moths and moth recording from VC55 only.', 'A feed for  lacewings and allied insects.  All Neuropterida are welcome including Neuroptera (lacewings including antlions, waxflies etc.), Megaloptera (alderflies) and Rhaphidioptera (snakeflies).  Also Mecoptera (Scorpionflies & Snow Flea) as previously grouped with Neuropterida.']"
204,27,204_cilia_moral_trump_herb,"['cilia', 'moral', 'trump', 'herb', 'herbalmedicine', 'osm24', 'herbalist', 'botanicalmedicine', 'sky', 'enthusiasm']","[""Dear cilia enthusiasts - here's an attempt to create a feed to collect interesting content about ciliated organisms (ciliates, choanoflagellates, ctenophores...), cilia biology, and ciliopathies.\n\nTag your post with #cilia to ensure it appears in the feed. (Refer to euk. flagella as cilia please!)"", 'Herb nerds, unite! Photos and discussion of medicinal plants. Contribute by using the hashtags #herbs, #herbalist, #herbalmedicine, or #botanicalmedicine', 'Herb nerds, unite! Photos and discussion of medicinal plants. Contribute by using the hashtags #herbs, #herbalist, #herbnerds, #herbalmedicine, #botanicalmedicine, or #🌱']"
205,27,205_fursuit_live2d_photos_modemfuratronopticalmodem,"['fursuit', 'live2d', 'photos', 'modemfuratronopticalmodem', 'plushie', 'pics', 'fursuits', 'plushies', 'respectful', 'pictures']","['All of my fursuit pics!!', ""Feed of DrowsySeal's fursuit photos"", 'Photos of my fursuit!']"
206,26,206_alert_news_aviation_archives,"['alert', 'news', 'aviation', 'archives', 'congress', 'guess', 'caitiesithbskysocial', 'constituent', 'hushhush', 'reconstruction']","['Posts linking to archives. (Internet Archive, Library of Congress, National Archives)', 'A feed for content about the United Kingdom (UK) and constituent countries:\n- England\n- Scotland\n- Wales\n- Northern Ireland', 'Feed of posts with the phrase ""new publication alert"" to, well, alert of new publications, I guess.']"
207,26,207_personal_use_saoirse_curation,"['personal', 'use', 'saoirse', 'curation', 'rent', 'heads', 'ups', 'stuck', 'convenience', 'purpose']","['For my personal use.', 'For my personal use.', 'For my personal use.']"
208,26,208_tot_art_rat_my,"['tot', 'art', 'rat', 'my', 'all', 'the', 'of', '', '', '']","['All my art!', 'All my art!', 'All my art!']"
209,26,209_search_pinball_link_dataviszvisualiszation,"['search', 'pinball', 'link', 'dataviszvisualiszation', 'hamm', 'jeffws', 'httpsawakaricomsubdetailshtmlidsemanticsearch', 'stereo', 'whered', 'urlentirenet24h']","['One search', 'search ”曦瑶”', 'And Search']"
210,26,210_gposes_bators_bator_popperbator,"['gposes', 'bators', 'bator', 'popperbator', 'wolposting', 'bate', 'gooners', 'ship', 'course', 'captainpicardday']","['only the gposes', 'All the gposes ✧', 'All of my GPOSEs!']"
211,26,211_searching_entire_matching_network,"['searching', 'entire', 'matching', 'network', 'last', 'jamaican', 'days', 'netflix', 'jamaicanfood', 'flutterdev']","['Searching entire network for just posts, from last 7 days, matching most things Jamaican food (Jamaicanfood).', 'Searching entire network for only posts from the last 7 days related to crypto technology.', 'Searching entire network, for only posts from the last 7 days, matching results related to natural building.']"
212,25,212_berlin_bikes_riding_pib,"['berlin', 'bikes', 'riding', 'pib', 'wide', 'bskyberlin', 'wwwphotographyinberlin', 'participate', 'halifax', 'italy']","['Photofestivals worldwide, curated by PiB ⸺ Photography in Berlin. Feel free to share this feed & DM us if you’d like to participate. www.photography-in.berlin', 'Art Galleries in Berlin (Germany), curated by PiB ⸺ Photography in Berlin. DM us if you’d like to participate. https://www.photography-in.berlin', 'Latest posts and discussions about Berlin.']"
213,25,213_httpskarnodevnoctilucent_distractive_register_mania,"['httpskarnodevnoctilucent', 'distractive', 'register', 'mania', 'kshoot', 'playstation4', 'playstation5', 'swimsuit', 'nintendoswitch', 'external']","['あなたのホームタイムラインから画像、引用、外部リンクカードを消し去ります。利用には https://karno.dev/noctilucent への登録が必要です。 / Your home without distractive images, quotes, external link cards. You need to register at https://karno.dev/noctilucent to use this feed.', '日本語圏のVtuberの「おはよう」と「おやすみ」をまとめたfeedです。feedをピン留めして新しい出会いや推し活にご利用ください。既存のものがあったらすいません💦\n\nThis is a feed of ""Good morning."" and ""Good night."" of Japanese-speaking Vtubers. please pin the feed and use it for new encounters and guessing activities. Sorry if there are any existing ones💦', 'NintendoSwitch / PlayStation5 / PlayStation4 / Xbox / Steamに関するセール情報のフィード\n\nFeed of sale information about NintendoSwitch / PlayStation5 / PlayStation4 / Xbox / Steam']"
214,25,214_japanese_toram_singer_gitaroo,"['japanese', 'toram', 'singer', 'gitaroo', 'ayunga', 'chimeral', 'wuthering', 'waves', 'languages', 'count']","['IN THE WAKE of the extraordinary Chimeral Crisis is the bustling, metropolitan jewel of Tenpei City -- and one Jingwei Chimeral Consultancy.\n\nWelcome to the City on the Sea.\n\n==\n#TCXX\n\nOC RP verse | semi-open.\nvintage, mystery, supernatural', 'Posts about Ayunga, handsome Mongolian theatre actor and singer.\n\nFeed searches for Ayunga, 阿云嘎, Аянга, อาหยุนกา, 嘎子 (but *not* for Ayanga or Gazi because both create too many false alarms.)', 'The feed of the 鳴潮 (Wuthering Waves) for all languages. Picks up related words in Japanese and Chinese and English character names with #. The author is Japanese, so please forgive the possibility that non-Japanese exclusions may not work.\n\n全言語に対応した鳴潮(Wuthering Waves)のフィードです。中国語と英語は「#名前」とタイトルだけ']"
215,25,215_bakunawa_fics_fic_soriku,"['bakunawa', 'fics', 'fic', 'soriku', 'sero', 'bakugou', 'mild', 'ao3', 'threads', 'thread']","[""A Feed of all Skee's fics/fic updates for easy viewing!"", 'Collection of my fics. \nSome fics will not load into this feed, but there will be a thread linking to those fics.', ""All of the art Bakunawa draws themself. Doesn't necessarily mean it's art OF Bakunawa. It could be a lot of other things such as fanart & OCs. Tag with #myart.""]"
216,25,216_dump_heehoo_niles_tee,"['dump', 'heehoo', 'niles', 'tee', 'hee', 'jojo', 'reside', 'freya', 'masterpieces', 'stacked']","[""my art, my masterpieces, my medias, my #art, Niles' Art"", 'My personal art dump, feel free to look around-', 'Just some art I made myself, tee hee :3c']"
217,25,217_vegan_gluten_vegetarian_recipes,"['vegan', 'gluten', 'vegetarian', 'recipes', 'recipe', 'plantbased', 'httpsbskydazzletools', 'query', 'veganism', 'celiac']","['This feed highlights posts that combine humor and vegan-related terms. It features vegan humor hashtags like #veganhumor and #veganmeme, along with posts pairing vegan keywords such as ""vegan"" or ""plant-based"" with humor-related words like ""funny,"" ""lol,"" or ""joke.""', 'Links to vegetarian and vegan recipes.', ""A catch all 'vegan' feed. If your posts contains the word vegan anywhere, it will appear.""]"
218,24,218_nude_boobs_regressors_fanvuecomsilora,"['nude', 'boobs', 'regressors', 'fanvuecomsilora', 'eveyone', 'onlyfanscomsiloralove', 'fanvue', 'nudes', 'cottagecore', 'shy']","['Exploring the world untamed—where nude hiking, nature, and the human spirit converge. From mountaintop musings to trails less traveled, this feed celebrates the freedom of being bare in the wild. #freehiker #nakedhiker #randonue #Nacktwandern and many terms in between', ""My Boobs & body Is the holy land\n🔥 I'm available on OnlyFans and Fanvue! 🔥\nFollow me for FREE and unlock exclusive premium content you won’t want to miss 😘💋\n\n👉 onlyfans.com/siloralove\n👉 fanvue.com/silora\n\nDon’t be shy… I’ve got something just for you 😏\n\nEveyone Share your Boobs Pics & Videos"", ""My Boobs & body Is the holy land\n🔥 I'm available on OnlyFans and Fanvue! 🔥\nFollow me for FREE and unlock exclusive premium content you won’t want to miss 😘💋\n\n👉 onlyfans.com/siloralove\n👉 fanvue.com/silora\n\nDon’t be shy… I’ve got something just for you 😏\n\nEveyone Share your Boobs Pics & Videos""]"
219,24,219_sights_rivers_cities_skeets,"['sights', 'rivers', 'cities', 'skeets', 'filtered', 'brownhills', 'hamburg', 'stuttgart', 'matches', 'river']","['Skeets about Mecklenburg-Vorpommern, filtered by cities, rivers, and sights.', 'Skeets about Schleswig-Holstein, filtered by cities, rivers, and sights', 'Skeets about Sacahsen-Anhalt, filtered by cities, rivers, and sights.']"
220,24,220_irish_ireland_cork_spirghorm,"['irish', 'ireland', 'cork', 'spirghorm', 'extra', 'gaelicksky', 'ge2024', 'election24', 'fianna', 'galway']","['Your Posts with extra Irish News', 'Your Posts with extra Irish News', 'Your Posts with extra Irish News']"
221,24,221_mindfulness_yoga_meditation_downward,"['mindfulness', 'yoga', 'meditation', 'downward', 'afm', 'balancing', 'achieve', 'courses', 'balanced', 'connection']","['Latest posts and discussions about Mindfulness.', 'A feed all about Mindfulness and Meditation', 'Yoga, Meditation, and Mindfulness. An uplifting space that is welcoming to all. Filtered for inappropriate content.']"
222,24,222_tattoo_tattoos_domzilla9bskysocial_indiana,"['tattoo', 'tattoos', 'domzilla9bskysocial', 'indiana', 'artists', 'studios', 'vancouver', 'kentucky', 'creator', 'added']","['- Tattoo Artists of Kentucky\n- The latest work from Kentucky Tattoo artists!\n\nMessage @domzilla9.bsky.social to be added to this list.', '- Tattoo Artists of Indiana\n- The latest work from Indiana Tattoo artists!\n\nMessage @domzilla9.bsky.social to be added to this list.', 'tattoo feed']"
223,24,223_minecraft_builds_panda3d_bungie,"['minecraft', 'builds', 'panda3d', 'bungie', 'smp', 'puzzles', 'center', 'server', 'destiny', 'fantasian']","[""Minecraft Sky with all of your Minecraft post. \n\nLet's share our love for Minecraft\nuse #Minecraft or the pick axe emoji ⛏️ to be in this feed"", 'This is a feed about Minecraft', 'Feed for Minecraft']"
224,24,224_progress_work_doublepenetration_soon,"['progress', 'work', 'doublepenetration', 'soon', 'works', 'dp', 'teasers', 'abandoned', 'document', 'broken']","['Work In Progress', 'work in progress', 'Work in progress...']"
225,23,225_guild_vtubers_wars_kobold,"['guild', 'vtubers', 'wars', 'kobold', 'vtuber', 'mmo', 'critically', 'joys', 'acclaimed', 'gathering']","['Experience Tyria in motion! Watch epic battles, cinematics, guides, and fan-made videos from «Guild Wars» and «Guild Wars 2». A fan-powered feed for all things «Guild Wars» and «Guild Wars 2» video.\r\n\r\nNot sponsored or affiliated with ArenaNet.\r\n\r\nPowered by Graze.social.', '🐉Monster Vtubers Feed🐉\n\nBe sure to follow me ⬆️ and like the feed to get updates on the coolest & latest Monster Vtubers posts. Click ""Pin to home"" to access it quickly!\n\nYour posts will show up here by using any text with ""Monster"" ""Kaiju"" or “Dinosaur” “Dragon” “Kobold” “Goblin” + “Vtuber""', 'This feed just searches if a post contains the words ""buizel"", ""floatzel"", ""chillet"", ""quivern"", ""top dungeon farmer"", ""aileen fritani"", ""kobold"", ""avali"", ""gligar"", ""gliscor"", ""scolipede"", and similar.\n\nI\'m deeply sorry if any NSFW or adjacent shows up. I\'m trying my best to filter it out.']"
226,23,226_oc_ocs_yes_october,"['oc', 'ocs', 'yes', 'october', 'duokhay', 'fanartoc', 'lobcorp', 'noncanon', 'nonscratchverse', 'romancefantasy']","['我個人的架空歷史題材繪畫合集, 涉及古代至近代的人和事以及不同國家和地區各階層的衣食住行.\r\nMy Alternate History OCs collection involves various people and events from ancient to modern times, as well as the daily necessities, food, housing and transportation of all classes in different countries and regions.\n\nBlueskyFeedCreator.com', 'a feed with all the OC art I post on here!', ""✦❘༻Welcome༺❘✦\nThese are my ocs designs and little creatures i like to make! I'll possibly add some snippets of info about them too.\n▸Fanart/Oc interaction? {YES!}\n▸Shipping/Fanfiction? {Yes, treat it as noncanon}\n▸Nsfw? {Only for adult characters}\nOverall respect my canon!""]"
227,23,227_httpsbskydazzletools_query_make_own,"['httpsbskydazzletools', 'query', 'make', 'own', 'btc', 'poe2', 'neurips', 'factorio', 'mangione', 'bitwig']","['query: #booksky\n\nmake your own feed at https://bsky.dazzle.tools', 'query: #art\n\nmake your own feed at https://bsky.dazzle.tools', 'query: btc\n\nmake your own feed at https://bsky.dazzle.tools']"
228,23,228_ai_gannets_antiai_generative,"['ai', 'gannets', 'antiai', 'generative', 'algorithmic', 'aiart', 'aiassisted', 'altenative', 'aiartworkcreativeaitx2imgpromptartaiartistsaiartcommunityaiartchallengegenaigenaichallengeaigirlgenerativeaiaigeneratedweekendshowcase', 'aiaiart']","['AI Art', 'Exactly what a gannet colony contains - gannets, gannets, and... well, more gannets.', 'About: My Best (AI)Art Style.\nPhilosoSynthesis: Ethical Thinking and Philosophy art.\nFlow Metaform: Integrates diverse streams of thought, resonating with mimicry and improvement, leading to aesthetic insights.']"
229,23,229_northwest_pacific_scbwi_monitored,"['northwest', 'pacific', 'scbwi', 'monitored', 'eastern', 'seattle', 'yakima', 'cascades', 'valley', 'example']","['Share photos of Puget Sound in the Pacific Northwest using below example tags. Regularly monitored for bots, spam, AI images, NSFW, and unrelated content.\n\n#pugetsound\n#whidbeyisland\n#tacomanarrows\n#kitsappeninsula\n#discoverypark', 'Share photos of North Cascades of Pacific Northwest from Highway 2 and upward, using below example tags. Regularly monitored for bots, spam, AI images, NSFW, and unrelated content.\n\n#nothcascades\n#stillaguamishriver\n#methowvalley\n#montecristo\n#pasaytenwilderness', ""Share photos of Washington State's South Cascades in the Pacific Northwest using below example tags. Regularly monitored for bots, spam, AI images, NSFW, and other unrelated content.\n\n#southcascades\n#mountrainier\n#goatrockswilderness\n#cayusepass\n#riffelake""]"
230,23,230_oc_lore_ocs_ocsky,"['oc', 'lore', 'ocs', 'ocsky', 'aquabluetoons', 'sunsetmartinis', 'aquablueocs', 'arlojekbskysocial', 'anis', 'adrimainocs']","['Feed of my Changeline Ola, a lore bard for the Sibylla Academy PBP', 'OC Related Feed', ""All my OC stuff. I have a site I'm slowly updating with world building and lore if you REALLY want to know more: https://mernolan.neocities.org/ \n\n#MersOCs • #OCSky • #OC\n\nCurrent worlds/stories tags: \n- Adventure Squad\n- Everking\n- TTRPG Characters\n- Merkavah\n- MafiaAU""]"
231,23,231_removes_drawn_draw_pacman,"['removes', 'drawn', 'draw', 'pacman', 'hobby', 'sticker', 'painting', 'without', 'face', 'drag']","['Some artists who draw (or have drawn) FFXVI related fanart. Removes all posts without images.\nAlso searches for terms: roscest, ジョシュクラ, 조슈클라.', 'Some artists who draw (or have drawn) furry or animal art. Removes all posts without images.', 'Some artists who draw (or have drawn) FFXIV related fanart. Removes all posts without images.']"
232,23,232_one_place_neat_wee,"['one', 'place', 'neat', 'wee', 'spot', 'emerge', 'encompasses', 'package', 'collate', 'art']","['all my art in one place', 'All my art in one place', 'all my art in one place']"
233,22,233_zhan_xiao_shen_untamed,"['zhan', 'xiao', 'shen', 'untamed', 'chimeral', 'boruto', 'yuan', 'kanji', 'jing', 'singer']","['Feed with weekly-themed posts of actor and singer Xiao Zhan under the hashtag #XiaoZhanAppreciationTuesday  (*case sensitive) ❤️', 'AU in which a Curio transported Dan Heng back into the past 700 years to meet younger Jing Yuan. \n\n#hengjing and #fengjing AU', 'A feed for wonderful actor & singer, Xiao Zhan 肖战, also known as Sean\xa0Xiao.\nAny post (text, image alt text, link) with xiao zhan or/ and 肖战 (not case sensitive) in it will appear here. 🥰']"
234,22,234_description_test_procedure_procedures,"['description', 'test', 'procedure', 'procedures', 'tps', 'describes', 'specification', 'assurance', 'particularly', 'document']","['Test Feed Description 📈', 'Test Feed Description 📈', 'Test Feed Description 🕒']"
235,22,235_reupload_training_yamatanochinkobskysocial_dorotoro3bskysocial,"['reupload', 'training', 'yamatanochinkobskysocial', 'dorotoro3bskysocial', 'artai', 'aido', 'prohibited', 'ai', 'do', 'reproduction']","['🔞NSFW🔞\u3000うちよそログ\n勅使河原 伊蔵🌩️（ @yamatanochinko.bsky.social ）\n×\n相良寿座🐌（ @dorotoro3.bsky.social  ）\n⚠️画像無断転載️禁止Do not reupload my art.\n⚠️ AI学習禁止Do not use my art for AI training.', 'かいたものをまとめている\n※無断転載禁止/AI学習禁止\n※Do not reupload my art./Do not use my art for AI training.', '自作の刀剣短歌をまとめています。\n無断転載盗用AI学習禁止。\nDo not use my art for AI training.\nDo not reupload my art.']"
236,22,236_ummm_sir_yeah_ok,"['ummm', 'sir', 'yeah', 'ok', 'youll', 'first', 'see', '', '', '']","['Ok.', 'sir,', 'Ummm... yeah.']"
237,22,237_tifa_tcg_chanyeol_spartan,"['tifa', 'tcg', 'chanyeol', 'spartan', 'pokemon', 'megami', 'shin', 'pmc', 'mwii', 'purplekiss']","['Shin Megami Tensei/Persona games feed.\n\nIncludes as many tags and acronyms as I could manage (such as #SMTV and #P3P) while filtering out as much nonsense as possible. I also threw in Metaphor ReFantazio because why not?\n\nBuilt with https://skyfeed.app/', ""This Tifa feed ('Tifeed') aggregates 'quality' 'tifa posts' with relevant 'text' ('tifa', 'tifa lockhart,' 'ティファ,' 'ティファ・ロックハート' ) and 'hash tags' (#tifa, #tifalockhart, #ティファ, #ティファ・ロックハート, #qualitytifacontent) while excluding as much 'stupid (gamer, ai, pervert, gacha, 'm:tg') shit' as possible."", 'Blorbo feed for my Call of Duty OC Universe dubbed Paragon PMC. MWII Warzone 2 divergent AU :)\nDuring the Events of MWII, Shadow Company got dismantled and was picked up by the next biggest PMC in line. Paragon.\nAfter errosion of trust through General Shepherd, Ghost Team+Laswel followed soon after.']"
238,22,238_ravens_mariners_eagles_brock,"['ravens', 'mariners', 'eagles', 'brock', 'flyeaglesfly', 'pittsburgh', 'nfl', 'lightning', 'jackets', 'tampa']","['A feed of Philadelphia Eagles posts, based on common hashtags.\nIncluded hashtags are FlyEaglesFly, GoBirds, and Eagles as well as PHIvs{x} and {x}vsPHI for all 31 other teams. Posts with the hashtags #photography and #nature are removed, since those commonly use #eagles without being about the team.', 'Feed for fans of the Philadelphia Eagles NFL team. Captures gameday talk, news, and posts containing hashtags like #eagles and #flyeaglesfly. GO BIRDS', ""A Baltimore Ravens Fan Community dedicated to all things Ravens, whether it's a Ravens fan, a reporter on the Raven's beat, or a national media person just simply discussing the Ravens or a Ravens player!\n\nBe sure to pin us and give us a like!""]"
239,22,239_maths_management_edusky_math,"['maths', 'management', 'edusky', 'math', 'organization', '1113', 'ergonomics', 'equityfocused', 'coremaths', 'enables']","['This feed features a community of educators and leaders for Multilingual Learners, bilingual, ESL, Languages other a than English\n #MLchat\n#edusky', '#TeamMaths for Maths teachers across the world to collaborate and share ideas and cool Maths nuggets. created by ThtPedagogyGeek.bsky.social', 'A curated feed featuring posts tagged #projectmanagement, covering everything from Agile and Scrum to IT project management, leadership strategies, and industry best practices. Stay informed on the latest trends, tools, and insights to excel in project management!']"
240,22,240_atproto_atprotocol_httpscorkiejpgithubioatprotoviewerindexhtml_developers,"['atproto', 'atprotocol', 'httpscorkiejpgithubioatprotoviewerindexhtml', 'developers', 'viewer', 'instagram', 'adopter', 'atprotocoldev', 'didwebplc', 'floded']","['Good vibes posts about ATProto.', ""ATProto feed inspired and adjacent to mackuba's ATProto@ feed. Captures all posts from @pps and services on the AT Protocol, along with ATProtocol related posts from known developers, tinkerers, and thinkers.\r\n\r\nMade with 🐮"", 'Everything about AtProto']"
241,21,241_ik_shocking_rachable_fineartamerica,"['ik', 'shocking', 'rachable', 'fineartamerica', 'acciable', 'art', 'my', 'randomized', 'america', 'id']","['my art feed', 'My Fine Art America feed. My art and designs for FineArtAmerica.', 'SHOCKING ik but heres my art feed where id have more acciable and rachable art pieces']"
242,21,242_characters_original_weve_leather,"['characters', 'original', 'weve', 'leather', 'got', 'master', 'dnd', 'lifecollection', 'valearenk', 'pawn']","['Original characters!', 'my original characters', 'my original characters']"
243,21,243_bangers_banger_treezs_demise,"['bangers', 'banger', 'treezs', 'demise', 'certified', 'eys', 'dearly', 'antimy', 'mizers', 'jaz']","['my recent bangers', 'My own bangers', 'My bangers feed']"
244,21,244_ggplot2_makeup_clay_arts,"['ggplot2', 'makeup', 'clay', 'arts', 'crafts', 'astroverse', 'mygoave', 'grandall', 'indefiniteartistoutlookcom', 'mua']","[""Welcome to MUA! A community for makeup artists to share tips, techniques, and creative inspiration. Whether you're a seasoned pro or an aspiring artist, this is the place to connect, learn, and elevate your makeup skills!"", 'ggplot2 is an awesome! Follow this feed to stay up-to-date on the latest updates and to explore data visualizations created with this versatile graphics library.\n\n→ mention `ggplot` or `ggplot2` to be featured', 'I like to experiment with different fluid art techniques and materials and follow the natural paint flow with all its unpredictability.\nThe biggest inspiration for my art is Nature, so I try to pour those colour combinations energy and beauty on canvas.']"
245,21,245_kidlitart_ridder_tmrc_deaddove,"['kidlitart', 'ridder', 'tmrc', 'deaddove', 'bg3', 'reading', 'third', 'childrens', 'knight', 'book']","['Custom KidLitArt and Picture book feed. Includes posts with tags: kidlitart, kidlitartpostcard, picturebookillustration, childrensbooks', 'Third Man Records Collectors unite! This feed follows the official TMR account along with the TMRC hashtag. Share merch, concert photos, news. As long as it\'s Third Man related it\'s all good!\n\nInclude ""#tmrc"" in your post to start a conversation!', 'Your tweet(or reply) must have ""bg3"" somewhere along with at least one of these hashtags: #deaddove #gore #guro #noncon #watersports #monsterfucking \n\nthis isn\'t an exhaustive list obviously so feel free to just use #deaddove on whatever, you can also just make a tweet looking for other 🕊️⚰️ bg3 fans!']"
246,21,246_filipino_philippines_powered_grazesocial,"['filipino', 'philippines', 'powered', 'grazesocial', 'philippine', 'pinoyfood', 'abroad', 'filipinos', 'mindanao', 'philippinerelated']","['An enhanced version of the ""Philippines, Filipino"" feed, this uses a custom algorithm to rank trending posts. Interact directly here (like, comment, repost) to amplify voices within the Filipino community.\r\n\r\nPowered by Graze.social.', 'A catch-all custom feed of all Filipino ATmosphere users from the Philippines and abroad based on hashtags.\r\n\r\nPowered by Graze.social.', 'A Feed of creators in the Philippines, or who are Filipino!']"
247,21,247_memes_meme_vandalism_airstrike,"['memes', 'meme', 'vandalism', 'airstrike', 'helau', 'fidel', 'duking', 'httpsenwikipediaorgwikispecialabusefilter614', 'alaaf', 'pinkeyesky']","['Trending memes from the whole network\n\n(""meme"" or #meme in caption. includes hidden tags. includes past 24h. Image posts only)', 'Collection of the best Memes.\nAdd ""#Meme"" to Picture.', 'Memes for content']"
248,20,248_cyberpunk_warframe_dreampunk_tracks,"['cyberpunk', 'warframe', 'dreampunk', 'tracks', 'mtg', 'mentioning', 'genre', 'formally', 'starwarsart', 'swtorfamily']","['A very basic Warframe feed which searches for any post containing ""Warframe"" in the text or image descriptions (alt text).', 'Dreampunk is a trippy subgenre of speculative fiction focused on dreamlike states and their interaction with consensus reality. It\'s basically cyberpunk\'s weird hippie cousin.\n\nTo show up here, include the word ""dreampunk"" or the following emoji combination: 😴🤯', 'A collection of posts about the cyberpunk genre, including cyberpunk genre derivatives (i.e. steampunk, solarpunk) and the Cyberpunk series by Mike Pondsmith.']"
249,20,249_protest_protests_demonstrations_cosponsor,"['protest', 'protests', 'demonstrations', 'cosponsor', 'smos', 'tiriti', 'dcstatehood', 'protesters', 'firefighting', 'belarusian']","['A list of posts with the word ""protest"" in them, newest ones first.', 'These US politicians currently side with 100% of GOP pro JimCrow/KKK’s evil ongoing “no n****rs voting in the US Senate” US #23A “Compromise” tyranny, so refuse to cosponsor current #DCstatehood bills #HR51 & #S51.\n\nDems here who cosponsor #DCstatehood will be removed from here & added to “Big Dems”', 'Skeets on Mass mobilization, mass protest, protest, contentious politics, activists, protesters, social movement, SMOs, demonstrations, #Massmobilization, #massprotest, #protest, #contentiouspolitics, #activists, #protesters, #socialmovement, #SMOs, #demonstrations,\n\nBlueskyFeedCreator.com']"
250,20,250_golf_sports_spurs_derby,"['golf', 'sports', 'spurs', 'derby', 'roller', 'betting', 'nba', 'soccer', 'broads', 'womensgolf']","['Stay updated with the latest golf trends, pro tips, tournament highlights, equipment reviews, and dream golf destinations.', ""You are in the Kross Impact Channel. We care about Sports and Youth. French and Worldwide Company. Sports'clothes& supplies. Educational Project. #NFL #NBA #NHL #Formula1 #Rugby #Soccer and many more"", ""All about Ladies' golf..  From the LPGA to amatuer women's golf. Perspective from the red tees.\n\nTo be included in this feed, don't forget to use #LadiesGolf or #WomensGolf in your post.  Spam will be blocked and removed.""]"
251,20,251_nukesky_nuclear_offensive_abolition,"['nukesky', 'nuclear', 'offensive', 'abolition', 'offtopic', 'responsible', 'nonendorsing', 'antinuclear', 'nonukes', 'atomiccabaret']","['This feed highlights content from leftist creators, mutual aid organizers, activists, labor voices, socialists, progressives, and others working toward collective liberation.', 'Data Visualization \nDataViz Charts \nBluesky Social Feed. \n\nIf this Feed is Overwhelmed and Refresh does not work, Check Back Later and Enjoy one of my Other Feeds. \n\nNon-Endorsing Curation. \nNot Responsible for Offensive, Off-Topic or InAppropriate Content.', ""NonEndorsing TPUSA Turning Point USA \nBluesky Social Feed.\n \nTurning Point USA\nhttps://en.wikipedia.org/wiki/Turning_Point_USA\n\nIf Feed is Overwhelmed & Refresh doesn't work, Check Back Later and Enjoy my Other Feeds. \n\nNot Responsible for InAppropriate, Offensive, Off-Topic or Promotinal Content.""]"
252,20,252_idaho_hampshire_legislature_happenings,"['idaho', 'hampshire', 'legislature', 'happenings', 'nebraska', 'events', 'chswx', 'emeryville', 'chsnew', 'charleston']","['A collection of progressive, left leaning groups and individuals in Wilmington, North Carolina and New Hanover County', 'Posts from and about Charleston, South Carolina. This could be news, weather, events, or most anything else. Use the hashtag #chs #chsnew or #chswx for your post to be included.', 'Less doom, more photos: A photo, art, etc feed for Idahoans. This finds photos and art about Idaho, or by Idaho Folks.']"
253,20,253_characters_original_character_cyrus,"['characters', 'original', 'character', 'cyrus', 'cait', 'bosschaikamon', 'baydews', 'gelatofrenzy', 'gungetank', 'heelal']","['Artwork featuring my original characters', 'hi i made YB YourBoyfriend Feed if anyone \nmakes art of their sonas & Peter \n& other characters lucy don TK & vio roy.', 'Art/content of my original characters']"
254,19,254_lgbtq_pertinent_amplifying_engaging,"['lgbtq', 'pertinent', 'amplifying', 'engaging', 'ruby', 'austins', 'gaytexas', 'gayaustin', 'haruseth', 'gaytx']","['Feed to compile Marvel Rivals posts on BlueSky and find LGBTQ+ community. \n\nWarning: Not all posts within this feed are from LGBTQ+ creators.', ""The Bluesky feed dedicated to Austin's LGBTQ+ community serves as a vibrant space for amplifying voices, sharing stories, and engaging in discussions pertinent to LGBTQ+ rights, culture, and experiences.  Use #gayatx, #gay512, or #gayaustin to have your post included included. Like and Follow."", 'The Bluesky feed dedicated to providing a vibrant space to LGBTQ+ Texans for amplifying voices, sharing stories, and engaging in discussions pertinent to LGBTQ+ rights, culture, and experiences. This platform encompasses a broad spectrum of content. Use #gaytx or #gaytexas to join the conversation.']"
255,19,255_wellness_fitness_health_loss,"['wellness', 'fitness', 'health', 'loss', 'effective', 'weight', 'keto', 'matcha', 'exercise', 'aging']","[""I drink pure matcha daily. Here's why 🍵\n✔️ Antioxidants (EGCG)\n✔️ Calm focus (L-theanine + caffeine)\n✔️ Boosts fat burn & metabolism\n✔️ Heart health & detox support\nMatcha = daily ritual for mind & body.\n#matcha #JapaneseTea #Wellness #Japanesematcha #MatchaOrigins #drinkmatcha #matchalovers"", 'Discover effective strategies and tips for your fitness and exercise journey to achieve optimal health.', 'Keto Health & Wellness – Your go-to feed for keto, fasting, metabolism, and nutrition. Stay updated with tips, research, and recipes to fuel your health journey! 🥑🔥 #Keto #LowCarb #Wellness']"
256,19,256_dd_bloons_sa_church,"['dd', 'bloons', 'sa', 'church', 'aqua', 'blueeyes', 'apostles', 'disneyworld', 'blueskyblueskyuiwhitewindthis', 'btd6']","['The place for anything and everything related to Bloons on Bluesky! Use #bloons or #btd6 to appear in this feed. // Made at BlueskyFeeds.com', 'Blueskyサーバにデータを保存するがBlueskyサービスとはUIが異なるブログサービス「WhiteWind」の話題を拾います。This blog will cover topics related to the blog service ""WhiteWind,"" which stores data on the Bluesky server but has a different UI from the Bluesky service. https://whtwnd.com/', 'This feed is for the Church of Jesus Christ of Latter-Day Saints (also known as the Mormon Church). This feed will need to be updated as apostles and general authorities get added to bluesky.']"
257,19,257_home_blender_decor_interior,"['home', 'blender', 'decor', 'interior', 'blender3d', 'b3d', 'femc', 'p3r', 'walkthroughs', '3dsmax']","['Attempt at a 3d modeling feed with minimum like count of 5 over 7 days.\nFilter out nsfw\n\nRegex\n3dcg|#b3d|#blender|blender3d|geometrynodes|#\\b[Mm]aya\\b|\\bzbrush\\b|geonodes|3dmodel|3dsMax|Substance3d|Substancepainter\n\nMade at SkyFeed', 'Anything related to Blender, the 3D software.\nThis feed grabs posts that include any of the following tags/text:\n#b3d, #blender3d, #blender, blender, geometry nodes, material nodes\n \nIt tries to filter unrelated ""blender"" posts (e.g. \'put __ in a blender\'), but some will slip through.', 'Attempt at a 3d modeling feed.\r\nFilter out text only posts.\r\nFilter out nsfw\r\n\r\nTerms / Tags\r\n3dcg b3d #blender blender3d geometrynodes #Maya zbrush geonodes 3dmodel 3dsMax Substance3d Substancepainter\n\nBlueskyFeedCreator.com']"
258,19,258_artes_kein_gyros_disposal,"['artes', 'kein', 'gyros', 'disposal', 'digestion', 'calligraphy', 'vore', 'harder', 'minis', 'painted']","[""Gyro's art. This includes the harder vore themes, including graphic digestion and disposal."", ""Gyro's vore art. This Exludes images with harder themes such as graphic digestion and disposal."", 'Artes de League of Legends com a tag #artoflegends! Caso queira aparecer aqui, bote esta tag nas suas artes!']"
259,19,259_artwork_fengqing_granblue_potions,"['artwork', 'fengqing', 'granblue', 'potions', 'rafayel', 'placeholder', 'peek', 'came', 'done', 'broken']","['all my artwork!', 'All of my artwork!', 'All of my artwork!']"
260,19,260_httpswwwpatreoncomprimodrago_shinys_shinythebutterfree_primodragos,"['httpswwwpatreoncomprimodrago', 'shinys', 'shinythebutterfree', 'primodragos', 'patreoncomdaydreamerjim', 'nevs', 'moonidraws', 'lawweek', 'x3', 'gander']","['Art of moonidraws ☆*:・ﾟ in an organized feed so its easier to find!', ""A simple feed that puts Nev's art in one place for easy viewing, with occasional pics of her irl cats. Please enjoy!"", ""This is the feed that you will find Shiny's artwork in. This makes it easier so you don't have to scroll through my media tab, so take a gander, and make yourself comfortable.""]"
261,19,261_ainfts_sensoryart_sensory_discovered,"['ainfts', 'sensoryart', 'sensory', 'discovered', 'imagery', 'filters', 'birdwhisperer', 'feministart', 'artfeedyuri', '1969']","['A feed for new human made art posts. Filters out AI/NFTs. Use #art to post. Pulls from a growing list of popular art hashtags. Please Pin, Like and Share to help the feed get discovered!', ""See what's hot in art by human artists! Filters out AI/NFTs. Use #art to post. Pulls from a growing list of popular art related hashtags. Please Pin, Like and Share to help the feed get discovered!"", 'Welcome to the home of the Sensory Art Challenge. Where the #SensoryArt hashtag began.\r\nMake sure you like and share your favorites!\r\n\r\nReposts are not able to sync to this  feed.\r\nIf you find something you want to share on Sensory Art. Please quote & tag #SensoryArt even if the tag is in original post']"
262,19,262_placed_combos_hub_ever,"['placed', 'combos', 'hub', 'ever', 'clips', 'youll', 'tech', 'sure', 'need', 'make']","[""Welcome to the Honda hub for all things Edmond!\n\nCombos, Clips, Tech, all you'll ever need from the community, just make sure to use #SF6_EHonda to have your post placed in this feed."", ""Welcome to the Sim hub for all things Dhalsim!\n\nCombos, Clips, Tech, all you'll ever need from the community, just make sure to use #SF6_Dhalsim to have your post placed in this feed."", ""Welcome to the Mighty hub for all things Bison!\n\nCombos, Clips, Tech, all you'll ever need from the community, just make sure to use #SF6_MBison to have your post placed in this feed.""]"
263,19,263_ufo_ufosky_uap_shockhat734,"['ufo', 'ufosky', 'uap', 'shockhat734', 'ufo50', 'sightings', 'nonhuman', 'ufos', 'map', 'drone']","['The latest posts about UFO Gaming (UFO). Spam-filtered and relevant for investors.\n\nBy @bluestocks.app', 'UFO Feed', 'News feed about UFO, UAP, UFOsky and drone sightings. \n\nCollects posts by using only #s.\n\nHas less posts than the UFO / UFOsky / UAP feed.\n\nThis feed has about 60 posts per day and remembers the last 3000 posts.\n\nIt can be used to catch up if you have been out of the loop for a few weeks.']"
264,19,264_portfolio_commission_commissions_trades,"['portfolio', 'commission', 'commissions', 'trades', 'cairo', 'httpscommsbyarcelllisart', 'aisnfts', 'artistree', 'infobossrushstudiocom', 'httpsartistreeiobyarcelllis']","['All art by me :3 to make it easy to see my portfolio', 'my artwork portfolio', 'This is my portfolio of my artwork and past commission']"
265,19,265_battlefield_lego_agent_vr,"['battlefield', 'lego', 'agent', 'vr', 'console', 'screenshots', 'play', 'jointly', 'ps5share', 'consoleshare']","['A chronological feed for everything posted about Agent 4 in the last 24 hours!\n\nTo get your post included, just include any of the text ""agent 4"", ""#agent4"", or ""agent four"" in either your post or image alt text.\n\n(This feed blocks out some overlapping tags to filter out unrelated posts.)', 'Lego lovers unite! Everything Lego feed will include all the Lego posts on Blue Sky within the past 24 hours. Enjoy!', 'Some: Battlefield is a love.  Others: On a battlefield, love can bloom.  The remainder?  Battlefield is Hell.  Battlefield determines who is wrong.']"
266,18,266_wapeach_fanart_pawg_abigaiil,"['wapeach', 'fanart', 'pawg', 'abigaiil', 'freetoshare', 'funamusea', 'gaycruisinggloryhole', 'fandomspecific', 'mogeko', 'mssethi']","['lovers of the indian pawg mssethi!!', 'lovers of the pawg dani banks!!', 'A fanart feed for Wapeach and for the other versions of alt Princess Peach from the Nintendo games.\nUse the tag #Wapeach on your media to post here.']"
267,18,267_place_one_perler_bead,"['place', 'one', 'perler', 'bead', 'neatly', 'packed', 'consistent', 'gathered', 'compiled', 'handy']","['All of my art, in one place!', 'All of my art in one place!', 'All of my art in one place!']"
268,18,268_audiobooks_let_know_romance,"['audiobooks', 'let', 'know', 'romance', 'us', 'using', 'your', 'scifi', 'bipocracialized', 'achilleanaudiobook']","['Do you love listening to audiobooks? This is a place to share great audiobooks, get new recommendations, and find out about titles. Please do not spam or self-promote.', 'Let us know about your spicy audiobooks by using #spicyaudiobook in your posts!', 'Let us know about your horror audiobooks by using #horroraudiobook in your posts.']"
269,18,269_kickstarter_crowdfunded_categories_crowdfunding,"['kickstarter', 'crowdfunded', 'categories', 'crowdfunding', 'donations', 'link', 'projects', 'being', 'threads', 'cryosphere']","['Gadgets being crowdfunded on Kickstarter.\n\n\nPosts and threads that contain a link to a Kickstarter project in these categories: Gadgets', 'Tabletop games and RPGs being crowdfunded on Kickstarter.\n\n\nPosts and threads that contain a link to a Kickstarter project in these categories: Tabletop Games, Games', 'Video games and hardware being crowdfunded on Kickstarter.\n\n\nPosts and threads that contain a link to a Kickstarter project in these categories: Video Games, Gaming Hardware, Games']"
270,18,270_screenpit_athenians_flashback_literary,"['screenpit', 'athenians', 'flashback', 'literary', 'steampunk', 'magazines', 'publishers', 'httpswwwgrazesocialfeeds1702', 'inventingrealitybskysocial', 'arriving']","['This feed pulls in submission calls from various literary magazines on Bluesky. Only literary magazine featured on my ""LitMags"" list will appear here. If you would like to be added to the list and feed, please DM me.', 'A feed of BlueSky posts (aka tweets?, skeets?) from people with ties to the university, high schools, and/or music and art sceen of Athens, Ohio.  Adding new Athenians and honorary Athenians daily.', '#Screenpit\nPitch your completed Screenplay or Script on Bluesky on #Screenpit days\n\nNext Screenpit: 30 December 2025\n\nVisit screenpit.org for more information.']"
271,18,271_butts_goddess_hearts_kingdom,"['butts', 'goddess', 'hearts', 'kingdom', 'dkbk', 'yugioh', 'bkdk', 'properly', 'ensure', 'goddessesses']","['For the estimeric lovers out there 💙🤍Should filter out wolships and feature only posts of Estinien, Aymeric, or the both of them together.\n\nTo ensure fics also appear, this feed is not limited to only images so some stray posts may appear 🙏💦', ""A feed of all posts properly tagged *dkbk. Note that the tag *bkdk is excluded so any post that has both the *dkbk and *bkdk tag will not be seen.\n\nThis is to ensure people don't see their notp so pls tag properly. Thank you!\n\nNote: Click the *pin button to add to your home feed"", 'Posts about Belin Lhel, Valentin Chassaigne, and the many ways in which Khetya Mirh is gently driving them to separate states of insanity. \n\nCategorized using the #oc tag.']"
272,18,272_commissions_commission_kofi_updatesinfo,"['commissions', 'commission', 'kofi', 'updatesinfo', 'condensed', 'completed', 'slot', 'vtuberassets', 'commisions', 'info']","['Feed of my commissions', 'feed of my commission works and commission updates/info, tagged with the word ""commission""', 'Find all information about my commissions, or my finished commission pieces here! (both NSFW and SFW)']"
273,18,273_bts_le_army_brasileiro,"['bts', 'le', 'army', 'brasileiro', 'dieselpunk', 'elsword', 'terriertuesday', 'btsupdates', 'priv', 'ofmdwardrobe']","['Un feed sur le Cyberpunk, le Dieselpunk, le Steampunk et même de GiscardPunk  // Made at BlueskyFeeds.com', 'Welcome to isese sky. a safe place for devotees, enthusiasts of the ancient Yoruba religion /spirituality to connect and grow.\nStills under construction 🔧\nwill be perfect soon.', 'A feed for OFMD References and Production BTS\n#OFMDBTS #OFMDRefs #OFMDWardrobe #OFMDSetDesign #OFMDProps']"
274,18,274_tolong_ttpd_baca_di,"['tolong', 'ttpd', 'baca', 'di', 'foot', 'fetish', 'private', 'everyone', '', '']","['🔞foot fetish 🔞', 'TTPD ✨', 'Tolong di baca💗']"
275,17,275_poetry_poets_prompts_verseve,"['poetry', 'poets', 'prompts', 'verseve', 'balisong', 'glass', 'fnaf', 'poems', 'gunsou', 'infinitescroll']","['Feed of poets published in Glass: A Journal of Poetry and The Glass Chapbook Series (and some other cool poet type peeps)', 'A feed of poetry and poets using the #verseve hashtag. Posting with this hashtag increases your chances of being featured on the Verseve online poetry blog.\nwww.verseve.gabriellev.art', 'A curated feed for poetry prompts, and poetry submissions in writing prompts.\nExplore a mix of daily, weekly, and experimental prompts to spark your poetic creativity.']"
276,17,276_skeet_fishes_skeets_voidpunk,"['skeet', 'fishes', 'skeets', 'voidpunk', 'term', 'darts', 'otherkin', 'fish', 'muenster', 'pedsicu']","['Basic Tech skeet feed, for skeets tagged with #tech', 'This feed is for otherkin. To skeet in this feed, use the term otherkin or a more specific otherkinrelated term.', 'Fresh skeets about fishes. Get added to the Fishes! 🐟Feed Accounts list and use fish, #fish, fishes, #fishes, shark, 🐟,🐠,🦈 in your skeet and it will appear in this feed.']"
277,17,277_raids_ice_alert_artillery,"['raids', 'ice', 'alert', 'artillery', 'httpsbluefactsappfeedbuilder', 'shootings', 'covering', 'create', 'incidents', 'evolving']","['This feed will capture chatter about the ICE raids in Los Angeles and the protests surrounding it.\r\n\r\n#LAProtests #ICEinLA #LAvsICE #ICEoutofLA', 'Ice expansion to 30,000 thugs looms. Gestapo-like kidnappings will need to be stopped by massive numbers of us, right here locally. Follow this feed, which will be our county-wide alert system. Post alerts when you learn of an ICE action. Show up to stop it when you receive such an alert.', 'Feed meant to alert people of immigration raids. Please post of picture of the instance to prove it happened to avoid unecessary scares. Post will only show if created in the last 24 hours to avoid past reported raids.']"
278,17,278_yellowstone_yukon_glacier_brooklyn,"['yellowstone', 'yukon', 'glacier', 'brooklyn', 'preferably', 'dc', 'towns', 'housing', 'hits', 'national']","['Best feed for Yellowstone National Park and places within Yellowstone.\r\nUse #yellowstone or mention popular places in Yellowstone to be included here.\r\nMore info: https://blueskyfeedcreator.com/p/mountainscalling.me/yellowstone', 'Feed hits for Yukon and its cities and towns, preferably the Yukon in Canada.', 'Feed hits for Yukon and its cities and towns, preferably the Yukon in Canada.']"
279,17,279_publicart_metroxixartsbskysocial_strawpage_lotta,"['publicart', 'metroxixartsbskysocial', 'strawpage', 'lotta', 'minusagentsstrawpage', 'hehehe', 'httpsdenofvenstrawpage', 'minusnexusstrawpage', 'metroxix3cnewgroundscom', 'smth']","['Feed for #publicart and related keywords.\n\n#publicart to be featured.', 'Surprise someone random with drawings or questions! \n\nThis feed pulls from the entire network over the past 7 days. Only includes posts with direct links to strawpages, not those that mention it in general.\n\n(May be a little slow to update. Sorry about that!)', 'every image collected of the cryptid known as ""dani"" \n\na lotta nudes, occassional shitpost']"
280,17,280_ww3_preppershubbskysocial_prepping_warfare,"['ww3', 'preppershubbskysocial', 'prepping', 'warfare', 'buddhism', 'disasters', 'natural', 'survival', 'civil', 'stem']","['Feed about STEM conferences, seminars, workshops, symposium, webminars, and podcasts happening somewhere in this world.\n#STEMconference\n#STEMseminar\n#STEMsymposium\n#STEMworkshop\n#STEMwebminar\n#STEMpodcast\n#STEMmeeting\n#STEMlecture', 'This feed includes anything related to Prepping, Natural Disasters, Warfare, Civil War, WW3, and Survival Skills.\r\nEnjoy! 😊\r\n@preppershub.bsky.social', 'This feed includes anything related to Prepping, Natural Disasters, Warfare, Civil War, WW3, and Survival Skills.\r\nEnjoy! 😊\r\n@preppershub.bsky.social']"
281,17,281_mute_list_enemys_not,"['mute', 'list', 'enemys', 'not', 'moots', 'greens', 'curationlist', 'econtwitter', 'httpsbskyappprofiledidplczhgvucvplp3igy2szngckpvxlists3k7iufqyq2j2u', 'sience']","['NOT a mute list. following for fun', 'NOT a mute list. my IT things', 'NOT a mute list. my news feed']"
282,17,282_detection_topic_based_generator,"['detection', 'topic', 'based', 'generator', 'robinfeedpick', 'grazepick', 'httpsrobinfeedcom', 'bsfc', 'robinfeed', 'topics']","['topic detection based feed', 'topic detection based feed', 'topic detection based feed']"
283,17,283_stevec_taged_images_hyraxes,"['stevec', 'taged', 'images', 'hyraxes', 'arden', 'duos', 'neonsign', 'neonsigns', 'ladsphotostudio', 'oxfruit']","['All #©stevec taged images', 'All #©stevec taged images', 'All #©stevec taged images']"
284,16,284_desk_place_table_frogart,"['desk', 'place', 'table', 'frogart', 'hobbytable', 'crownmark', 'crafttable', 'jollied', 'paintinghobbycraft', 'painttable']","['A place for all my art :)', ""Just a bunch of Aly art I commissioned over the years and IM FINALLY UPLOADING. \n\nPlease for the love of god don't be weird. \n\nComments are super welcome, but don't tell me if your rocks are getting jollied."", 'The place to share what is currently on your painting/hobby/craft table or desk!\nUse the tags #PaintTable, #HobbyTable, #CraftTable. ""Table"" with Desk, Room or Space']"
285,16,285_warhammer_vtuber_citadel_blocking,"['warhammer', 'vtuber', 'citadel', 'blocking', 'cozy', 'vore', 'citadelminiatures', 'citadeladd', 'cozygame', 'cozygames']","['A feed for vore. Posts with an image and any of the following will be included!\n#vore #oralvore #cockvore #unbirth #analvore #softvore #hardvore #endo', 'VTuber editors & the VTubers they follow in a (attempted) concise VTuber Video feed! Are you a VTuber editor? Let me know!', 'A feed for nostalgic old Citadel Miniatures goodness: classic Warhammer, WH40K Rogue Trader and all other Citadel miniature series!\n\nUse tags #oldhammer, #citadelminiatures, #classiccitadel, or #citadeladd\n\nPlease only include classic Citadel minis from the 90s or earlier.']"
286,16,286_students_job_hiring_collegesky,"['students', 'job', 'hiring', 'collegesky', 'phd', 'academic', 'scholarship', 'systems', 'academia', 'communication']","[""A feed for communication scholars to have focused discussion and enjoy serendipitous discovery of each other's work. For academics, grad students, and serious discussions of communication scholarship, NOT general purpose talk.  Ask @joshuafoust.com to be added. Tag posts #commsky or 📟 to be added!"", 'Not working well? Checks DH+ list + #s (#LISJobs, #LISJob, #GLAMJobs, #ArchiveJobs, #MuseumJobs, #AcademicSky, #STS) for posts mentioning hiring, ad, search committee', 'Posts by and for PhD students\n\nTag = #PhDSky\nacademia | academic chatter | academic jobs | higher education | scholarship | science | university | PhD students\n\n(If you like the feed, then please 💓 it!)']"
287,16,287_lewd_accessibility_teapot_sharks,"['lewd', 'accessibility', 'teapot', 'sharks', 'logo', 'httpskoficomdevster269', 'meetingmayz', 'yiffdaddy', 'nardodragons', 'nardoragon3d']","['Posts about Accessibility from @MeetingMayz! Logo is ""Mayz talks Accessibility"" and contains the accessibility icon. ♿️', 'Just some lewd art', 'my lewd art tag']"
288,16,288_82125_updated_progress_work,"['82125', 'updated', 'progress', 'work', 'praying', 'hope', 'works', 'good', 'god', 'again']","['WORK IN PROGRESS!\nupdated: 8/21/25', 'WORK IN PROGRESS!\nupdated: 8/21/25', 'Updated!']"
289,16,289_place_one_nanites_ashess,"['place', 'one', 'nanites', 'ashess', 'spot', 'marisketchs', 'queen', 'art', 'organized', 'in']","['All my art in one place!', 'All my art in one place!', 'All my art in one place!']"
290,16,290_coffee_pourover_bamber_brewing,"['coffee', 'pourover', 'bamber', 'brewing', 'adam', 'cafe', 'cafesky', 'daveys', 'zings', 'mmmm']","[""Love coffee? This feed has you covered. It's Coffee all day long."", 'Coffee pictures feed ☕️', 'i like coffee and you']"
291,16,291_war_germany_milsky_borestm,"['war', 'germany', 'milsky', 'borestm', 'bundeswehr', 'propulsion', 'usadominated', 'strobel', 'pheii', 'whw']","['A feed of members of the International Society for First World War Studies', 'Feed for MilSky Germany (former MilTwitter). Everything Bundeswehr and military bubble Germany on Bluesky. Hints welcome who should be added! List by Paul C. Strobel', 'From the starter packs Independent Company WHW by Norma Graham, War BoresTM by Alex Churchill and Liberating Europe in the Second World War by Stephen Fisher\n\nBlueskyFeedCreator.com | Donate: https://blueskyfeedcreator.com/p/ammonyte.com/swwhistory#donate']"
292,16,292_paperglue_searing_huh_finalfantasy,"['paperglue', 'searing', 'huh', 'finalfantasy', 'viera', 'mosaic', '2010', 'viewing', 'props', 'stash']","['All my FinalFantasy related art! Probably lots of Viera designs.', 'a secret stash of just my art for easy viewing! pretty neat, huh? :3', 'Props, costumes, jewelry, and art that I have made. Halloween pictures and other eye searing photos as well.']"
293,16,293_fumblebaum_keebs_orias_tatjana,"['fumblebaum', 'keebs', 'orias', 'tatjana', 'segelken', 'creafea', 'cosmicaces', 'figments', 'bioluminocity', 'incubot']","['Artworks by Keebs (@fumblebaum)', 'Work in progress art and coloring by CreaFea (Tatjana Segelken)', 'Artwork with colors by CreaFea (Tatjana Segelken)']"
294,16,294_blabbering_incessant_wanna_reshares,"['blabbering', 'incessant', 'wanna', 'reshares', 'endless', 'view', 'easy', 'compiled', 'ych', 'where']","['An easy spot to view all (if not, most) of my art. 🎶🦋', 'wanna take a look at my YCH? Now you can!', 'ever wanted to see my art without my incessant blabbering and endless reshares? well now you can!']"
295,16,295_letterboxd_affiliated_propublica_test,"['letterboxd', 'affiliated', 'propublica', 'test', 'letter', 'playlist', 'letterboxds', 'noncinephile', 'casually', 'not']","['Sorted by: new posts. \r\nNot affiliated with Letterboxd. This is a test.', 'Not affiliated with Letterboxd. This is a test.', 'Not affiliated with Letterboxd. This is a test.']"
296,16,296_theater_dance_bellydance_musicals,"['theater', 'dance', 'bellydance', 'musicals', 'theatre', 'feeds', 'styles', 'moves', 'bellydancers', 'blueskybellydancer']","['Portland Theater Feeds', 'Picture This Post Theater Feeds', 'Chicago Theater Feeds']"
297,15,297_model_topic_flipboards_recommendation,"['model', 'topic', 'flipboards', 'recommendation', 'system', 'state', 'topics', 'applications', 'curated', 'large']","['topic model books', 'topic model science', 'topic model art']"
298,15,298_batcest_commsgifts_poetries_steller,"['batcest', 'commsgifts', 'poetries', 'steller', 'wonderlink', 'lair', 'httpsfwdrawstumblrcom', 'feydpaul', 'drawdo', 'proses']","['Page displaying my poetries, proses, stories etc.', 'Here is the lair of my FeydPaul obsession and art 🖤my fave ship of Dune ! Enjoy ✨', 'A collection of my artworks. Digital & traditional fanarts, commissions, client work. Illustrations, characters, scenes and some SFW furry art and fantasy. Also board games, books and games. You can also use my Wonderlink to find other galleries elsewhere.']"
299,15,299_thoughts_discarded_peterio_boredom,"['thoughts', 'discarded', 'peterio', 'boredom', 'untitled', 'intrusive', 'revisit', 'cures', 'thousand', 'myself']","['Thoughts I should have kept to myself, music, photos, and memes.', 'Just a collection of all of my random thoughts and posts. Mostly for myself to come back and revisit! :3', 'conversations with intrusive thoughts\n\nart: untitled 22 by peterio']"
300,15,300_asdf_woo_explanatory_astanonymous,"['asdf', 'woo', 'explanatory', 'astanonymous', 'heyyy', 'tevrudens', 'fulkery', 'frickinferal', 'asemic', 'chamber']","['All Aboard! Woo Woo!', 'asdf', 'asdf']"
301,15,301_tesso_valveplug_tonis_theglitchylifes,"['tesso', 'valveplug', 'tonis', 'theglitchylifes', 'jasperburrdogs', 'kera', 'luureiis', 'damo', 'clobeast', 'dinjoralo']","['Feed of all art done by Tesso', 'Steady drip of art from Clobeast.', 'All the artworks of visual artist Kera Damo in one feed, without the noise. Giving people a way to easily catch up ❤️']"
302,15,302_preraphaelite_mitsuarts_ybarts_0c,"['preraphaelite', 'mitsuarts', 'ybarts', '0c', 'kr00bscomm', 'httpsillumniousarttumblrcom', 'httpswwwdeviantartcomillumnious', 'httpsmitsupawzart', 'ippotsks', 'artventuring']","['A feed that includes everything with the tag #kr00bscomm! Allowing potential clients and wandering eyes to pinpoint openings and opportunities to hire me as an illustrator.', 'A feed collecting the monthly releases of my NPC art packages on my Patreon - the ArtVenturing Guild-, and any freebies or additions to my shop too. #dnd #dndart #ttrpg', '✦ A feed showcasing only my artwork! #ybarts #mitsuarts ✦\n\n✦ My Tools:\n➤ Clip Studio Paint\n➤ Huion KAMVAS PRO 16\n\n✦ My website: https://mitsupawz.art/\n➤ #ybarts #mitsuarts']"
303,15,303_wthe_thx_nsfwpolitical_dreams,"['wthe', 'thx', 'nsfwpolitical', 'dreams', 'slip', 'responsible', 'though', 'always', 'may', 'note']","['Posts w/the word curry in ALT text. Note the image may not always be a curry or curry ingredients. Though you may find the curry of your dreams. NOT responsible for any NSFW/political images that slip by.\n\nShare with others  if you enjoy! THX', 'Posts w/the word cake in ALT text. Note the image may not always be cake. Though you may find the cake of your dreams. NOT responsible for any NSFW/political images that slip by.\n\nShare with others if you enjoy! THX!', 'Posts w/the word pizza in ALT text. Note the image may not always be pizza. Though you may find the pizza of your dreams. NOT responsible for any NSFW/political images that slip by.\n\nShare with others if you enjoy! THX']"
304,15,304_cancer_oncology_treatment_radiation,"['cancer', 'oncology', 'treatment', 'radiation', 'radonc', 'communicator', 'research', 'informed', 'clinical', 'breakthroughs']","['A feed for all mentions of Cancer', 'Updates, insights and news from oncology conferences and associations worldwide. Stay informed on the latest in cancer research, treatment and collaboration.', 'Latest posts and discussions about Cancer.']"
305,15,305_chicago_rochester_food_flowercity,"['chicago', 'rochester', 'food', 'flowercity', 'lefttheprairiebskysocials', 'artgraffitiexhibitiongalleryart', 'artcubismsurrealismimpressionismexpressionismmuralstreet', 'institutewatercolordigital', 'museumart', 'rochesterny']","['Chicago Art Feeds', 'curated list of Chicago people', 'All things Rochester, NY!  Use hashtags #rochesterny, #rochester, #flowercity']"
306,15,306_remake_art_spot_my,"['remake', 'art', 'spot', 'my', 'viewing', 'easy', 'feed', 'one', 'own', 'in']","['My art feed!', 'Remake of the feed for my art!', 'My art feed! all my art in one spot, for easy viewing.']"
307,15,307_magnus_skeetjane_blanksford_petaltech,"['magnus', 'skeetjane', 'blanksford', 'petaltech', 'petaltechbskysocial', 'ft', 'released', 'neighborhood', 'archives', 'apply']","['Blanksford Comic #01: ""First Date""\nft. Gabby & Aeri\nOriginally released Dec 2023, was later updated for Bluesky Jan 2025.', 'People from the ""Magnus Pod Circle"" list posting about The Magnus Archives or The Magnus Protocol.\n(NSFW art possible, please be aware.)\n\nFeed thumbnail art by @graveyardcowboy.bsky.social\n\nList link: https://bsky.app/profile/did:plc:nyhpoxe6nk226ctw32uobzqn/lists/3lgb4ijrgoo2r', 'Posts related to The Magnus Archives and The Magnus Protocol by Rusty Quill']"
308,15,308_hockey_buffalo_clara_broncos,"['hockey', 'buffalo', 'clara', 'broncos', 'capitals', 'philly', 'santa', 'sports', 'utah', 'club']","['Posts, replies, alt-text, or embedded links mentioning Santa Clara University, Santa Clara Broncos, SCU Broncos, or scu.edu.\n\nBlueskyFeedCreator.com', '🏒🦣 English language posts about the hockey team formerly known as the Utah Hockey Club.', '#billsmafia\n#gobills\n#LetsGoBuffalo\n#sabrehood\n#buffalobills\nbuffalo bills\nbuffalo sabres\nbuffalo bandits']"
309,15,309_idol_sayumibskysocial_vssmut_stabbyness,"['idol', 'sayumibskysocial', 'vssmut', 'stabbyness', 'reflection', 'called', 'sentiment', 'cry', 'devil', 'ran']","['A feed for the video game series Devil May Cry! This is my first feed so I\'m hoping it\'ll work fine!\n v2.0: now matches for tags #devilmaycry and #dmc; matches for ""devil may cry"" in the body of posts; added exclusion list for false positives; removes duplicates.', 'a feed that display content from the TTRPG campaign ran on sentiment system called 13th god, set in the land of Raoji about a group of outcast investigating a mysterious cult, played on the stabbyness channel', ""a feed that display content from the TTRPG campaign ran on sentiment system called reflection, set in a world where the gods are dead and people fight the demonic horde from below with super weapons called 'reflection', played on the stabbyness channel""]"
310,15,310_options_atlantapd_bouasm25_avgeeks,"['options', 'atlantapd', 'bouasm25', 'avgeeks', 'bou2025', 'uoa', 'unusualoptionsactivity', 'techhouse', 'suntimes', 'undercover']","['A feed of #spycops post here on bluesky. an easy way to follow and engage in undercover policing inquiry reporting and commentary. please share', 'A gathering place for fellow Seekers - many of whom I met while walking the Path at that other place - who came to Bluesky as refugees looking for safety, serenity, and community. All are welcome, though we do vet to ensure the integrity of the feed.', 'A feed for the options trading community on BlueSky!\n\nContribute to the discussion using these hashtags: #optionstrading, #optionsvolume, #optionsflow, #optionflow, #unusualoptionsactivity, #uoa, #optionsanalysis, #optionstraders, #optionsgreeks.\n\nFollow @insiderfinance.com for options trade ideas!']"
311,14,311_chaotix_blueskyfeedcreatorcom_bertakoak_saveshadowhunters,"['chaotix', 'blueskyfeedcreatorcom', 'bertakoak', 'saveshadowhunters', 'shadowfam', 'rejoineu', 'trotharchronicles', 'sneaky', 'detectives', 'upto']","['All mention of #Shadowhunters or #SaveShadowhunters or #Shadowfam gathered here.  ➰\n\nBlueskyFeedCreator.com', 'Monica is a respected wife and mother by day... but is up to some sneaky things at night. (Mini Series)\n\nBlueskyFeedCreator.com', 'Posts featuring the best detectives in town, the Chaotix!\r\n(only searches for the term ""Chaotix"")\n\nBlueskyFeedCreator.com']"
312,14,312_uiuc_laravel_monitoring_pocock,"['uiuc', 'laravel', 'monitoring', 'pocock', 'specscriptshoutout', 'tailwind', 'exluding', 'livewire', 'artisans', 'alpine']","['this feed is about uiuc', 'This is a feed about uiuc', 'This is a feed about all of things in UIUC']"
313,14,313_portfolioday_portfolio_commissions_porfolio,"['portfolioday', 'portfolio', 'commissions', 'porfolio', 'belphions', 'portfolios', 'azuresistersxiv', '101', 'selling', 'returns']","['#PortfolioDay Tag search.  Only returns if post contains images.', 'Unofficial collection of #PortfolioDay posts! 💕', 'Posts that mention ""portfolio day"" and include images! (not replies)\n\nAlso matches single word ""portfolioday""']"
314,14,314_oc_ocs_son_houle,"['oc', 'ocs', 'son', 'houle', 'dheistocs', 'gia', 'theythem', 'dandelion', 'eicaxys', 'gc']","['My beloved son #Aziluth artwork feed\nMascot OC + favourite child', 'Feed just for my OC art!🩵', '✱ SMALL OC CREATORS! Introduce yourself as an OC artist or talk about an OC project to be shown.\n \nDetects OC + Various words, etc OC ref, OC artist, OC Story, etc.\n┆Shows users under 500 followers. Only image posts.']"
315,14,315_dolls_robots_robotfucker_inch,"['dolls', 'robots', 'robotfucker', 'inch', 'doll', 'robot', 'robotthemed', 'slimline', 'robotsrelated', 'robotnsfw']","['A place for fans and collectors of historical, modern, and custom 18 inch American Girl dolls', 'Feed for finding robotfucker content and mutuals alike :3\nMake sure to tag with either #robotfucker, #robophilia, #mechanophilia, #robotfucking, or #robotnsfw to have your content get shown here!! // Made at BlueskyFeeds.com', 'Custom doll clothes and accessories for 11 inch slimline fashion dolls. Find us on Etsy, TikTok, and here!']"
316,14,316_order_chronological_shid_editscaptions,"['order', 'chronological', 'shid', 'editscaptions', 'assorment', 'loreheadcanon', 'theyre', 'pundits', 'sonic', 'gposers']","['All of my Sonic art posts in reverse chronological order (newest on top).', 'My SFW art posts in chronological order', 'My posts in chronological order.']"
317,14,317_artphotomusic_allowww_postfeed_navigation,"['artphotomusic', 'allowww', 'postfeed', 'navigation', 'situation', '16', 'watching', 'you', 'is', '']","['🧭Navigation', '🍃PostFeed.', 'allowww🤗✨️']"
318,14,318_demography_lyoko_aquarell_contests,"['demography', 'lyoko', 'aquarell', 'contests', 'photography', 'blues', 'unite', 'httpsarweinyddphotos', 'polymerclay', 'migrations']","['Lyoko Warrios unite! Posts from the hit series, CODE LYOKO can be found here!  // Made at BlueskyFeeds.com', 'A feed for demography content on Bluesky. Simply use the word ""demography"" or ""demographer"" to get your post featured.', 'We strive to connect page turners and pen pushers! 📚✍️\r\n\r\nUse #writerandreader to participate! \r\n\r\nWe host daily prompts, flash fiction contests, read and review challenges, character creation contests, giveaways, and themed writing battles! 🤘🏼\n\nBlueskyFeedCreator.com']"
319,14,319_testing_pomemontcg_rq_grading,"['testing', 'pomemontcg', 'rq', 'grading', 'prediction', 'flex', 'value', 'just', 'v2', 'something']","['Just testing', 'Just testing...', 'Just testing']"
320,14,320_climate_sustainability_carbon_concerned,"['climate', 'sustainability', 'carbon', 'concerned', 'finance', 'sustainable', 'eco', 'adaptation', 'investing', 'funding']","['We are concerned about Sustainability and Climate change in Switzerland', 'A curated digest of climate and sustainability, spotlighting research, adaptation, environmental justice, and the policies shaping carbon and energy futures.', 'The complete enviro / climate change / eco feed.\n\nDM @velichor.co with issues.\n\nenvironmental | sustainable | sustainability | eco-friendly | eco friendly | greenwashing | greensky | ecosky | envirosky | climatesky | climate crisis | climate science | climate politics | climate action']"
321,14,321_httpsawakaricomsubdetailshtmlidwasm_httpsawakaricomsubdetailshtmlidraspberrypi_httpsawakaricomsubdetailshtmlidnewblockchainblocks_httpsawakaricomsubdetailshtmlidmemristors,"['httpsawakaricomsubdetailshtmlidwasm', 'httpsawakaricomsubdetailshtmlidraspberrypi', 'httpsawakaricomsubdetailshtmlidnewblockchainblocks', 'httpsawakaricomsubdetailshtmlidmemristors', 'httpsawakaricomsubdetailshtmlidobservatories', 'httpsawakaricomsubdetailshtmlidnewyork', 'httpsawakaricomsubdetailshtmlidipfs', 'httpsawakaricomsubdetailshtmlidllms', 'httpsawakaricomsubdetailshtmlidfunctionalprogramming', 'httpsawakaricomsubdetailshtmlidfirefox']","['https://awakari.com/sub-details.html?id=wasm', 'https://awakari.com/sub-details.html?id=NewBlockchainBlocks', 'https://awakari.com/sub-details.html?id=cloud-native']"
322,14,322_dimilix_hoursdaily_fandroid_dpwl,"['dimilix', 'hoursdaily', 'fandroid', 'dpwl', 'dmlx', 'deadclwasonly', 'belfort', 'chronos', 'blushyslushie', 'fraldarddyd']","['All things night in the woods with the tag: \n#nightinthewoods\n#nitw', 'A feed for Rifts of Chronos, a fantasy webcomic by @blushyslushie\nHashtag: #riftsofchronos', 'dimilix! dmlx! ﾃﾞｨﾐﾌｪﾘ! ﾌｪﾘﾃﾞｨﾐ! fraldarddyd!!!!! for those who want to keep up with the weekly morning newspaper.\n\nplease tag #dimilix to add to the feed!']"
323,14,323_thoughts_damnthatsinteresting_reframe_realisticbalanced,"['thoughts', 'damnthatsinteresting', 'reframe', 'realisticbalanced', 'reframes', 'noises', 'uve', 'letstryreframing', 'voxexsinister', 'unhelpful']","['My thoughts & other noises~', 'Angry Chango long line of lost thoughts', 'Reframing is a skill taught in Cognitive Behavioral Therapy (CBT) for distress tolerance which involves identifying and replacing unhelpful thoughts with more realistic/balanced ones.\n\nshare reframes u\'ve come up with to avoid messy thought spirals by using the word ""reframe"" or #letstryreframing']"
324,13,324_topic_utc_dec_archived,"['topic', 'utc', 'dec', 'archived', 'longer', '29', 'during', 'again', 'trends', 'added']","['This topic was trending during 29 Dec 24 22:35 UTC. It has now been archived and new posts are no longer added to this topic. If the topic trends again, posts will be added to a new feed.', 'This topic was trending during 29 Dec 24 19:11 UTC. It has now been archived and new posts are no longer added to this topic. If the topic trends again, posts will be added to a new feed.', 'This topic was trending during 29 Dec 24 22:40 UTC. It has now been archived and new posts are no longer added to this topic. If the topic trends again, posts will be added to a new feed.']"
325,13,325_paper_artei_digs_cubedcake,"['paper', 'artei', 'digs', 'cubedcake', 'crepe', 'httpslinktreeweatherchild', 'dragonastra', 'cartalige', 'httpsfliptrucombrcomicweatherchild', 'httpswwwwebtoonscomencanvasweatherchildlisttitleno212227']","[""A collection of everything art related by Artei Nighters.\n\nDigital art, watercolour, paintings, drawings, sketches, children's book illustrations, webcomics and more!"", 'Character design and thumbnail art is mainly drawn by @Dragonastra. Other artists featuring @cartalige, @CubedCake, @heyimjill.', 'a feed for paper art. \n\nimage posts (including replies) only. currently picks up posts about: paper cutting, paper art, paper craft, origami, kirigami, paper marbling, crepe paper flowers, paper engineering, pop up books. feel free to @ me with suggestions of other paper craft mediums to add. 🩷']"
326,13,326_soulfracturesart_teepublic_apparel_nonfurry,"['soulfracturesart', 'teepublic', 'apparel', 'nonfurry', 'lose', 'clutter', 'personally', 'helpful', 'art', 'my']","['All my nonfurry art!\n\nFeed by @soulfractures.art', 'My art Feed! personally helpful for me to not lose track of my art lol', 'My teepublic feed. my art and designs for custom apparel']"
327,13,327_mac_macos_appleedusky_appleedu,"['mac', 'macos', 'appleedusky', 'appleedu', 'ade2023', 'illseries', 'gogglebox', 'geomorphology', 'gpt5', 'goggleboxau']","['Apple Distinguished Educators in EMEIA\n \n#AppleEdu #ADE2023 #AppleEduSky #SharingIsCaring', 'Marshalls posts related to model trains. All scales, gauges and prototypes.  Uses the hashtags #modelrailroad, #modelrailway, #modelrr, #modeltrain, #modeltrains and #modelrailroading. //Made at BlueskyFeeds.com', 'A feed about macOS, using Mac computers, Mac tricks, Mac tips, Mac techniques, things that will increase productivity while using Macs, Mac-related news and rumors, Mac app recommendations, observations about using a Mac.']"
328,13,328_polyamory_phaidei_lovelive_ya,"['polyamory', 'phaidei', 'lovelive', 'ya', 'antique', 'dirias', 'hid', 'flamedei', 'goore', 'loverswhether']","['feed com fotos diárias de Ghost (ghouls, tobias, mary goore etc', 'phaidei posts from the entire network 🧡\n☀️🍷 only\nTags and keywords included: ☀️🍷, phaidei, 厄敌, ファイモス, khasdei, flamedei', 'In a quaint little town where nothing was as it seemed, a seemingly innocent antique shop hid a collection of cursed objects, each with a twisted tale that would unravel the lives of those who dared to take them home.']"
329,13,329_empathy_vtuber_vtubers_mobreimob,"['empathy', 'vtuber', 'vtubers', 'mobreimob', 'respect', 'artvtuber', 'artenvtuber', 'vickilangerbskysocials', 'oldsona', 'mobrei']","['Feed for MobReiMob image posts!\n\nCatches keywords:\nReiMob - 霊モブ - 霊モ - 레이모브 - 灵茂 - 靈茂 -\nMobRei - モブ霊 - モ霊 - 레이모브 - 茂灵 - 茂靈\nReiMobRei - MobReiMob - 霊モブ霊 - モブ霊モブ - 霊モ霊 - モ霊モ', ""A feed for vtubers who are also artists! \r\nVtubers who draw, paint, sculpt, make models, assets, etc! \r\n\r\nJust include '#vartist', '#vtartist' or '#vtuber #artist' in your post!\r\n\r\nmade by @elfyelfears.bsky.social"", 'Imagine a world with empathy. ✨️\r\n\r\n🕐 Like + Save + Pin to Practice Empathy\r\n🕑 Repost + Share to Spread Empathy\r\n🕒 Contribute Using Hashtag #Empathy \r\n🕓 Empathy Algorithm by @jillyannedawn\r\n🕔 Be Kind, Respect, Create 🌎💗🙏']"
330,13,330_wkds_ocassional_bullshit_warned,"['wkds', 'ocassional', 'bullshit', 'warned', 'happens', 'artwork', 'none', 'destiny', 'guess', 'shenanigans']","['Just the Art! None of the Shenanigans!', 'my art! art by me. from the times ive done art. that happens sometimes.', ""All my art in one place without the bullshit too c:\nOcassional 18+ YOU'VE BEEN WARNED!""]"
331,13,331_politics_crore_azadi_imprisoned,"['politics', 'crore', 'azadi', 'imprisoned', 'pakistanis', 'militaryled', 'nonrepublicans', 'haqiqi', 'imran', 'states']","['My personally filtered news feed with as little United States politics as possible.', 'A curated feed of the latest posts from the nation’s leading newsrooms. \n\nTimely, trusted reporting on the stories shaping our world - politics, climate, justice, and beyond. \n\nStay informed, inspired, and ready to act.', 'Imran Khan, leader of 24 crore Pakistanis, is imprisoned for standing against corruption, not for any crime. His detention is a military-led conspiracy, not a legal issue. Haqiqi Azadi is the fight for justice, democracy, and freedom from oppression.']"
332,13,332_abdl_vendorartist_swans_peasants,"['abdl', 'vendorartist', 'swans', 'peasants', 'woodys', 'filmcollective', 'httpsbestabdlcom', 'httpsminiboothbuddiescom', 'httpstrashllamacomswanindex', 'httpsblueskyfeedcreatorcomphamsterartscomminiboothbuddydonate']","['The most beautiful people of BlueSky. From models, to cosplayers, to content sellers, and everyone in between, these are the beautiful people of BlueSky.', 'Celebrate the highs, discuss the lows, and share the passion of the Black Cats community. Wear your red and white with pride and join the conversation!\n\nBlueskyFeedCreator.com', 'Collective group of Bluesky artists utilizing film.\n\n#filmcollective \n\nComment to be added to the feed list (film creators only).']"
333,13,333_volunteers_reflections_addchristianwomanblogger_blogdevotionalwritten,"['volunteers', 'reflections', 'addchristianwomanblogger', 'blogdevotionalwritten', 'christianwomanblogger', 'christianblog', 'calculus', 'epn2025', 'fromsaltydogfellabskysocial', 'algebra']","['A algorithm showcasing Christian Woman Bloggers – their blog post/devotional links and faith filled written reflections.\n\nUse #AddChristianWomanBlogger at least once to add yourself. \n\nUse #ChristianWomanBlogger or #ChristianBlog in your blog/devotional/written reflections Bluesky posts.', 'Find the post in my feed for Volunteers Feed \n\nSearch: from:saltydogfella.bsky.social ""Volunteers Feed""\n\nand if you follow me, reply to that post to join. You get added to the starter pack, this image opens the pack and to the feed is \'Volunteers Feed\'', 'every post mentioning the Torah, Talmud, Midrash, Parashat, Tanakh, Tehillim, Siddur, Zohar and Pirkei Avot (if you have any suggestion, please tell me!)']"
334,13,334_avatar_artists_nsfw_artnsfw,"['avatar', 'artists', 'nsfw', 'artnsfw', 'offends', 'squeezablebskysocial', 'atmunfortunately', 'avatarsky', 'mani', 'atlasky']","['NSFW (and Risque, bot not strictly NSFW) Artists I follow', 'Media posts from Artists I follow on this account. Almost entirely NSFW!\r\n\r\nApologies if a post offends in some way. This feed is NOT an endorsement of any post that might show up here.\r\nI follow when I come across a post with nice art, have not vetted most accounts.', ""For all things Avatar! Use #ATWOW or #AvatarSky to add a post 💙🌊\n\nJUST SO YOU KNOW THIS IS BLUE KITTY AVATAR NOT ELEMENTAL COOL KIDS AVATAR. The tag you're looking for is #atlasky\n\nUPDATE: Folks been sneaking slop into the feed. Excluded as mani AI tags as I could find!""]"
335,13,335_bara_typically_warcraft_profile,"['bara', 'typically', 'warcraft', 'profile', '3d', 'very', '18', 'gay', 'hrny', 'ak0']","['A feed of Vulpera from my profile; I create 3D fan ""art"" of World of Warcraft OCs. Content is typically 18+, NSFW, bara, and very gay.', 'A feed of Goblins from my profile; I create 3D fan ""art"" of World of Warcraft OCs. Content is typically 18+, NSFW, bara, and very gay.', 'A feed of Humans from my profile; I create 3D fan ""art"" of World of Warcraft OCs. Content is typically 18+, NSFW, bara, and very gay.\r\n\r\nAlso includes creations by ak0.']"
336,13,336_eileen4everbskysocials_cassaulus_aviva_deersocial,"['eileen4everbskysocials', 'cassaulus', 'aviva', 'deersocial', 'chromatowskibskysocial', 'beardeddragonnbskysocial', 'eitmonlinebskysocial', 'roryaulus', 'parkster00bskysocial', 'twosensebskysocial']","['New about deer.social from Aviva herself', '#MEspine conversation. Send feed ideas to @chromatowski.bsky.social.', 'Posts about Forward Madison FC\r\n\r\nFeedback → DM @fullmingo-feed.bsky.social']"
337,13,337_malaysia_skin_acne_acnetreatment,"['malaysia', 'skin', 'acne', 'acnetreatment', 'csmrelated', 'clearer', 'addtomalaysia', 'csmchapter', 'chainsawcentric', 'metaanalysis']","['Welcome to AcneTreatment! A supportive space for sharing tips, treatments, and advice on managing and reducing acne. Let’s work together to find solutions and achieve clearer, healthier skin!', 'A feed of all posts related to Malaysia! All posts related to Malaysia will be displayed within here.', 'An algorithm showcasing posts on Malaysia.\nUse #addtomalaysia at least once to add yourself.\nUse #malaysia to add only a single post.']"
338,13,338_emma_demons_strong_speculative,"['emma', 'demons', 'strong', 'speculative', 'electrotorture', 'bulking', 'exjock', 'choking', 'feederism', 'gainerart']","['this feed collects the skeets where jake tapper promotes his new book ALL THE DEMONS ARE HERE in case you miss one of them, allowing you to stay up to date with any exciting ALL THE DEMONS ARE HERE news', 'Finds most recent original posts with tags relevant to male gainers. Irrelavant tags filtered out. Created with skyfeed.app\n#gainer #grommr #bulking #exjock #feedee #feeder #feederism #forcefeeding  #gainerart #gaygainer #weightgain', ""Only the strong. Men bound, beaten, shrieking; made to submit. Wither it's Gut Punching, Choking, Ball Bashing, CBT, Electrotorture, or Extreme Discipline, only the best make it into this feed. \r\nThink you deserve to be include in this feed MAGGOT? post with #MBBA & see if you're strong enough!""]"
339,13,339_warcraft_azeroth_blizzard_world,"['warcraft', 'azeroth', 'blizzard', 'world', 'carbuncle', 'communitymade', 'gameugcpicks', 'gamerglow', 'machinimators', 'heroic']","['✨ Unearthing gems in the gaming world.\n#GameUGCPicks | #GamerGlow | #PureGamingCommunity\nOnly the game moments that make your heart race.\n\n Currently focusing on Minecraft and WUCHANG: Fallen Feathers (more worlds coming soon!).\n\n🌟 How to get your work noticed?\nAdd the tag: #Bestgame on your post', 'Step into Azeroth through art! From stunning landscapes to heroic fan pieces, this feed showcases the creative heart of the «WarCraft» and «World of Warcraft» community!\r\n\r\nUnofficial and not by Blizzard.\r\n\r\nPowered by Graze.social.', 'Relive the battles, stories, and legends of «WarCraft» and «World of Warcraft» through epic videos, cinematics, and fan creations. Immerse yourself in the world of Azeroth!\r\n\r\nCommunity-made, not affiliated with Blizzard.\r\n\r\nPowered by Graze.social.']"
340,13,340_orc_ocs_mlp_mlpg4,"['orc', 'ocs', 'mlp', 'mlpg4', 'nina', 'mlpoc', 'maxlike', 'mlpg5', 'ponysona', 'stellateral']","[""Art, lore and fun facts for the orcest orc, who isn't even an orc, Nina!"", 'Focus is my main story, Stellateral! a story set in a fantasy 1990s ⭐️ all ocs take Place in this same universe unless otherwise stated\n\nwe got Space pirates, evil queen obsessed with god (in love), and many homosexual activity.', 'MLP OCs and Ponysonas are pretty cool! This contains everything tagged with #mlpoc and #ponysona\n\nTags for SEO: mlp, my little pony, mlpg4, mlpg5, friendship is magic, a new generation, tell your tale, make your mark']"
341,12,341_tennis_wta_atp_tenis,"['tennis', 'wta', 'atp', 'tenis', 'match', 'performances', 'tournament', 'open', 'highlights', 'gauff']","['A curated tennis feed delivering quality content— with no off-topic posts or spam.\r\n\r\nGet the latest on players, live updates, and major events like the upcoming US Open from the ATP & WTA tours.', ""curated feed. women's tennis."", 'Tennis, tenis, WTA, ATP. Displays the last seven days.\nPS: Add tennis, tenis, WTA, ATP to your posts, so I can find you easier. If questions, ask @podolniksr.bsky.social, like if you like.']"
342,12,342_renders_filmmaker_source_featuring,"['renders', 'filmmaker', 'source', 'featuring', 'characters', 'bandicoot', 'crash', 'knackxeno', 'barnyard', 'precisely']","['My Source Filmmaker renders featuring characters from Super Mario.', 'My Source Filmmaker Renders featuring characters from Sonic the Hedgehog.', 'My Source Filmmaker renders featuring characters from Pokémon.']"
343,12,343_retro_gaming_retrogaming_consoles,"['retro', 'gaming', 'retrogaming', 'consoles', 'computing', 'gamesgaming', 'hersheyfonts', 'firmwares', 'grew', 'offgame']","['Everything about retro gaming\r\n\r\nAnyone can use #retroGame #retroGames or #retroGaming to add relevant posts', 'A thread about retro gaming, modding, retro game consoles and so on :D', 'Posts about retro gaming. Automatically picks up text & tags that mention retro game(s)/gaming, as well as a handful of old gaming consoles, DOS gaming, and arcade stuff.']"
344,12,344_specializes_diesel_firm_labs,"['specializes', 'diesel', 'firm', 'labs', 'analytics', 'intelligence', 'data', 'big', 'live', 'disney']","['Live feed for the BET Awards 2025\n\nFeed curated by Diesel Labs, a content intelligence firm that specializes in big data & analytics', 'Live feed for Old Navy\n\nFeed curated by Diesel Labs, a content intelligence firm that specializes in big data & analytics', 'Live feed for The Last of Us (season 2)\n        \nFeed curated by Diesel Labs, a content intelligence firm that specializes in big data & analytics']"
345,12,345_insta_bbr_imagens_hardsurce,"['insta', 'bbr', 'imagens', 'hardsurce', '3dias', 'mid2024', 'picaday2025', 'picaday2023', 'propper', 'metalworking']","['Just my #picaday2023 Insta posts!', 'Just my #picaday2025 Insta posts!', 'Super broad definition of Makers: woodworking, blacksmithing, metalworking, 3dprinting, single board computers, etc.']"
346,12,346_hits_greatest_burrito_buttholes,"['hits', 'greatest', 'burrito', 'buttholes', 'ditchponys', 'garys', 'burritos', 'blathering', 'travis', 'gary']","[""ditchpony's greatest hits"", 'greatest hits', 'greatest hits']"
347,12,347_poomsae_martial_taekwondo_karate,"['poomsae', 'martial', 'taekwondo', 'karate', 'bjj', 'oss', 'brazilian', 'devoted', 'di', 'spritital']","['BJJ Club – Your daily roll of Brazilian Jiu-Jitsu highlights, techniques, memes, and community vibes. Tag #bjjclub to be featured on the feed. Oss!', ""A Feed devoted to Taekwondo Poomsae.  Whether it's technical aspects of Poomsae execution or posts about Poomsae Competitions we welcome it all."", 'Waktu Indonesia bagian Bluesky.\nPost and replies from Indonesian language.\nTulis di post kalian dengan #private atau #nofeed agar tidak ditampilkan di feed ini.\n\n• No NSFW\n• No judi online\n• No selling/wts\n• No autobase\n• No roleplayer\n• No affiliate accounts\n• No mutual-things\n• No spam']"
348,12,348_actress_searches_name_mention,"['actress', 'searches', 'name', 'mention', 'last', 'days', 'laxia', 'lacrimosa', 'nikke', 'roswell']","[""This feed searches for posts that mention the actress' name in the last 7 days."", ""This feed searches for posts that mention the actress' name in the last 7 days."", ""This feed searches for posts that mention the actress' name in the last 7 days.""]"
349,12,349_blueskyfeedscom_pera_bobber_epiphanies,"['blueskyfeedscom', 'pera', 'bobber', 'epiphanies', 'europapark', 'nlss', 'rpms', 'made', 'daytoday', 'racer']","['Cafe Racer & Bobber Custom', 'Music people posting pictures of singles of all shapes, sizes and RPMs. Not a dating forum // Made at BlueskyFeeds.com', 'Nice folks from the NLSS orbit, including friends of Justin and Apollo and cool community folks. //Made at BlueskyFeeds.com']"
350,12,350_ocxcanon_oc_ocs_him,"['ocxcanon', 'oc', 'ocs', 'him', 'ben15', 'darkwing', 'arts', 'fanarts', 'typemoon', '2014']","['Artists who publish art involving Type-Moon properties (primarily Fate)\nThis includes OCxCanon, Canon only, Official Artists, and NSFW Artists.', 'Containing my yumeships, ocxcanon, and oc arts! Occasionally me with my faves.', 'Here are some arts and concept about my BEN10 OC : Ben15, I created him on tumblr since 2014, I hope you like him!💙']"
351,12,351_fresco_adobe_drifterxamir_figurines,"['fresco', 'adobe', 'drifterxamir', 'figurines', 'lovewinart', 'repliesgifsother', 'httpswwwetsycomshopthebeastboutique', 'delve', 'beast', 'boutique']","['Warframe AND Soulframe content! I cross the two over *very* heavily. Includes DrifterxAmir ship art (⚡🐺).', 'Place to go to see my artwork only! Since I doubt I will make a secondary account anytime soon.\nposts will be marked with ""#lovewinart""', 'A place to learn watercolor techniques, color balance, and beautiful composition using Adobe Fresco.\n\nAdobe Fresco を使用して、水彩技法や色彩バランス、美しい構図を学んでいく場所']"
352,12,352_authors_proofreaders_klance_writers,"['authors', 'proofreaders', 'klance', 'writers', 'variant', 'refining', 'omegaverse', 'vs', 'writer', 'editors']","['tracks hashtags for writers and authors, focusing on the plural variant, ""authors"", ""writers"" vs ""author"", ""writer""', 'tracks hashtags for writers and authors, focusing on the single variant, ""author"", ""writer"" vs ""authors"", ""writers""', 'Posts by editors & proofreaders, for editors & proofreaders. Captures posts from the last 7 days with hashtags #AmEditing, #edibuddies, #Copyediting, #AmCopyEditing, #AmProofreading, #EditorSky, by non-authors (even though we love our authors!). Very loosely moderated.']"
353,12,353_artnft_tea_artonchain_bobatea,"['artnft', 'tea', 'artonchain', 'bobatea', 'looseleftea', 'milktea', 'mfdoom', 'manifold', 'generativeartonchain', 'herbaltea']","[""Make sure you're using all caps when you spell this mans name, please and thank you! #MFDOOM"", 'Curated feed. \r\nActive hashtags: #artonchain, #digitalartonchain, #objkt, #superrare, #ninfa, #transientlabs, #artnft, #obscura, #photographyonchain, #manifold, #objk, #genartonchain, #artnft, #generativeartonchain, #nftart\r\n\r\nLMK if missing significant ones\n\nBlueskyFeedCreator.com', 'Posts that contain the following hashtags and other types of teas too long to list: teasky tea chai teatime looseleftea tealovers sencha matcha boba bobatea bubbletea milktea yerbamate herbaltea\n\nIncludes all posts from accounts identified as indie tea sellers that primarly post about tea.']"
354,12,354_narrative_beautiful_nature_exist,"['narrative', 'beautiful', 'nature', 'exist', 'beauty', 'earth', 'discerned', 'httpsbeautyofnaturepage', 'recognize', 'positively']","['Beautiful things still exist in this world come and see', 'All about nature eg. animal, plants, landscape. Just relax your minds with these beautiful things that exist on earth', 'Beauty is hard to define but easy to recognize. In nature, beauty may be discerned in all things and places, even in the most unexpected regions of the earth.\n\nShare beautiful photos of nature. The beauty of nature positively impacts your mind, body and soul.\n\nhttps://beautyofnature.page']"
355,12,355_adoptables_sold_adopts_httpstoyhousepotatosheepcharactersfolder4080701,"['adoptables', 'sold', 'adopts', 'httpstoyhousepotatosheepcharactersfolder4080701', 'httpsychcommishescomuserpotatosheeps', 'httpskoficomwolfusimagiusshop', 'unsold', 'ghouliisch', 'avaliable', 'claimed']","['Like adoptables?? Follow to stay up to date with the cuties I have to offer! ♥', 'Where to find my adoptables, both sold and unsold', 'This is where all of my adoptables can be seen.']"
356,12,356_hytale_httpsenofeedscarrdco_mega64_httpsbskyappprofiledidplc4yxma22dnuidplec7x2ogvv5feedaaanfyz23cmbo,"['hytale', 'httpsenofeedscarrdco', 'mega64', 'httpsbskyappprofiledidplc4yxma22dnuidplec7x2ogvv5feedaaanfyz23cmbo', 'product', 'faq', 'necessarily', 'handle', 'profiles', 'bigchill']","['Queue to remove custom handles. Used in case the user wants to switch to a different custom handle or back to a .bsky.social handle.', 'A mix of Hytale tags and Hytale community members\n\n\nUser list:\nhttps://bsky.app/profile/did:plc:nblqefnc2qwy7nt5misrkuqs/lists/3l3gt57rnd724\n\nTags:\n#Hytale #HytaleFanart', ""A feed of posts from people who used to post bitd on PHP BB music forums - Overload, LittleDetroit, Disception, NoFuture (erutufon), BigChill, WATMM, Goya, DJHistory etc.\n\nIt's a subscription list so if you want to be included or know of Bsky users who should be, let me know and I can add.""]"
357,12,357_unity_consciousness_exercises_eunoia,"['unity', 'consciousness', 'exercises', 'eunoia', 'applying', 'interconnectedness', 'principles', 'courses', 'embracing', 'wisdom']","['Discuss applying unity consciousness principles in professional settings and ethical business practices.', 'Discover the path to a harmonious world with our Unity Consciousness feed. Explore daily insights on compassion, interconnectedness, and peace-building. Join a community dedicated to transforming lives through the wisdom of ""Living Unity: Embracing the Eunoia Way', 'Share insights and excerpts from our ""Living Unity: Embracing the Eunoia Way"" e-book, offering daily wisdom on unity consciousness.']"
358,12,358_thai_kain_deadsun_darkprophecy,"['thai', 'kain', 'deadsun', 'darkprophecy', 'cpf', 'mermaids', 'soulreaver', 'mythics', 'thaibl', 'wenzhejunzhe']","['A curated Muay Thai feed', 'A highly personalised feed which displays a (not really) wide range of Thai people on Bluesky.\n\nℹ️ Not recommended for strangers to follow since it’s muted several keywords to secure my mental health.', 'A feed collating Legacy Of Kain related posts. To show up in this feed use #legacyofkain, #bloodomen, #soulreaver, #soulreaver2, #bloodomen2, #nosgoth, #deadsun, #darkprophecy, #raziel or #kain // Made at BlueskyFeeds.com']"
359,12,359_phish_mecfs_accessibility_docascode,"['phish', 'mecfs', 'accessibility', 'docascode', 'asciidoc', 'asciimath', 'dita', 'mathml', 'pastry', 'pretextbook']","['A feed to feed your inner chef. \n(Tag : Illustration / Art with Vegetable, Fruit, food, Pastry, Bakery, Cuisine, cook)', 'ME/CFS #MECFS awareness.\n\nSearches for #MEAwarenessHour #MEAwarenessDay #MEAwarenessWeek #MEAwarenessMonth #SevereMEDay #MillionsMissing in posts and replies', 'This is a feed about technical writing, semantic markup languages, documentation formats, and scholarly documents.\nSome of the Tags:\nasciidoc, asciimath, markdown, bookdown, lualatex,  lyx, pretextbook, tex, dita, docbook, mathjax, mathml, typst, texlatex (but not latex), unicodemath, docascode']"
360,12,360_internalonly_error_experienced_inner,"['internalonly', 'error', 'experienced', 'inner', 'internal', 'circle', 'server', 'who', 'people', 'have']","['Internal-Only', 'The inner circle.', 'People who have experienced the Internal Server Error']"
361,12,361_humor_aiartstablediffusionmidjourneydallenovelaiaiaiartainijijourney_kawarimidoll_socio,"['humor', 'aiartstablediffusionmidjourneydallenovelaiaiaiartainijijourney', 'kawarimidoll', 'socio', 'specify', 'sweetbeevips', 'funny', 'distru121', 'quieter', 'humorous']","[""Want something easier to understand how much I improved? There here it is! 1 post per month so you don't have to drag it all down!\n(ﾉ´ヮ`)ﾉ*: ･ﾟ"", 'Humor: Users that frequently post humorous content. Only the good ones.', 'People with a unique sense of humor (usually contains socio political commentary, controlled by my list)']"
362,12,362_music_feeds_baltimores_seattle,"['music', 'feeds', 'baltimores', 'seattle', 'minneapolis', 'houston', 'berlin', 'nyc', 'synth', 'boston']","['DC Music Feeds', 'Chicago Music Feeds', 'Seattle Music Feeds']"
363,11,363_architecture_eventdriven_architectures_glow,"['architecture', 'eventdriven', 'architectures', 'glow', 'driven', 'blacklight', 'nyagi', 'eventdrivenarchitecture', 'studioteabreak', 'webkinz']","['Posts about Event-Driven Architectures.\r\n\r\nFilters by the hashtags #EDA, #eventdrivenarchitecture, and the words ""Event-Driven Architectures"", ""Event-Driven Architecture"", ""Event Driven Architectures"", and ""Event Driven Architecture"".', 'Architecture posts on Bluesky, from Architects all around the world!\nThis feed displays posts containing the words: architecture & #architecture.', 'Posts related to architecture and containing the #architecture tag']"
364,11,364_digimon_renamon_appearing_pumspread,"['digimon', 'renamon', 'appearing', 'pumspread', 'vol1', 'lotura', 'homm', 'guilmon', 'koko', 'longeared']","['The fox digimon, Renamon.', 'The blue dragon digimon, first appearing in Digimon Adventure 02.', 'The long-eared dog digimon, first appearing in Digimon Tamers alongside Guilmon and Renamon.']"
365,11,365_robinfeed_nostrfeed_cnovels_qud,"['robinfeed', 'nostrfeed', 'cnovels', 'qud', 'test2', 'ngl', 'cave', 'rffa', 'wonders', 'review']","['robinfeed.\n\n⚡ RobinFeed', '⚡ RobinFeed', 'robinfeed\n\n⚡ RobinFeed']"
366,11,366_naturism_nudism_nudist_naturist,"['naturism', 'nudism', 'nudist', 'naturist', 'naturists', 'naked', 'naturismnudism', 'hike', 'aress', 'blacknudists']","[""You only need to use one of the following hashtag's: nudist, nudists, nudism, naturist, naturists, or naturism. I'll add users and I'll block users, as needed. True nudism is body positive and family safe; free from sex, porn, and exhibitionists. No dic pix, no erections, no erotica, no sex- period."", 'The most popular posts about naturism in the last seven days. To show up in this feed, you must use terms related to Naturism. Terms related to nudism are not included.', 'The most recent posts about naturism. To show up in this feed, you must use terms related to Naturism. Terms related to nudism are not included.']"
367,11,367_cosmic_interventions_spirituality_universe,"['cosmic', 'interventions', 'spirituality', 'universe', 'soul', 'eunoiacommunity', 'httpswwwsouthernfriedsciencecomp55232', 'intrinsically', 'interventionoptimization', 'cosmicvibes']","['The profound realization that all beings and elements in the universe are intrinsically linked, forming a vast web of mutual influence and shared existence.', 'A feed for research and discussion on optimizing interventions. Topics include methods for developing efficient, effective, and scalable interventions (SMART, MRT, factorial designs) in behavioral science, public health, and digital health. Use #InterventionOptimization to contribute.', 'Explore sacred music, mantras, and spirituality for your inner journey. Cosmic vibrations for the soul and universal harmony.\n\n#SamavedaMusic #SacredSounds #MantraHealing #SpiritualAwakening #CosmicVibes #MeditationMusic']"
368,11,368_photography_amphibians_wildlifephoto_wildlife,"['photography', 'amphibians', 'wildlifephoto', 'wildlife', 'naturalists', 'bird', 'birds', 'reptiles', 'virtualphotography', 'wildlifephotography']","['Wildlife photography feed using hashtags.\n\nPost to the feed with: #wildlifephotography #wildlifephoto', 'Photos of small birds. Regex based, searches post text for ""bird"" AND ""photo"", then for various small bird species names (with some blacklisted terms). Birding, birdwatching.', 'Nature photography collected from the Birds, Mammals, Reptiles & Amphibians, Fungi Friends, Marine Life, and Naturalists feeds.']"
369,11,369_ahem_akgov_akelect_akleg,"['ahem', 'akgov', 'akelect', 'akleg', 'aknews', 'alaskan', 'httpsinsafpkhome', 'mergers', 'nexstars', 'pakistanimran']","[""Updates and discussions on Nexstar's media power, mergers, and industry shifts in the broadcasting arena.\n\nCreate your own feed with https://bluefacts.app/feed-builder"", 'News and posts about the Medill School of Journalism at Northwestern University.', 'This feed shares posts from Alaska news org accounts and filters posts from individual Alaskan journalists for posts tagged with #aknews #akgov #akelect or #akleg']"
370,11,370_darth_pupskyapp_pup_psycholonials,"['darth', 'pupskyapp', 'pup', 'psycholonials', 'swagging', 'swann', 'rychilla', 'bsbc', 'maxsailbskysocial', 'bskybookclub']","['A space for the Pup community on Bluesky — an algorithmic feed dedicated to pup play, featuring trending and current posts. See @pupsky.app for more feeds.\r\n\r\nℹ️ Follow @pupsky.app to be part of this and all feeds.', ""It's just Darth posts. Darth is one of the best things about Bluesky, but his feed can be overwhelming."", 'A feed for the Bluesky book club, now reading ""Three Bags Full: A Sheep Detective Story,"" by Leonie Swann. Tag posts with BSBC, 🐑 📖, Bluesky Book Club, or bskybookclub.']"
371,11,371_ruby_rails_skillstopracticecom_tidytuesday,"['ruby', 'rails', 'skillstopracticecom', 'tidytuesday', 'thanksgiving', 'distilled', 'httpswwwskillstopracticecomdistilledfaq', 'inbox', 'httpsbskyappprofileskillstopracticecomfeedaaaf5jle4pb7e', 'dragonruby']","['An early stage feed intended to aggregate posts of interest to the Ruby, RubyMotion and DragonRuby ecosystems. Email bluruby@intellog.com to be added as a Trusted Contributor.', 'Sources from starterpacks, lists, etc to make a big  messy inbox for @skillstopractice.com to sift through to find posts for Ruby + Rails : Distilled.\n\n(FIXME: LINK TO SOURCES + INFO PAGE)\n\nhttps://bsky.app/profile/skillstopractice.com/feed/aaaf5jle4pb7e', 'Shuffled up remix of the Ruby + Rails : Distilled archival feed.\n\nMost of the posts there are somewhat timeless. So why not throw some old ones in the gem tumbler and see what comes out?']"
372,11,372_historic_convocation_brittlestar_heritageconservation,"['historic', 'convocation', 'brittlestar', 'heritageconservation', 'historicarchitecture', 'drosophila', 'echinoderms', 'dailynature', 'basketstar', 'historicbuilding']","['A sci-fi feed focused on space exploration merges speculative stories, technological progress, and the drive to explore the cosmos, blending fictional journeys with real and future space achievements.', 'Echinoderms! News, pictures, videos, art, science...\r\n\r\nTo post: use #SeaStar #Starfish #SeaCucumber #SeaUrchin #BasketStar #Brittlestar\r\n\r\nProblems: ping @xenomatt.bksy.social', 'Posts related to historic preservation, historic sites and historic buildings! #oldbuilding #historicsite #historicarchitecture #historicbuilding #heritageconservation #historicpreservation']"
373,11,373_syria_syrian_units_protection,"['syria', 'syrian', 'units', 'protection', 'east', 'damas', 'damascus', 'fadahjassembskysocial', 'aanes', 'asaad']","['Keyword based feed to follow events in Syria.', ""Posts about the Autonomous Administration of North and East Syria (AANES) aka Rojava, Syrian Democratic Forces (SDF),  People's Protection Units (YPG), Women's Protection Units (YPJ), and pro-democracy Syrian Rebels."", 'Latest posts on Syria']"
374,11,374_upload_where_kill_convenience,"['upload', 'where', 'kill', 'convenience', 'lives', 'could', 'spam', 'put', 'looks', 'artworks']","['If looks could kill 💅', 'All the art I upload here.', 'Here I will upload all my art!']"
375,11,375_trending_acending_hellthread_commentariat,"['trending', 'acending', 'hellthread', 'commentariat', 'thursday', 'throw', 'days', 'ranked', 'english', 'funny']","['Trending posts from people I follow', 'All Throw Back Thursday pictures in the last 7 days', 'Acending list of posts that are not in the hellthread, not replies, from the past 3 days']"
376,11,376_bandit_bluey_bskyshcli_httpsthelaceylegacycom,"['bandit', 'bluey', 'bskyshcli', 'httpsthelaceylegacycom', 'lacey', 'heeler', 'httpsskywriterblue', 'waterfire', 'providence', 'downtown']","['Compilation of posts for the Lacey Legacy in BlueSky. Good for a quick catch-up! For the full legacy visit:  https://thelaceylegacy.com/\n\nBlueskyFeedCreator.com', 'Bluey, Bingo, Chilli, and Bandit Heeler', 'Posts on Bluesky that relate to WaterFire, a vibrant sculptural and musical event presented on the rivers of downtown Providence, Rhode Island, through much of every year.']"
377,11,377_alaskaspecific_stephenmal_riveapp_katmai,"['alaskaspecific', 'stephenmal', 'riveapp', 'katmai', 'envtuber', 'itzy', 'feeling', 'fat', 'member', 'liekely']","['Use #katmai #fatbearweek #brooksfalls #brookscamp or mention Katmai keywords\r\n\r\nPlease ❤️ this feed! 🧸', 'Just about love, relationships, date, boyfriend, girlfriend, could be us, mood, need, feeling, hotgirl, baby, should be us, love language, craving, feeling...\nYou can post to the feed using ""me and who"" only!', ""Pulls from @rive.app & Rive's official member list.\nTags: #Rive, #RiveApp, #RiveFiles, #MotionUI, #MakeUIfunAgain, #RiveUI, #InteractiveMotion\n\nHosted by SkyFeed""]"
378,10,378_rivals_roa_aether_smash,"['rivals', 'roa', 'aether', 'smash', 'articulated', 'dickslip', 'dungeonsofaether', 'fridayreads', 'httpspastebincomrawkvbm9lmu', 'rivalsofaether']","['Feed for all the posts concerning my webcomic Articulated Magic.', 'The Super Smash Bros. Feed. Share your art, game, tournament or love about Smash !  // Made at BlueskyFeeds.com', 'A feed for all things Rivals of Aether! Posts from official RoA accounts will show up here, as well as anything with these keywords or hashtags:\n\n""Rivals of Aether""\n""Rivals 2""\n""Rivals II""\n#rivalsofaether\n#rivals2\n#dungeonsofaether\n#rivalsII\n#roa\n#roa2\n#roaII\n+the names of most playable characters']"
379,10,379_bitcoin_httpsappsapplecomappid6740137234_bluestocks_stocks,"['bitcoin', 'httpsappsapplecomappid6740137234', 'bluestocks', 'stocks', 'trust', 'features', 'right', 'app', 'track', 'bullish']","['The latest posts about Bausch + Lomb (BLCO). Spam-filtered and relevant for investors. For all features check out the Bluestocks app to track stocks right from Bluesky: https://apps.apple.com/app/id6740137234', 'The latest posts about ProShares Short Bitcoin ETF (BITI). Spam-filtered and relevant for investors. For all features check out the Bluestocks app to track stocks right from Bluesky: https://apps.apple.com/app/id6740137234', 'The latest posts about Grayscale Bitcoin Trust (GBTC). Spam-filtered and relevant for investors. For all features check out the Bluestocks app to track stocks right from Bluesky: https://apps.apple.com/app/id6740137234']"
380,10,380_laughing_humor_comedy_jokes,"['laughing', 'humor', 'comedy', 'jokes', 'daquanjr', 'iandukes', 'deserting', 'iconfused00', 'bounty', 'sarcasm']","['iConfused0_0: Humor in Raw Truths, Random Thoughts, and Unfiltered Vibes. Follow, Have Fun, Comment, and Repost!', 'Jokes, humor, and comedy!', '🤣 Memes that hit different. DaquanJr brings the best viral moments, internet humor, and relatable comedy straight to your timeline. If you ain’t laughing, you’re doing it wrong.\r\n\r\n🔥 Follow for daily laughs.\r\n\r\n#Memes #Comedy #Trending #Culture']"
381,10,381_puzzle_fgc_bungie_puzzles,"['puzzle', 'fgc', 'bungie', 'puzzles', 'fighter', 'defense', 'destiny', 'thefinalshape', 'smitesmite2', 'twid']","['The best Street Fighter 6 #SF6 #スト6 videos and content from the FGC. Boosts posts with videos to encourage sharing tips and tech, etc.\n\nLike ❤️ the feed to help others find it!\n\nNot affiliated with Capcom.\n\nCheck out my feeds for other fighting games!', ""This one is for the #FGC and devoted to SNK's flagship fighter.\n\nNo longer being maintained. MBS can get fucked."", 'Destiny The Game Feed of Players, Community Members, Third Party Tools, and Bungie Staff + some filtering of the firehose\nTags : #LostSectorReport, #destiny, #destiny2, #dtg, #bungie, #destinythegame, #twab, #twid, #destiny2art, #thefinalshape, #lightfall']"
382,10,382_teslatakedown_fiftyfiftyone_handsoff_democracy,"['teslatakedown', 'fiftyfiftyone', 'handsoff', 'democracy', 'looks', 'outlaw', 'what', 'blanket', 'thingy', 'temperature']","['This is what democracy looks like!\r\n\r\n#handsoff #teslatakedown #fiftyfiftyone', 'This is what democracy looks like!\r\n\r\n#handsoff #teslatakedown #fiftyfiftyone', 'This is what democracy looks like!\r\n\r\n#handsoff #teslatakedown #fiftyfiftyone']"
383,10,383_musty_tempura_uno_friend,"['musty', 'tempura', 'uno', 'friend', 'walk', 'httpswwwgrazesocialfeeds9793', 'mandarinchinese', 'fushiuru', 'restriction', 'alsotell']","['テンプレート アニメと漫画用。\r\n１：ハッシュタグが4つ以上を含む投稿を除外Feed\r\n２：ハッシュタグを除外したFeed\r\nこれを合体。\r\n\r\nTemplate for anime and manga.\r\n1: Feed that excludes posts containing 4 or more hashtags.\r\n2: Feed that excludes hashtags.\r\nCombine these.\r\n\r\n#Grazeテンプレート #GrazeTemplates\r\n\r\nGraze Templates viewing site.\r\nhttps://www.graze.social/feeds/9793', 'Actually, I like shrimp tempura. I mean, I wanted to search ""tempura"".\n天ぷらのポストを拾います。', '🟨 Uno by Uno 🟨\n               All Teezo appreciation resides here!\n\nAlso......Tell a friend of a friend to make sure to not \n   walk out musty, cause a real friend will never let \n             you walk outside smellin musty']"
384,10,384_dee_wad_hcnonebskysocial_doods,"['dee', 'wad', 'hcnonebskysocial', 'doods', 'refsheetnetbeesofwardee', 'pencilcat', 'sharkie', 'oroginal', 'lino', 'lin']","['Trying out the PencilCat art challenge!  No promise on how long this will take me.', 'Art from other artists, mostly commissioned, mostly of Dee🦊👓!\n\nDee art can also be found at refsheet.net/BeesOfWar/dee\n\nFeed icon by @hcnone.bsky.social', 'Illustrators, illustration, printmakers, screen printing, handmade art and artists, lino, woodcut, etching, engraving, cyanotype, design, textile art, eco art, alternative photography']"
385,10,385_astrology_dedicated_pisces_capricorn,"['astrology', 'dedicated', 'pisces', 'capricorn', 'aquarius', 'taurus', 'scorpio', 'sagittarius', 'aries', 'virgo']","['Feed dedicated to Sagittarius, astrology, people who are Sagittarius', 'Feed dedicated to Gemini, astrology, people who are Gemini', 'Feed dedicated to Leo, astrology, people who are Leo']"
386,10,386_raccoon_dog_rottweilers_clangen,"['raccoon', 'dog', 'rottweilers', 'clangen', 'breed', 'gen', 'clan', 'large', 'shepherdhuskyretrievergreyhoundmastiffcolliedobermangreat', '200tracks']","['Hope you like raccoons & opossums because that is what you will find here. Images labeled via alt text with the words ""raccoon"" and/or ""opossum"" will show up here.', 'Hi this feed is for clan gen users! Feel free to post your drawings of clan gen/ life gen cats!! Use #clangen or #ClanGen', 'Posts about Hungarian Vizslas, a wonderful breed of dogs and anyone who has a Vizsla will instantly fall in love with them.  They are the original velcro dog, so loving and sociable.']"
387,10,387_rp_baserp_vtuberplus_siha,"['rp', 'baserp', 'vtuberplus', 'siha', 'discordvtuberplus', 'baik', 'bermain', 'memperbanyak', 'foya', 'sumping']","['SIHA의 TRPG 세션 기록 모음 (해시태그 #시하세션)', 'Discordで集まり様々な活動をしているVtuberPlusギルドのタグです。\nThis is a dedicated tag for VtuberPlus guild members active on Discord.', ""Wilujeng sumping BARUDAK RP! \nTempat bermain rp yang baik dan benar, memperbanyak teman, berkumpul, berfoya foya di bsky. \nHome for gathering roleplayer accounts. \nLet's obey the RP rules to create comfort!\n\nsearch bar: #BASERP #BRP""]"
388,10,388_campus_university_events_vibrant,"['campus', 'university', 'events', 'vibrant', 'stay', 'insights', 'updated', 'miami', 'life', 'colasc']","['Stay updated with the latest news, events, and insights from the University of Washington, your source for campus life and academic excellence.', 'Discover the latest news, events, and updates from the University of Miami, celebrating our vibrant campus life and community achievements!', 'Stay updated with the latest news, events, and insights from the University of Rhode Island and its vibrant campus community.']"
389,10,389_epitwitter_russian_propaganda_kyiv,"['epitwitter', 'russian', 'propaganda', 'kyiv', 'bellingcat', 'epidemiology', 'ukrainian', 'bonktastic', 'codfr', 'tanksshipsplanesartillerycolonelgeneralmissilepropagandahelicopterspiesdronefsb']","[""US (USCC) for the Armia Krajowa Int'l (AKI).  The #Democratic #Resistance #US. English/Spanish. Include #USCC-AKI in your post or ALT tag. This channel is for credible information sharing, subversion planning and emergency comms. No memes or snark."", 'Welcome #epitwitter refugees! \n\nA simple feed scooping up epidemiology content in the spirit of #epitwitter and Epitwitter! Include any of the following in your post (# not required but allowed cuz old twitter habits die hard!): epidemiology episky 😷💉\n\nPing tejenson with user acct exclude requests!', ""'russian propaganda' feed. If you see russian propaganda, just reply or quote 'russian propaganda' and it will show up here.  Feel free to add your bonktastic coDFR labwhy.\n+Julia Davis\n+ DFR lab\n😻\n+ Bellingcat""]"
390,10,390_bookreview_review_mysteries_book,"['bookreview', 'review', 'mysteries', 'book', 'reviews', 'anthology', 'thriller', 'father', 'short', 'bipoc']","['Thriller book reviews from the past week. To have your review included, use #BookReview and Thriller.', 'Speculative Fiction book reviews from the past week. To have your review included, use #BookReview and at least one of these terms: SpecFic or Speculative', 'Short Story and Anthology book reviews from the past week. To have your review included, use #BookReview and at least one of these terms: Short Story, Short Stories, or Anthology.']"
391,10,391_younis_soares_zach_teehee,"['younis', 'soares', 'zach', 'teehee', 'one', 'gathered', 'stars', 'meet', 'did', 'lol']","['Meet our stars, now in one feed 🌟', ""Youni's catch all art feed. teehee <3"", 'Art and Media published by Zach Soares']"
