name,creation_date,feed_likes,creator_followers,creator_handle,description,uri
Popular With Friends,2023-05-19T23:19:21.076Z,40516,0,bsky.app,A mix of popular content from accounts you follow and content that your follows like.,at://did:plc:z72i7hdynmk6r22z27h6tvur/app.bsky.feed.generator/with-friends
Discover,2023-05-19T23:19:19.592Z,38356,0,bsky.app,Trending content from your personal network,at://did:plc:z72i7hdynmk6r22z27h6tvur/app.bsky.feed.generator/whats-hot
Artists: Trending,2025-07-28T23:44:37.802Z,32397,0,bsky.art,"General art feed — image posts from artists across Bluesky, sorted by trending. For information on how to post and affiliated accounts, visit: www.bsky.art",at://did:plc:y7crv2yh74s7qhmtx3mvbgv5/app.bsky.feed.generator/art-new
Science,2023-11-26T19:34:54.335Z,28948,0,bossett.social,"The Science Feed. A curated feed from Bluesky professional scientists,  science communicators, and science/nature photographer/artists. See https://l.bossett.io/vkeNf for more information! 🧪",at://did:plc:jfhpnnst6flqway4eaeqzj2a/app.bsky.feed.generator/for-science
For You,2025-11-28T01:36:16.831Z,28597,0,spacecowboy17.bsky.social,"A personalized algorithmic feed based on your likes.  It finds people who liked the same posts as you, and shows you what else they've liked recently. ",at://did:plc:3guzzweuqraryl3rdkimjamk/app.bsky.feed.generator/for-you
Mutuals,2023-05-22T21:29:12.432Z,28260,0,skyfeed.xyz,Posts from users who are following you back,at://did:plc:tenurhgjptubkk5zf5qhi3og/app.bsky.feed.generator/mutuals
Blacksky,2025-09-24T13:48:28.652Z,27896,0,rude1.blacksky.team,An algorithm showcasing posts by Black users on the network. Use #AddToBlackSky at least once to add yourself. Use #BlackSky to add only a single post.  Subscribe to @blackskyweb.xyz to report posts or accounts that should be removed.,at://did:plc:w4xbfzo7kqfes5zb7r6qv3rw/app.bsky.feed.generator/blacksky
BookSky 💙📚 #booksky,2025-07-29T01:03:12.711Z,25239,0,clarabelle.xyz,A feed for anyone who likes reading and books. Share what you're reading with us by using 💙📚 or #booksky in your posts. More #booksky feeds 👉🏻 booksky.club/list,at://did:plc:geoqe3qls5mwezckxxsewys2/app.bsky.feed.generator/aaabrbjcg4hmk
📰 News,2025-10-20T15:40:29.054Z,23726,0,aendra.com,"Headlines from verified news organisations in reverse-chronological order. Maintained by @aendra.com. May contain promoted posts, which are designated using the #promoted hashtag.",at://did:plc:kkf4naxqmweop7dv4l2iqqf5/app.bsky.feed.generator/verified-news
OnlyPosts,2023-05-27T18:34:53.166Z,20527,0,skyfeed.xyz,Posts from people you follow without reposts and replies,at://did:plc:tenurhgjptubkk5zf5qhi3og/app.bsky.feed.generator/only-posts
Quiet Posters,2024-05-22T09:23:47.233Z,16110,0,why.bsky.team,Posts from your quieter followers,at://did:plc:vpkhqolt662uhesyj6nxm7ys/app.bsky.feed.generator/infreq
For You,2024-05-14T00:17:16.435Z,15889,0,skygaze.io,Learns what you like,at://did:plc:wqowuobffl66jv3kpsvo7ak4/app.bsky.feed.generator/the-algorithm
Birds! 🦉,2024-11-20T23:33:59.086Z,14231,0,daryllmarie.bsky.social,"Bird galore! Users must be added to the contributor list to be able to post to the feed.  More info: https://blueskyfeedcreator.com/p/daryllmarie.bsky.social/aaagllxbcbsje",at://did:plc:ffkgesg3jsv2j7aagkzrtcvt/app.bsky.feed.generator/aaagllxbcbsje
Gardening,2024-11-17T00:19:31.039Z,13548,0,eepy.bsky.social,"Your one-stop-shop for houseplants, chickens, flowers, botany, foraging, and anything related to plants.  v1.6.2 Built with Skyfeed.",at://did:plc:5rw2on4i56btlcajojaxwcat/app.bsky.feed.generator/aaao6g552b33o
Art: What's Hot,2025-07-29T00:27:34.911Z,11118,0,wanderlingworld.bsky.social,"See what's hot in art by human artists! Filters out AI/NFTs. Use #art to post. Pulls from a growing list of popular art related hashtags. Please Pin, Like and Share to help the feed get discovered!",at://did:plc:odqmsar3ikz5ubokya4sempk/app.bsky.feed.generator/aaabfn4o34jdi
Gift Links/Gift Articles,2025-12-25T02:14:48.431Z,10457,0,davidsacerdote.bsky.social,Gift links or Gift Articles - paywall bypassing links to major publications.  Like and pin this feed so you and others can find it easily.  Set 'Content Languages' to see more from other countries in the Gift Link Feed: https://bsky.app/settings/language,at://did:plc:o4s55v3tsfph6whswxccpsia/app.bsky.feed.generator/aaaixbb5liqbu
What's Hot Classic,2023-05-19T23:19:20.098Z,10340,0,bsky.app,The original What's Hot experience,at://did:plc:z72i7hdynmk6r22z27h6tvur/app.bsky.feed.generator/hot-classic
Anime & Manga EN 🆕,2025-07-12T12:56:05.564Z,9904,0,anianimals.moe,Feed of Anime and Manga fandom Keywords in English in chronological order.,at://did:plc:tazrmeme4dzahimsykusrwrk/app.bsky.feed.generator/anime-en-new
📽️ Film,2025-11-16T02:30:14.263Z,9462,0,francesmeh.reviews,"A better movies feed for film lovers! Filmsky posts, movie news & reviews, trailers, Letterboxd chatter — it’s all here.  To publish to it use the film projector emoji 📽️  Don't forget to ❤️ this feed!",at://did:plc:2hwwem55ce6djnk6bn62cstr/app.bsky.feed.generator/aaaotdzmoni2q
Game Dev,2025-11-18T16:04:40.362Z,9038,0,trezy.codes,"Posts about all aspects of game development.  Opt in with ""game"", followed by animation, art, audio, design, dev, jam, lighting, music, narrative, or writing. Opt out with #Private, #NoFeed, or #NoGameDev.  Discuss at trezy.studio/discord. Support the feed at ko-fi.com/trezycodes.",at://did:plc:4jrld6fwpnwqehtce56qshzv/app.bsky.feed.generator/game-dev
Astronomy,2025-03-03T20:11:31.751Z,8226,0,emily.space,"Astronomy posts, from astronomers! Any astronomer can post here by signing up via @bot.astronomy.blue Contains posts from signed up users with a 🔭, #astronomy, or #astro.",at://did:plc:jcoy7v3a2t4rcfdh6i4kza25/app.bsky.feed.generator/astro
The 'Gram,2024-10-28T16:39:36.393Z,7909,0,why.bsky.team,All the pictures posted by people you follow,at://did:plc:vpkhqolt662uhesyj6nxm7ys/app.bsky.feed.generator/followpics
Mentions,2023-06-17T00:44:52.662Z,7710,0,flicknow.xyz,"Only posts that directly reply, mention, or quote post you  If you are having issues with missing posts please consider removing all languages from Content Languages in your Settings",at://did:plc:wzsilnxf24ehtmmc3gssy5bu/app.bsky.feed.generator/mentions
NFL+,2025-01-26T21:25:10.566Z,7414,0,parkermolloy.com,Football talk on Bluesky.,at://did:plc:hf7ezrajxadu7v3tzcyij424/app.bsky.feed.generator/aaai44jkavvrs
📰 Trending News,2025-08-27T00:40:29.503Z,7189,0,aendra.com,Trending headlines from verified news organisations. Maintained by @aendra.com,at://did:plc:kkf4naxqmweop7dv4l2iqqf5/app.bsky.feed.generator/news-2-0
Video,2025-01-19T20:07:12.948Z,6689,0,bsky.app,Trending videos in the Bluesky network,at://did:plc:z72i7hdynmk6r22z27h6tvur/app.bsky.feed.generator/thevids
Bluesky Team,2023-05-19T23:19:20.545Z,5804,0,bsky.app,Posts from members of the Bluesky Team,at://did:plc:z72i7hdynmk6r22z27h6tvur/app.bsky.feed.generator/bsky-team
🐾 Hot,2025-11-03T18:08:59.958Z,5586,0,furryli.st,Furry Hottest posts by furries across Bluesky. Contains a mix of SFW and NSFW content.  Join the furry feeds by following @furryli.st,at://did:plc:jdkvwye2lf4mingzk7qdebzc/app.bsky.feed.generator/furry-hot
Mutuals,2023-05-26T22:47:25.418Z,5278,0,bsky.app,See posts from your mutual follows,at://did:plc:z72i7hdynmk6r22z27h6tvur/app.bsky.feed.generator/mutuals
#Disability,2025-05-09T05:47:36.149Z,5109,0,allyann.bsky.social,"Any post that contains the keywords of disability, #disability, #disabilities, #pwd, #NDIS, #accessibility, #accessible and ♿ will be picked up in this feed.",at://did:plc:3sn6bogankaicebzdb7liro3/app.bsky.feed.generator/aaacjnrpfqxqg
Like Club,2023-07-11T02:21:02.000Z,4687,0,retr0.id,The first rule of Like Club is... you've gotta like the feed before you can see it :P,at://did:plc:vwzwgnygau7ed7b7wt5ux7y2/app.bsky.feed.generator/likeclub
Discover,2023-06-11T12:29:16.616Z,4385,0,skyfeed.xyz,"Posts you might enjoy, based on your likes. Full algorithm: https://skyfeed.xyz/queries",at://did:plc:tenurhgjptubkk5zf5qhi3og/app.bsky.feed.generator/discover
Blacksky: Trending,2025-09-19T17:12:34.803Z,4374,0,rude1.blacksky.team,Trending content from the Black users of Bluesky.,at://did:plc:w4xbfzo7kqfes5zb7r6qv3rw/app.bsky.feed.generator/blacksky-trend
🐾 New,2025-11-03T18:09:06.853Z,4300,0,furryli.st,Furry Posts by furries across Bluesky. Contains a mix of SFW and NSFW content.  Join the furry feeds by following @furryli.st,at://did:plc:jdkvwye2lf4mingzk7qdebzc/app.bsky.feed.generator/furry-new
Catch Up,2023-05-22T13:47:18.299Z,4091,0,skyfeed.xyz,Most popular posts from the last 24 hours,at://did:plc:tenurhgjptubkk5zf5qhi3og/app.bsky.feed.generator/catch-up
What's Cooking 🍽️,2025-07-29T01:02:56.002Z,4069,0,clarabelle.xyz,"home cooking, fermentation, homebrewing, pickling, baking, canning, preserving, delicious food and much more! 🍽️  run by @clarabelle.xyz - approving new chefs again starting in spring 2025!",at://did:plc:geoqe3qls5mwezckxxsewys2/app.bsky.feed.generator/aaai43yetqshu
SciArt 🐡,2025-05-14T21:05:40.253Z,4056,0,flyingtrilobite.com,"🔸The intersection of art + science 🔸Medical illustration, fine art, paleoart, webcomics, space art, bioart, & more  🔹Contributors: use #SciArt or 🐡 for posts to appear 🔹Alt-text and self-promo encouraged 🚫No AI/NFTs",at://did:plc:4vjdrhro4bxoawbyjgixesij/app.bsky.feed.generator/aaadepeaxdboc
Trans+Queer Shitposters,2024-02-10T21:11:19.257Z,3789,0,jaz.sh,A feed of all posts from authors in the Trans + Queer Shitposters Cluster,at://did:plc:q6gjnaw2blty4crticxkmujt/app.bsky.feed.generator/cl-tqsp
Latest From Follows,2023-05-31T13:38:26.232Z,3766,0,why.bsky.team,most recent posts from everyone you follow,at://did:plc:vpkhqolt662uhesyj6nxm7ys/app.bsky.feed.generator/bestoffollows
🐾 Art,2025-11-03T18:09:11.559Z,3664,0,furryli.st,Furry Posts by furries with #furryart. Contains a mix of SFW and NSFW content.  Join the furry feeds by following @furryli.st,at://did:plc:jdkvwye2lf4mingzk7qdebzc/app.bsky.feed.generator/furry-art
MLB+,2025-04-14T15:36:14.586Z,3631,0,parkermolloy.com,Baseball talk on Bluesky.,at://did:plc:hf7ezrajxadu7v3tzcyij424/app.bsky.feed.generator/aaap7dpu57ve6
Urbanism+,2025-11-10T22:18:53.161Z,3483,0,fema.monster,"A feed for urbanists, transit nerds, cyclists, and advocates of safe and accessible cities.   Check out @labeler.urbanism.plus for moderation and flair!  Fund the project: tinyurl.com/m5jrmc25",at://did:plc:lptjvw6ut224kwrj7ub3sqbe/app.bsky.feed.generator/aaaotfjzjplna
AcademicSky,2025-04-30T17:26:31.888Z,3427,0,markrubin.bsky.social,"Tag = #AcademicSky  academia | academic chatter | academic jobs | higher education | scholarship | science | university  (If you like the feed, then please 💓 it!)",at://did:plc:4jb3re5tvklsvhuc3lkerj5q/app.bsky.feed.generator/aaak6p5s2f3cu
GreenSky,2025-02-25T18:23:21.249Z,3397,0,ketanjoshi.co,"A big list of climate accounts, filtered loosely for keywords. Fill in the form if you want in! All details and full member list here:  https://docs.google.com/spreadsheets/d/1QSghRrJxr7tWAGi9Shpwc6QMG5iSnJrNAW9alkHY8kw/edit#gid=0",at://did:plc:66lbtw2porscqpmair6mir37/app.bsky.feed.generator/aaabkznpn5x2g
Art: New Posts,2025-09-15T00:03:17.503Z,3158,0,wanderlingworld.bsky.social,"A feed for new human made art posts. Filters out AI/NFTs. Use #art to post. Pulls from a growing list of popular art hashtags. Please Pin, Like and Share to help the feed get discovered!",at://did:plc:odqmsar3ikz5ubokya4sempk/app.bsky.feed.generator/aaabhy3bowhbo
SciFi-Fantasy-SpecFic 🪐📚,2025-09-17T00:01:44.104Z,3088,0,clarabelle.xyz,"For discussion of your favorite science fiction/sci-fi/scifi, fantasy or speculative fiction/specfic books! Use 🪐📚 or 📚🪐 to post to feed. More #booksky feeds 👉🏻 booksky.club/list",at://did:plc:geoqe3qls5mwezckxxsewys2/app.bsky.feed.generator/aaaeutyem7dao
Notícias do Momento,2024-11-12T15:09:12.023Z,3051,0,farofa.com.br,"Noticias das últimas 24 horas, de fontes confiáveis  e canais oficiais do BlueSky   Criado por @farofa.com.br",at://did:plc:7ba7lz54yll7pxslxv47ejws/app.bsky.feed.generator/aaandc3wz3wfa
Likes,2023-07-19T18:11:17.615Z,2929,0,jcsalterego.bsky.social,Your Likes. See more at https://goodfeeds.co/likes,at://did:plc:vc7f4oafdgxsihk4cry2xpze/app.bsky.feed.generator/likes
What's History 🗃️,2023-09-22T11:06:32.356Z,2924,0,rauchway.bsky.social,Posts by historians using 🗃 or skystorians; @rauchway.bsky.social to be added as poster. https://erauchway.github.io/posts/bsky/,at://did:plc:6brknehpd7ecbvd56ko6mhlm/app.bsky.feed.generator/aaaby3zazwhrq
🇺🇦 #UkrainianView,2025-01-20T07:58:53.247Z,2909,0,bsky.one,Posts from Ukrainians about Ukraine and their experience during the war. #UkrainianView #UkrainianExperience #UaView.,at://did:plc:dvgliotey33vix3wlltybgkd/app.bsky.feed.generator/ukrainian-view
🐾 Art 🧼,2025-11-03T18:09:09.059Z,2649,0,furryli.st,Furry Posts by furries with #furryart and that haven't been marked NSFW.  Join the furry feeds by following @furryli.st,at://did:plc:jdkvwye2lf4mingzk7qdebzc/app.bsky.feed.generator/art-clean
Bluesky Ñ,2024-02-10T10:35:18.300Z,2589,0,ealmuina.xyz,Posts de Bluesky en español // Bluesky posts in Spanish,at://did:plc:qinqxdwwxgme6r4lgmkry5qu/app.bsky.feed.generator/spanish
Best of Follows,2023-05-26T20:16:14.669Z,2581,0,bsky.app,See top content from people you follow,at://did:plc:z72i7hdynmk6r22z27h6tvur/app.bsky.feed.generator/best-of-follows
Discover Art!,2024-11-30T06:16:52.557Z,2260,0,davis.social,A randomly sorted feed for #art posts with fewer than 20 likes.  Note: #art can be in the text or alt text!  *Limited to 3 days of history!*  *No AI/NFT,at://did:plc:2gx2noukxzwmj6dkxbmh3qt5/app.bsky.feed.generator/aaahcxau33dt4
Art: Commissions,2025-07-29T00:28:07.808Z,2243,0,wanderlingworld.bsky.social,Feed of artists open for commissions. Use #commissions or #artcommissions. Filters out AI/NFTs.,at://did:plc:odqmsar3ikz5ubokya4sempk/app.bsky.feed.generator/aaahudddd6mww
Writing Community,2025-08-18T01:31:42.506Z,2130,0,whistberry.bsky.social,"Writing Community  Will collect posts with hashtag #writingcommunity, #writerscommunity, #writer(s)",at://did:plc:abv47bjgzjgoh3yrygwoi36x/app.bsky.feed.generator/aaai4f7awwzkc
 Marine Life! 🦑,2024-11-21T00:31:25.687Z,2115,0,daryllmarie.bsky.social,"Marine critters galore! Users must be added to the contributor list to be able to post to the feed.  More info: https://blueskyfeedcreator.com/p/daryllmarie.bsky.social/aaacjerk7gwek",at://did:plc:ffkgesg3jsv2j7aagkzrtcvt/app.bsky.feed.generator/aaacjerk7gwek
Newskies,2023-06-10T13:50:39.713Z,2016,0,flicknow.xyz,First posts from new users,at://did:plc:wzsilnxf24ehtmmc3gssy5bu/app.bsky.feed.generator/newskies
Formula 1,2023-08-28T22:02:52.848Z,1992,0,robpc.com,"Lights out and away we go! All the conversation about Formula 1 / F1.  Posts show up here if they mention F1 or any number of related terms such as driver's names, track names, and many more. To opt-out use the terms ""nofeed"" (generic) or ""nof1"" (feed specific) in your post.",at://did:plc:gkvpokm7ec5j5yxls6xk4e3z/app.bsky.feed.generator/formula-one
Likes of Likes,2025-01-26T00:06:04.860Z,1986,0,so-asano.com,自分の Like で風景が変わるフィードです。自分の関心範囲を少し広げるのに役立つとおもいます。,at://did:plc:pxwzal3aspfg2xnbbt2fjami/app.bsky.feed.generator/likes-of-likes
Fungi Friends,2025-10-12T18:54:49.577Z,1906,0,goose.art,posts about mushrooms (hopefully). either include a 🍄📷 or #fungifriends to be included :3,at://did:plc:hsqwcidfez66lwm3gxhfv5in/app.bsky.feed.generator/aaaf2pqeodmpy
BoobSky 🍒,2025-07-29T01:03:25.904Z,1823,0,clarabelle.xyz,"this is the place to be if you enjoy boobs of all shapes and sizes 🍒 more NSFW feeds 👉🏻 clarabelle.club/feeds  tracking #boobs #titty #titties #smallboobs #tinytits #bigboobs #underboob",at://did:plc:geoqe3qls5mwezckxxsewys2/app.bsky.feed.generator/aaab4fazlcktw
Real NSFW ✅,2025-12-14T12:23:25.933Z,1774,0,realnsfw.social,"HQ for Onlyfans, Fansly, FMTY babes, strippers, & SWers of all kinds💙🤍 Real NSFW content from real people. Focus on Hot Girls & NB Porn, Lewds, & Nudes  Verified creators only! Get approved: babesky.com/request  Includes media tagged with #realNSFW",at://did:plc:db645kt5coo7teuoxdjhq34x/app.bsky.feed.generator/aaamkr6xjlwb2
🐾 Hot 🌙,2025-11-03T18:09:14.686Z,1729,0,furryli.st,Furry Hottest NSFW posts by furries across Bluesky. Contains only NSFW content.  Join the furry feeds by following @furryli.st,at://did:plc:jdkvwye2lf4mingzk7qdebzc/app.bsky.feed.generator/hot-nsfw
"Food, glorious food!",2025-12-23T16:05:32.131Z,1722,0,cyaneyed.lol,"A feed for all things food related, pictures, recipes, go nuts! Use the 🍜 emoji in the post to add to the feed.  BlueskyFeedCreator.com Donate: https://blueskyfeedcreator.com/p/cyaneyed.lol/aaacoviie4ygo#donate",at://did:plc:nmm26ltnxjx4oskwzdue4xvq/app.bsky.feed.generator/aaacoviie4ygo
🇺🇦 Всі,2025-01-20T07:58:55.651Z,1674,0,bsky.one,"Всі пости від профілів з каталогу BSKY.ONE.  ⚠️⚠️⚠️ Якщо стрічка пуста, включіть українську в налаштуваннях в розділі Content languages.",at://did:plc:dvgliotey33vix3wlltybgkd/app.bsky.feed.generator/all
Vtuber Fightclub,2025-06-16T17:07:30.449Z,1641,0,bonnicula.bsky.social,"Will pull all Posts (not Replies) in the past 7 days that contain the words and hashtags Vtuber, Vsky, ENVtuber, PNGtuber. Blocks posts from confirmed spammers, bots, bigots. Lists curated by @bonnicula.bsky.social",at://did:plc:7dl6s4wfcygfxzxok46z5gtu/app.bsky.feed.generator/aaaiyn75rk3wy
Traditional Mediums,2025-07-28T23:44:17.210Z,1637,0,bsky.art,This feed is dedicated to showcasing traditional art mediums from across BlueSky.,at://did:plc:y7crv2yh74s7qhmtx3mvbgv5/app.bsky.feed.generator/traditional
Maple Media,2025-05-27T07:24:06.045Z,1616,0,mayawest.online,photos from the best Maya you know 🖤,at://did:plc:2qlbivzvdt6hp6dwrd2sx4sf/app.bsky.feed.generator/aaaemkt7ysfq4
買っちゃった！,2025-01-30T03:39:17.059Z,1582,0,itokonn.bsky.social,思わず買っちゃったものを集めたfeedです。 みんなで楽しくお買い物,at://did:plc:qq4q5nsxhl4m7gmvnf7mdgek/app.bsky.feed.generator/aaae55kaqvsla
Romance Reads 🌶️📚,2025-07-29T01:03:22.704Z,1512,0,clarabelle.xyz,"For discussion of your favorite literary romances, erotica, smut or spicy reads! Use 🌶️📚 or 📚🌶️ to post to feed. Currently tracking #romantasy #spicyreads #romancebook #smutsky #spicybooks #darkromance #fairysmut and #spicybooks too. More #booksky feeds 👉🏻 booksky.club/list",at://did:plc:geoqe3qls5mwezckxxsewys2/app.bsky.feed.generator/aaaeuu5yqv7o6
JP,2024-05-06T14:33:06.937Z,1509,0,wangdora.jp,日本語 (Japanese Language) Reply、Repost、Quote、一部のbot、を非表示。 Since : 2023/07/24,at://did:plc:cgl62jlhroosxyjkaffidnon/app.bsky.feed.generator/aaae4nczs635m
Women in STEM,2024-11-24T20:35:38.762Z,1501,0,afreeparticle.com,Anyone can post to this feed using #WomenInSTEM.  Follow @afreeparticleemoji.bsky.social to post using only one of these emojis: 👩‍🔬|👩🏻‍🔬|👩🏼‍🔬|👩🏽‍🔬|👩🏾‍🔬|👩🏿‍🔬,at://did:plc:l72uci4styb4jucsgcrrj5ap/app.bsky.feed.generator/aaae7jzakjhkm
Gay Bears,2025-08-09T03:13:44.507Z,1484,0,gayslay.com,"Gay Bears and big boys. All posts, no reposts",at://did:plc:qv5qyhnfl53lunglnrd6axpd/app.bsky.feed.generator/aaaisd7dl67ks
#EconSky ,2024-11-23T17:03:32.948Z,1415,0,paulgp.com,Economics BlueSky feed  Post with: #econsky  (emojis no longer work),at://did:plc:yw3qqfa7hrhmwbc6wyrq5u7f/app.bsky.feed.generator/aaabqfmu2zuck
Writing and Books,2025-08-18T01:38:18.505Z,1367,0,whistberry.bsky.social,Casting a wide net to pick up as many writing and book related posts as possible by looking for writing related hashtags.,at://did:plc:abv47bjgzjgoh3yrygwoi36x/app.bsky.feed.generator/aaagt6amuur5e
#ChronicIllness,2025-05-04T04:03:49.586Z,1341,0,allyann.bsky.social,"The #ChronicIllness Feed finds the following keywords:  #ChronicIllness, #ChronicPain, #RareDisease and #InvisibleIllness  For other keywords, please see pinned post.",at://did:plc:3sn6bogankaicebzdb7liro3/app.bsky.feed.generator/aaaclmwsj24p6
Treksky,2025-04-27T18:14:39.187Z,1316,0,emlowz.bsky.social,A Star Trek feed for Bluesky,at://did:plc:gyegckbmyj7r4vih65j7s5sf/app.bsky.feed.generator/aaace7qaoxhye
One Piece,2025-07-12T12:56:01.137Z,1312,0,anianimals.moe,Feed of One Piece Keywords sorted chronologically.,at://did:plc:tazrmeme4dzahimsykusrwrk/app.bsky.feed.generator/one-piece
 Reptiles/Amphibians! 🐍,2024-11-20T05:53:42.783Z,1310,0,daryllmarie.bsky.social,"Snakes, frogs, lizards, & more! Users must be added to the contributor list to be able to post to the feed.  More info: https://blueskyfeedcreator.com/p/daryllmarie.bsky.social/aaaiq5xkfj2ec",at://did:plc:ffkgesg3jsv2j7aagkzrtcvt/app.bsky.feed.generator/aaaiq5xkfj2ec
Media,2023-07-19T18:11:19.539Z,1306,0,jcsalterego.bsky.social,Your Media. See more at https://goodfeeds.co/media,at://did:plc:vc7f4oafdgxsihk4cry2xpze/app.bsky.feed.generator/media
WorldNews,2025-04-10T01:50:24.983Z,1297,0,allyann.bsky.social,"World News articles from Reuters, AP News, The Guardian, The Conversation, BBC, SBS, NYTimes, Al Jazeera, CNN, NBC News, Euronews, ABC, Financial Times, LA TImes, The Daily Telegraph (UK), Deutsche Welle (DW), Independent, VRT nws, Times of Israel, France 24.  See more in pinned post",at://did:plc:3sn6bogankaicebzdb7liro3/app.bsky.feed.generator/aaajaq4ut77am
Philosophy of Science,2025-04-30T17:25:29.028Z,1282,0,markrubin.bsky.social,"Tag = #philsci  (If you like the feed, then please 💓 it!)",at://did:plc:4jb3re5tvklsvhuc3lkerj5q/app.bsky.feed.generator/aaajji2bluzi2
Ecology and Conservation,2025-07-07T01:27:17.041Z,1276,0,ethanpfreedman.com,"A feed for science, policy, stories and news on ecology and conservation. Posts with any globe emoji (🌍, 🌎, or 🌏)from users on the list will show up in the feed  See info on how to join here: https://docs.google.com/document/d/1zd0wxahFzKYqT3lj0q01ectOczd2d7NZSKMbOaSijDI/edit?usp=sharing",at://did:plc:gwk23pspkzx7ifoxvqvuab5q/app.bsky.feed.generator/aaakgoc6mcrr2
Art: Support Artists,2024-10-06T06:42:00.339Z,1269,0,wanderlingworld.bsky.social,"An aggregate feed of ways to support artists! Use #supportartists. Pulls from my Art: Stores, Commissions, Subscriptions, Crowdfunding and For Hire feeds. Filters out AI/NFTs.",at://did:plc:odqmsar3ikz5ubokya4sempk/app.bsky.feed.generator/aaahvpkfdo5qo
OverheardBsky,2025-03-15T23:32:14.951Z,1260,0,jakei.bsky.social,"Overheard Bluesky - out of context replies ""overheard"" in feeds. See a random funny reply with no context that could be its own post, reply with just the word ""overheard"" and it'll show up here. (dont reply overheard to yourself or root posts, this could get your posts blocked from the feed)",at://did:plc:vjyot2w7zeomrslomwpfxirl/app.bsky.feed.generator/aaajjrj657mnm
🐾 Fursuits,2025-11-03T18:09:00.658Z,1243,0,furryli.st,Furry Posts by furries with #fursuit.  Join the furry feeds by following @furryli.st,at://did:plc:jdkvwye2lf4mingzk7qdebzc/app.bsky.feed.generator/furry-fursuit
SkyHub 🖤🧡,2023-10-11T08:38:55.108Z,1239,0,skyhub.bsky.social,"A feed of bsky's hottest SWers! Use 🧡🖤, skyhub, or 🖤🧡 in caption or alt text",at://did:plc:kogkquurpi7vd6ck2tndcoog/app.bsky.feed.generator/aaahe25fq3iao
UK Politics,2025-08-19T00:24:36.305Z,1234,0,johnlf.bsky.social,UK Politics feed curated by @johnlf // Made at graze.social,at://did:plc:mziptt6o2ngf4scj7jiwacde/app.bsky.feed.generator/UKPolitics
Fountain Pens,2025-12-16T01:28:57.334Z,1220,0,bergsbites.bsky.social,A feed that includes any posts with the term fountain pen.,at://did:plc:nkahctfdi6bxk72umytfwghw/app.bsky.feed.generator/aaad2q353alqm
Bsky Goes Cosplay 🎭,2025-07-29T01:03:14.105Z,1190,0,clarabelle.xyz,"The place to show off your best cosplays, your current projects and your total cosplay flops. Use #cosplay in your posts to show up in the feed.",at://did:plc:geoqe3qls5mwezckxxsewys2/app.bsky.feed.generator/aaabzkbkftnmu
BTS Bangtan OT7 Feed,2025-07-28T23:57:27.008Z,1171,0,everythinggoes1.bsky.social,,at://did:plc:2dozc4lhicvbmpsbxnicvdpj/app.bsky.feed.generator/BTS_OT7_Feed
BookSky (trending 🔥) 📚💙,2025-07-29T01:03:47.308Z,1160,0,clarabelle.xyz,"BookSky but 🔥trending🔥. Here are the most popular #booksky posts from the last few days - use 📚💙, 💙📚or #booksky to post to feed. More #booksky feeds 👉🏻 booksky.club/list",at://did:plc:geoqe3qls5mwezckxxsewys2/app.bsky.feed.generator/aaaexopfwwyk6
Dogs of Bluesky,2024-11-29T20:14:03.365Z,1140,0,pseudelight.ink,"A feed for the dogs who post here (okay, and the humans who are posting dog pictures). Captures #dogsofbluesky, #dogsofbsky, #dogsky, #skydogs and now just #dogs",at://did:plc:plqr56q7y23it22h6txnhavh/app.bsky.feed.generator/aaaae2kpch3jg
Cats!,2023-07-25T10:06:06.637Z,1116,0,bossett.social,Cats! They're cats! This is a cat feed!,at://did:plc:jfhpnnst6flqway4eaeqzj2a/app.bsky.feed.generator/cats
neuroskyence,2025-01-17T10:13:13.347Z,1064,0,micahgallen.com,"Neuroscience posts on BlueSky! Add #neuroskyence, 🧠📈, or 🧠🟦 to your post for it to appear in this feed.  Rules: No bigotry. No personal insults. Posts must be about neuroscience.  Run by @mgallen.bsky.social",at://did:plc:nylio5rpw7u3wtven3vcriam/app.bsky.feed.generator/aaai4amp77qp6
Queer Bookworms 🌈📚,2023-07-27T18:23:12.470Z,1063,0,biblioqueer.bsky.social,A feed for queer bookworms! Include 🌈📚 in your post for it to show up here!,at://did:plc:6qswqt6prj5ch3jwjyqedexs/app.bsky.feed.generator/aaafcf5orer4q
UA fundraising,2025-02-01T14:41:39.153Z,1053,0,dovgonosyk.bsky.social,"Feed that collects Ukrainian fundraising posts. Please like this feed ❤️ Keywords: monobank, реквізити, приватбанк, donate to ukraine Hashtags: #несітьгроші, #збір, #donatetoukraine",at://did:plc:qgy7vt74xmouisyslwm3fgfj/app.bsky.feed.generator/aaaapknzigxfi
🐾 #CommsOpen,2025-11-03T18:09:14.702Z,1047,0,furryli.st,Furry Posts by furries that have #commsopen.  Join the furry feeds by following @furryli.st,at://did:plc:jdkvwye2lf4mingzk7qdebzc/app.bsky.feed.generator/furry-comms
Art: Jobs,2025-07-29T00:28:05.820Z,1039,0,wanderlingworld.bsky.social,Feed of people looking to hire artists. Use #artjob. Pulls from mentions of art + job or hiring. Filters out AI/NFTs.,at://did:plc:odqmsar3ikz5ubokya4sempk/app.bsky.feed.generator/aaahu6g4bonog
Romancelandia,2025-01-01T22:42:41.061Z,1039,0,allieiswriting.bsky.social,For those who would like to be included in conversations regarding Romance novels/books. please use one of the following #romancebook|#romancelandia|#romtalk|#rombktalk|#romancebooks|#romancebks|#rombks|romancelandia,at://did:plc:qywyjbhivdo4b333ilkf2zsh/app.bsky.feed.generator/aaadbjz6gsg6c
FollowersLike,2023-10-17T08:38:48.114Z,1026,0,why.bsky.team,Posts liked by people you follow,at://did:plc:vpkhqolt662uhesyj6nxm7ys/app.bsky.feed.generator/followlikes
🎧,2024-05-10T17:35:15.658Z,1019,0,marlo.ooo,"use the headphones emoji 🎧 to talk about music you like, share songs, talk about making music, sharing your own music, talking about music gear, posting your weekly topster collage... this feed is for everything music!",at://did:plc:stu4unkwieyt5suhyfl6u5e4/app.bsky.feed.generator/aaacjvrirvq2w
▶️Videos For You,2025-11-28T01:36:50.328Z,1009,0,spacecowboy17.bsky.social,"A personalized algorithmic video feed based on your likes.  It finds people who liked the same posts with videos as you, and shows you what else they've liked recently. ",at://did:plc:3guzzweuqraryl3rdkimjamk/app.bsky.feed.generator/videos-for-you
🐾 Art 🌙,2025-11-03T18:09:00.358Z,997,0,furryli.st,Furry Posts by furries with #furryart and marked NSFW.  Join the furry feeds by following @furryli.st,at://did:plc:jdkvwye2lf4mingzk7qdebzc/app.bsky.feed.generator/art-nsfw
MedSky,2025-12-08T20:47:37.032Z,983,0,rabbitholer.bsky.social,"Welcome to Medsky, a place for the medical community to get together and exchange ideas. To show up in the feed, add ""Medsky"" or ""Medtwitter"" to your post",at://did:plc:v336bgjhyj5suvc6ds5vkckg/app.bsky.feed.generator/aaabygc4ng36o
🐾 New 🌙,2025-11-03T18:09:06.156Z,982,0,furryli.st,Furry Posts by furries that have been marked NSFW.  Join the furry feeds by following @furryli.st,at://did:plc:jdkvwye2lf4mingzk7qdebzc/app.bsky.feed.generator/furry-nsfw
Indigisky🔥,2023-09-29T21:21:45.336Z,965,0,daanis.ca,#LandBack #WaterBack #SkyBack. taking what's ours one skeet at a time.  This feed pulls from key words as well as the Indigiskeeters list. if you're looking for Indigenous content this is the place to be.,at://did:plc:bkneatxfwesdeyyzq66svhio/app.bsky.feed.generator/aaaejyv5hzbfu
Artists: Discover,2025-07-28T23:44:40.803Z,939,0,bsky.art,"General art feed — image posts from artists across Bluesky, sorted by discover. For information on how to post and affiliated accounts, visit: www.bsky.art",at://did:plc:y7crv2yh74s7qhmtx3mvbgv5/app.bsky.feed.generator/discover
Photography ,2025-07-28T23:44:34.406Z,928,0,bsky.art,"Showcasing photography posts from users across BlueSky. Sorted by a combination of new, rising and trending posts.",at://did:plc:y7crv2yh74s7qhmtx3mvbgv5/app.bsky.feed.generator/photography
Painting,2025-07-28T23:44:21.409Z,922,0,bsky.art,"A BlueSky art feed showcasing paintings from across the platform. Sorted by a combination of trending, discover and new.",at://did:plc:y7crv2yh74s7qhmtx3mvbgv5/app.bsky.feed.generator/painting
ClaraGram 📸🍑,2024-12-01T00:23:03.464Z,912,0,clarabelle.xyz,'only the photos' feed from your favorite redhead 🍄📸,at://did:plc:geoqe3qls5mwezckxxsewys2/app.bsky.feed.generator/aaabqvnkaktho
Anthropology/Archaeology,2023-07-03T17:50:46.631Z,907,0,afreeparticle.com,Any post with 🏺,at://did:plc:l72uci4styb4jucsgcrrj5ap/app.bsky.feed.generator/aaaaelwiya4c6
😷 Covid Conscious,2024-11-29T20:49:05.459Z,904,0,handle.invalid,"Displays a variety of terms to prioritize posts by folks who are: covid aware, covid conscious, covid cautious, researchers, & those sharing covid news. Use #stillcoviding, #covidconscious, #covidcautious, #CovidIsntOver (& more) to make sure your post is included. See pinned post for more details.",at://did:plc:lelg6d2guxp3nvcnx7d52ejt/app.bsky.feed.generator/aaal6xtmxbqxa
青空ごはん部,2024-12-23T13:06:58.250Z,895,0,gohanclub.bsky.social,"美味しい！をシェアする青空ごはん部のフィードです。「青空ごはん部」「@gohanclub.bsky.com」「GohanClub」のキーワードを含む美味しいごはん写真付きポストを24時間分掲載しています。 2023/7/25～  Feed for Bluesky Gohan Club which shares delicious food photo posts! Please add any of the following keyword to yours: 青空ごはん部 | @gohanclub.bsky.com | GohanClub Since: July 25, 2023",at://did:plc:e2gj6s2ljmyen7msreqed536/app.bsky.feed.generator/aaaiumwpnsgvc
Democrats,2025-10-28T17:49:42.659Z,893,0,davidsacerdote.bsky.social,"Elected officials, DNC members, state party members, and other prominent Democrats.  Sorted to show recently-popular posts at the top.  Based on this list: https://bsky.app/profile/davidsacerdote.bsky.social/lists/3lcj7k6d7jt2t Ask to be included.  Like & Pin this feed so you & others can find it",at://did:plc:o4s55v3tsfph6whswxccpsia/app.bsky.feed.generator/aaaieye3ez2ws
Latest From Mutuals,2024-06-04T10:36:43.383Z,862,0,why.bsky.team,Most recent posts by your mutuals,at://did:plc:vpkhqolt662uhesyj6nxm7ys/app.bsky.feed.generator/latestmutuals
❤️‍🔥 Splatoon Fan Art,2025-07-29T00:27:52.303Z,845,0,wanderlingworld.bsky.social,"Splatoon feed is now Trending Splatoon Fan Art! Use #splatoonart to post. Excludes AI/NFTs, NSFW art, and model edits. Please Pin, Like and Share to help get the feed discovered! If you're looking for a general Splatoon feed try: https://bsky.app/profile/kellienicely.com/feed/aaaga2csdc6x4",at://did:plc:odqmsar3ikz5ubokya4sempk/app.bsky.feed.generator/aaab7wvosv5bm
Signal Boost,2025-07-28T23:27:59.809Z,838,0,sweetbee.vip,"Feed for anything that needs an extra signal boost or that you want to get in front of more people.  Anyone can use #SignalBoost on any post to show up here",at://did:plc:lcytlkvzs3wslcgbk7i3ygak/app.bsky.feed.generator/aaaezvwrdjuoy
#nba,2023-05-22T13:44:41.324Z,830,0,skyfeed.xyz,Posts with #nba from the whole network,at://did:plc:tenurhgjptubkk5zf5qhi3og/app.bsky.feed.generator/h-nba
Himbofeed,2024-12-01T21:16:28.653Z,826,0,zig.computer,Himbofeed is an opt-in feed showing only the primary posts (no replies or reposts) of its members. Contact @zig.computer to be added.,at://did:plc:cxuzwp5dzmxkrdr55qh25mgb/app.bsky.feed.generator/aaap2eo4gzzes
Memes,2024-03-21T06:53:10.009Z,819,0,jakei.bsky.social,"Meme feed - all most recent posts with a picture with ""meme"" in the alt text",at://did:plc:vjyot2w7zeomrslomwpfxirl/app.bsky.feed.generator/aaaklnttvaage
Bluesky Night Market,2024-07-06T19:32:22.207Z,804,0,davis.social,"We're trying out a Bluesky indie art market! Indie artists/crafters/etc, skeet what you're selling with pics/links/etc and include #bsnm to share your wares in the market.   alt hashtags: #BlueskyNightMarket #BskyNightMarket #NightMarket",at://did:plc:2gx2noukxzwmj6dkxbmh3qt5/app.bsky.feed.generator/aaapklocnap3c
Trending (by reposts),2025-09-16T10:59:16.702Z,802,0,numb.comfortab.ly,Top 15 most reposted posts for the last 3 hours  See also:  Top 15 most liked posts for the last 3 hours https://bsky.app/profile/numb.comfortab.ly/feed/aaan5y4z5szjq,at://did:plc:pmyqirafcp3jqdhrl7crpq7t/app.bsky.feed.generator/aaad2ijpo7dfw
Bsky Book Club,2023-07-19T14:27:38.474Z,787,0,andraste.fuckbgp.com,"Let's talk about what we're reading, and share it with the class!  use 📚👀 to get posts into the feed",at://did:plc:3s2iaaxxqnyesuu3np56uv7y/app.bsky.feed.generator/aaaayx36jxs56
Gaming,2025-07-28T23:28:25.906Z,777,0,sweetbee.vip,"All-inclusive, chronological video games feed. All gamers welcome. Anything related to gaming welcome.  Anyone can use #gaming to include relevant posts.",at://did:plc:lcytlkvzs3wslcgbk7i3ygak/app.bsky.feed.generator/aaagupc7dl6se
hot girls etc. 🔥,2025-07-29T01:03:17.807Z,766,0,clarabelle.xyz,"(work in progress, finished feeds live at clarabelle.club/feeds )",at://did:plc:geoqe3qls5mwezckxxsewys2/app.bsky.feed.generator/aaabzr2vqbaag
Discover Art! (no furry),2024-11-30T06:18:08.651Z,746,0,davis.social,"*This feed is the same as the Discover Art! feed, with the only difference being that furry content is filtered out.  A randomly sorted feed for #art posts with fewer than 20 likes.  Note: #art can be in the text or alt text!  *Limited to 3 days of history!*  No AI/NFT",at://did:plc:2gx2noukxzwmj6dkxbmh3qt5/app.bsky.feed.generator/aaahvrj2v6l2u
#EduSky 🍎,2024-11-28T11:12:30.157Z,740,0,afreeparticle.com,A feed for discussion related to education.  This feed filters #EduSky posts to help prioritize conversations related to education & teaching.  If you follow @afreeparticleemoji.bsky.social you can use 🍎 to post to the feed.,at://did:plc:l72uci4styb4jucsgcrrj5ap/app.bsky.feed.generator/aaao5dzfm36u4
Teams,2023-07-07T17:16:37.000Z,739,0,retr0.id,"There are 256 teams. You've been assigned one at random, and this feed contains the posts of your teammates.",at://did:plc:vwzwgnygau7ed7b7wt5ux7y2/app.bsky.feed.generator/teams
Mike Johnson not seen,2025-12-03T02:18:47.133Z,731,0,numb.comfortab.ly,Things Mike Johnson haven't seen or heard.  Based on great clips posted by @atrupar.com,at://did:plc:pmyqirafcp3jqdhrl7crpq7t/app.bsky.feed.generator/aaaphhwg23jae
#BookSky Vids 📚,2025-07-29T01:02:36.709Z,726,0,clarabelle.xyz,"Trying to recreate the #booktok experience on #booksky! All the trending/popular videos in the BookSky network - share your mini vid reviews, your unboxing vids, your aesthetic shelfies etc. Currently tracking video posts with the emoji 📚💙, #booktok, #booksky. More #booksky feeds 👉🏻 booksky.club/list",at://did:plc:geoqe3qls5mwezckxxsewys2/app.bsky.feed.generator/bookskyvids
🐾 Murrsuits 🌙,2025-11-03T18:09:01.257Z,707,0,furryli.st,Furry Posts by furries that have an image and #murrsuit or #fursuit.  Join the furry feeds by following @furryli.st,at://did:plc:jdkvwye2lf4mingzk7qdebzc/app.bsky.feed.generator/fursuit-nsfw
Blacksky Videos,2025-02-25T22:58:36.752Z,667,0,rude1.blacksky.team,Trending videos from Blacksky,at://did:plc:w4xbfzo7kqfes5zb7r6qv3rw/app.bsky.feed.generator/blacksky-videos
AEW Wrestling Community,2025-09-24T21:47:52.955Z,664,0,andy.wrestlejoy.com,AEW Wrestling posts featuring recent discussions from the AEW community,at://did:plc:5kk6tru4mdazgfmgyflvz3k2/app.bsky.feed.generator/aew
Developers,2023-08-19T10:58:14.448Z,658,0,why.bsky.team,The developer feed,at://did:plc:vpkhqolt662uhesyj6nxm7ys/app.bsky.feed.generator/devfeed
Discworld,2025-04-20T07:03:06.289Z,649,0,jakei.bsky.social,discworld | Pratchett | rincewind | vimes | twoflower | weatherwax | ysabell | gaspode | greebo | ironfoundersson | dorfl | eskarina | vetinari | uberwald | garlick | lipwig | conina | morpork | wizzard | nanny ogg | gytha | 💿🌐|A'Tuin | Ridcully | Klatch | Klatchian | Djelibeybi | Angua | Dibbler,at://did:plc:vjyot2w7zeomrslomwpfxirl/app.bsky.feed.generator/aaabucto6sdf6
GoneWild,2025-12-14T12:31:21.933Z,634,0,realnsfw.social,"All your favs in one place... Gone Wild. #goneWild  (Verified adult content creators, porn stars, amateurs, and other sex workers, online and in person. Must be added to my lists to be featured. Only posts with adult labels will appear. All genders welcome. 18+ NSFW MDNI)",at://did:plc:db645kt5coo7teuoxdjhq34x/app.bsky.feed.generator/aaanvilnyeywu
Earth Scientists,2024-09-03T23:53:17.272Z,623,0,earth-science.bsky.social,"Earth and Planetary Scientists talking about Earth and Planetary Science  Pester @earth-science.bsky.social to be added to the posting list and then use #earth-science, #geoscience or the ⚒️ symbol — or mention the @earth-science.bsky.social account.",at://did:plc:lpl45lei6abqpvmet5htdbtb/app.bsky.feed.generator/aaakc72k5sgcs
Kawaii Art,2025-07-29T00:27:36.207Z,619,0,wanderlingworld.bsky.social,"Feed of kawaii art. Use #kawaiiart or #cuteart. Also pulls #art + cute, kawaii or chibi. Filters out AI/NFTs. Please Pin, Like and Share to help get the feed discovered!",at://did:plc:odqmsar3ikz5ubokya4sempk/app.bsky.feed.generator/aaadn7znrsxdq
ButtSky 🍑,2025-07-29T01:03:23.907Z,618,0,clarabelle.xyz,"this feed has nothing but(t) girls with nice butts! welcome to the most bootylicious feed on bluesky. more NSFW feeds 👉🏻 clarabelle.club/feeds  run by booty queen @clarabelle.xyz & currently tracking #bigbooty #littleass #littlebutt #smallass #littlebooty #girlbutts #cutebooty #ass #booty #perfectass",at://did:plc:geoqe3qls5mwezckxxsewys2/app.bsky.feed.generator/aaagurvwbzix2
Astrophotography,2025-03-03T20:11:33.258Z,606,0,emily.space,"Astrophotography posts, from astrophotographers! Part of the Astronomy feeds network. Astronomers can sign up to post here via @bot.astronomy.blue Contains posts from signed up users with #astrophotography or #astrophotos. Posts here are also included in the main Astronomy feed.",at://did:plc:jcoy7v3a2t4rcfdh6i4kza25/app.bsky.feed.generator/astrophotos
Mammals! 🦊,2024-11-20T22:27:52.381Z,593,0,daryllmarie.bsky.social,Mammals galore! Users must be added to the contributor list to be able to post to the feed. Please keep domestic dogs/cats to the dog & cat feeds!,at://did:plc:ffkgesg3jsv2j7aagkzrtcvt/app.bsky.feed.generator/aaan2gurxv3kk
#Goonsky,2025-12-14T12:25:15.029Z,592,0,realnsfw.social,"NSFW - 18+ - MDNI  Have at it. For your gooning pleasure Your one stop shop for porn, nudes, sex vids, and general horniness.  Anyone can post, just use any of the hashtags on your post: #goonsky #goon #gooning #gooner #goonette #goonfuel #porn",at://did:plc:db645kt5coo7teuoxdjhq34x/app.bsky.feed.generator/aaaot6v3qokho
🇨🇦 Canada,2025-11-24T22:47:24.032Z,592,0,francesmeh.reviews,"Bluesky's best news feed for Canadians!   Picks up all the popular Canada hashtags (#cdnpoli #abpoli #onpoli #topoli #polqc, #cdnnews, etc) PLUS national news stories from the major English & French Canadian pubs.",at://did:plc:2hwwem55ce6djnk6bn62cstr/app.bsky.feed.generator/aaaarlteb4n4g
Spec List,2025-10-03T03:36:29.159Z,590,0,ldlewiswrites.blacksky.app,"A feed for the speculative literature world. Includes authors, critics, publishers, orgs, and cons. Ask to be added or use the following to have posts included: #speclit, #specfic, #scifilit, #horrorlit, #fantasylit, #sff, #sffh  Tap PIN above to save this feed among those you would like to revisit.",at://did:plc:jvrpllofboqntf5oz23ozuyp/app.bsky.feed.generator/aaabjki7ewirq
Lehrer:innen,2025-01-19T07:09:53.147Z,590,0,schb.me,"Das ""Lehrer:innen-Zimmer"":  Folgt den einschlägigen Hashtags,  z.B. #bluelz  So, wie gewohnt. 🙂  [#twlz | #fedilz | Lehrerzimmer u.v.a.]",at://did:plc:vasyiqfnnsvwxu7yqppmrvtx/app.bsky.feed.generator/aaabhtphtuoqs
Beginner,2025-02-22T05:34:44.457Z,582,0,wangdora.jp,Bluesky 初心者のための設定紹介。 Since : 2023/07/24,at://did:plc:cgl62jlhroosxyjkaffidnon/app.bsky.feed.generator/aaaiilkz7knte
Paper Skygest,2025-11-03T19:24:04.159Z,573,0,paper-feed.bsky.social,Personalized research digest based on accounts you follow,at://did:plc:uaadt6f5bbda6cycbmatcm3z/app.bsky.feed.generator/preprintdigest
Tube,2025-01-20T20:02:56.153Z,571,0,why.bsky.team,All the videos posted by people you follow,at://did:plc:vpkhqolt662uhesyj6nxm7ys/app.bsky.feed.generator/tube
Ratio Hall of Fame,2025-12-23T18:22:55.230Z,559,0,numb.comfortab.ly,Bluesky Hall of Fame ratios.  See also weekly ratio feed: https://bsky.app/profile/did:plc:pmyqirafcp3jqdhrl7crpq7t/feed/aaagzd4qf47v4,at://did:plc:pmyqirafcp3jqdhrl7crpq7t/app.bsky.feed.generator/aaagzfsxgcioe
"🧠 AuDHD, ADHD, & Autism",2023-09-06T20:10:54.580Z,553,0,handle.invalid,"Feed grabs posts that include: AuDHD, ADHD, Autism, autistic, autist, adhder, actuallyautistic, audhder",at://did:plc:lelg6d2guxp3nvcnx7d52ejt/app.bsky.feed.generator/aaal65k3aqvme
Crafts,2025-07-28T23:44:31.403Z,512,0,bsky.art,Crafts posts from across BlueSky,at://did:plc:y7crv2yh74s7qhmtx3mvbgv5/app.bsky.feed.generator/crafts
Femdom Universe 👑💅🏻🙏🏻,2025-07-29T01:02:58.404Z,510,0,clarabelle.xyz,"for all the Goddesses, Mistresses, Dominas, Mommies, Daddies, Princesses, Queens, Dieties and other supreme femme beings. worship and pay your respects accordingly!   run by @clarabelle.xyz  use #femdom to post directly to feed (dommes ONLY)",at://did:plc:geoqe3qls5mwezckxxsewys2/app.bsky.feed.generator/aaabzl4x5ilae
Ceramics,2025-07-28T23:44:22.913Z,505,0,bsky.art,"Ceramics feed, sorted by a combination of trending, discover and new.",at://did:plc:y7crv2yh74s7qhmtx3mvbgv5/app.bsky.feed.generator/ceramics
NSFW Feeds Finder,2025-10-22T18:04:12.261Z,504,0,realnsfw.social,Mini database of NSFW feeds,at://did:plc:db645kt5coo7teuoxdjhq34x/app.bsky.feed.generator/aaakqxn6myisi
Pokemon Art,2025-01-20T01:25:33.155Z,502,0,vanridraws.bsky.social,A feed for Pokemon art!  Any of the following tags will work: #PkmnArt  #PokemonArt #PokémonArt #PokemonFanart #PokémonFanart  Reply to a post with any of those tags to add it to the feed!,at://did:plc:gciy334j2czubkd2ty6ijl7e/app.bsky.feed.generator/aaag4xfy2nggo
Pro Cycling Chatter,2025-07-28T23:21:28.704Z,502,0,kris.to,"All posts about Pro Cycling from across the Bluesky network 🚴🚴‍♀️🚴‍♂️ Subscribe to @labeler.procycling.social to get a label.  Post with #procycling or any pro cycling keyword in your post or alt-text to be included. ",at://did:plc:542d7hnrdfvkldeieefmajxl/app.bsky.feed.generator/discovercycling
Art: Shops,2025-07-29T00:27:39.606Z,497,0,wanderlingworld.bsky.social,Feed of shops by artists. Use #artshop. Pulls from keywords related to art and shops. Filters out AI/NFTs.,at://did:plc:odqmsar3ikz5ubokya4sempk/app.bsky.feed.generator/aaahuh3ki5tek
🇺🇦 #art,2025-01-20T07:58:54.047Z,490,0,bsky.one,"Пости з тегами #art, #арт, #ukrart, #украрт, #артпідтримка, #украртпідтримка від профілів з каталогу BSKY.ONE.  ⚠️⚠️⚠️ Якщо стрічка пуста, включіть українську в налаштуваннях в розділі Content languages.",at://did:plc:dvgliotey33vix3wlltybgkd/app.bsky.feed.generator/art
Software development,2024-10-26T02:42:22.012Z,481,0,numb.comfortab.ly,"Various aspects of coding - languages, version control, CI/CD, infrastructure etc.",at://did:plc:pmyqirafcp3jqdhrl7crpq7t/app.bsky.feed.generator/aaao5gbpi7evg
Linux,2025-08-26T19:57:05.103Z,476,0,mackuba.eu,All posts on Bluesky about Linux and its popular distributions & desktop environments,at://did:plc:oio4hkxaop4ao4wz2pp3f4cr/app.bsky.feed.generator/linux
Game Jobs & Careers,2025-07-29T00:14:15.108Z,463,0,trezy.codes,"Hiring and looking for work posts from the games industry!  Opt in with... - #GameJobs - #GameCareers - #GameDev + #Hiring, #LookingForWork, or #LFW  Opt out with #Private, #NoFeed, or #NoGameJobsFeed.  Discuss at trezy.studio/discord. Support the feed at ko-fi.com/trezycodes.",at://did:plc:4jrld6fwpnwqehtce56qshzv/app.bsky.feed.generator/game-jobs
Disability Justice,2023-08-19T18:21:42.746Z,463,0,sfdirewolf.bsky.social,All things disability justice. By @sfdirewolf.bsky.social,at://did:plc:65kss3ewg5ida5mjyuk73v5r/app.bsky.feed.generator/aaaba7ikg4sho
Artists: New,2025-07-28T23:44:33.101Z,458,0,bsky.art,"General art feed — image posts from artists across Bluesky, sorted by new. For information on how to post and affiliated accounts, visit: www.bsky.art",at://did:plc:y7crv2yh74s7qhmtx3mvbgv5/app.bsky.feed.generator/aaai3zq445dpk
Poetry,2025-07-28T23:44:28.904Z,457,0,bsky.art,"Showcasing poetry from across BlueSky, sorted by a combination of trending, discover and new.",at://did:plc:y7crv2yh74s7qhmtx3mvbgv5/app.bsky.feed.generator/poetry
Nudesky,2025-06-08T03:00:05.467Z,456,0,realnsfw.social,"Women & NB verified creators only <3 (no men, AI, etc)  To join: 1 - must be mutuals with @realnsfw.social (request at babesky.com/request) 2 - use any of the following hashtags on any post: #nudesky #nude #naked #nudephoto #nudephotography #fineartnude  BlueskyFeedCreator.com",at://did:plc:db645kt5coo7teuoxdjhq34x/app.bsky.feed.generator/baddies
Skybrarians,2024-04-27T19:10:43.856Z,449,0,thatandromeda.bsky.social,"Bluesky librarians and fellow GLAM travelers. Contact @thatandromeda.bsky.social to be added to the contributor list, and then use the books emoji (📚) to include a post in the feed. Smash that like button to help others find it; every feed its reader.",at://did:plc:a55ia2ojiv2cnshifmrc7wr6/app.bsky.feed.generator/skybrarians
Liked by Follows,2023-10-10T15:32:42.586Z,448,0,skyfeed.xyz,Posts liked in the last 10 hours by people you follow. Likes are worth less the more posts someone liked!,at://did:plc:tenurhgjptubkk5zf5qhi3og/app.bsky.feed.generator/follows-like
Illustration & Concept,2023-08-08T20:52:58.563Z,447,0,genrouthier.bsky.social,"A curated list of illustrators, graphic novel/comics/BD and concept artists.  Random sorting with some weight to favour new posts,",at://did:plc:6trrqcvrpocdlgmvh6amf53v/app.bsky.feed.generator/aaaj4a3ys4tpo
Follows & Replies,2025-03-25T20:38:30.483Z,441,0,mackuba.eu,"Feed that shows all posts from people you follow and all their replies to anyone – kind of like in the original Following feed (though without reskeets).  Excludes replies to you, to the same user, and replies made in your own threads. (See also the ""Only Replies"" and ""Only Posts"" versions.)",at://did:plc:oio4hkxaop4ao4wz2pp3f4cr/app.bsky.feed.generator/follows-replies
Horror Books 🩸📚,2025-07-29T01:03:00.705Z,439,0,clarabelle.xyz,Welcome to the horrific side of #booksky - the place to be if you enjoying reading or discussing horror books! Use 🩸📚 or 🩸📚 to post to feed. More #booksky feeds 👉🏻 booksky.club/list,at://did:plc:geoqe3qls5mwezckxxsewys2/app.bsky.feed.generator/horror-books
A Feed I Enjoy,2024-11-18T15:32:36.055Z,439,0,illumi.meme,,at://did:plc:oqbijttmayqui2xv3e2xwcdz/app.bsky.feed.generator/aaaa4qsi2gfhk
🐾 Streamers,2025-11-03T18:09:10.559Z,430,0,furryli.st,Furry Find furs going live on streaming platforms. Use #goinglive or #furrylive to include a post in the feed.  Join the furry feeds by following @furryli.st,at://did:plc:jdkvwye2lf4mingzk7qdebzc/app.bsky.feed.generator/streamers
Tuxedo Cats,2025-07-12T12:55:55.342Z,425,0,just-some-feeds.bsky.social,"Just tuxedo cat photos, I hope. Will try to moderate it when I can. Sometimes gets photos of both black and white cats together, or well dressed kitties too.",at://did:plc:eubjsqnf5edgvcc6zuoyixhw/app.bsky.feed.generator/tuxedo-cats
Ratio,2025-12-23T18:20:14.436Z,417,0,numb.comfortab.ly,Weekly Ratio Feed,at://did:plc:pmyqirafcp3jqdhrl7crpq7t/app.bsky.feed.generator/aaagzd4qf47v4
🐾 Hot Art,2025-11-03T18:09:00.558Z,414,0,furryli.st,Furry Hottest posts by furries with #furryart. Contains a mix of SFW and NSFW content.  Join the furry feeds by following @furryli.st,at://did:plc:jdkvwye2lf4mingzk7qdebzc/app.bsky.feed.generator/art-hot
Lingerie + More 👙💕,2025-07-29T01:03:40.808Z,414,0,clarabelle.xyz,"finding all the best lingerie pics on Bsky so you don't have to 💕 more NSFW feeds 👉🏻 clarabelle.club/feeds  run by @clarabelle.xys and currently tracking #lingerie #bodysuit #garterbelt. ",at://did:plc:geoqe3qls5mwezckxxsewys2/app.bsky.feed.generator/aaab4h4qk7ctm
🐾 Hot videos 🌙,2025-11-03T18:09:14.677Z,413,0,furryli.st,Furry Hottest NSFW video posts by furries across Bluesky. Contains only NSFW content.  Join the furry feeds by following @furryli.st,at://did:plc:jdkvwye2lf4mingzk7qdebzc/app.bsky.feed.generator/video-hot-nsfw
🐇Bunny & Rabbit Media🐰,2025-07-12T12:55:56.540Z,412,0,just-some-feeds.bsky.social,"Only pictures and videos of cute rabbits or bunnies, hopefully. This is a allow-listed feed, please contact me @blueskyfeeds.com to request entry if I haven't already found you.",at://did:plc:eubjsqnf5edgvcc6zuoyixhw/app.bsky.feed.generator/rabbit
Art: For Hire,2025-07-29T00:28:09.107Z,397,0,wanderlingworld.bsky.social,Feed of artists for hire. Use #artistforhire. Pulls from keyworks related to art and job seeking. Filters out AI/NFTs.,at://did:plc:odqmsar3ikz5ubokya4sempk/app.bsky.feed.generator/aaahva73cscaa
Star Wars,2025-08-26T23:31:48.104Z,393,0,mackuba.eu,Feed with posts mentioning Star Wars movies and TV shows and various SW characters,at://did:plc:oio4hkxaop4ao4wz2pp3f4cr/app.bsky.feed.generator/starwars
Screenshot Saturday,2025-07-29T00:14:12.410Z,392,0,trezy.codes,"Every Saturday, game devs post screenshots of their games. Check 'em out and let the devs know how excited you are!  Opt in with #ScreenshotSaturday. Opt out with #Private, #NoFeed, or #NoScreenshotSaturday.  Discuss at trezy.studio/discord. Support the feed at ko-fi.com/trezycodes.",at://did:plc:4jrld6fwpnwqehtce56qshzv/app.bsky.feed.generator/screenshot-sat
Futanari,2025-09-16T03:12:28.708Z,390,0,ubanis.com,Futanari フィードは本文やALTに futanari や ふたなり の語句が含まれる画像つき投稿を集めます AI画像や転載画像は取り除かれます 実写は取り除かれます  The Futanari feed collects posts with images that contain the word futanari or ふたなり in the text or ALT. AI images and reproduced images will be deleted at any time Live action will be removed,at://did:plc:lmftezsq52hi53taz762s7pc/app.bsky.feed.generator/aaac5l7nph7qc
☯️ BipolarSky,2025-01-28T17:06:30.454Z,388,0,lukesteuber.com,"Welcome to BipolarSky!   This is a running feed of posts and replies (NOT reposts) from the past seven days. Some specific terms are added automatically, but you can also tag with 💈💈  @coolhand.bsky.social  Bipolar I, II, and cyclothymia (""manic depression"")",at://did:plc:muhesxre7yfcuqi5ss2fskjc/app.bsky.feed.generator/aaaozt56qztes
🦀 Crab Time 🦀,2025-08-19T12:15:17.907Z,386,0,lucidillusions.in,A feed discussing crabs by verified users. Just ask @jopabinia.bsky.social to add you to the verified user list.  Use 🦀 for the post to appear on the feed.,at://did:plc:36h6ttx2g23zqr4accilbvo7/app.bsky.feed.generator/aaahq3wvgn4k4
#BookSky Directory 📚💙🤓,2025-07-29T01:02:43.904Z,383,0,clarabelle.xyz,"the entire #BookSky ecosystem 🌱 genre feeds include science fiction and fantasy, horror, historical fiction, romance, nonfiction, literary fiction, mystery and thriller and audiobooks. PLUS new video only feeds and a #booktok community too. 📚 FAQ 👉🏻 booksky.club",at://did:plc:geoqe3qls5mwezckxxsewys2/app.bsky.feed.generator/aaapmseqdhehq
📺 TV,2025-11-16T13:37:08.758Z,380,0,francesmeh.reviews,"A better television feed to find your favourite shows! TVSky posts, TV news,  episode reviews, Serializd chatter — it’s all here.  To publish to it use the TV emoji 📺  Don't forget to ❤️ this feed!",at://did:plc:2hwwem55ce6djnk6bn62cstr/app.bsky.feed.generator/aaad77dx56xse
18+ Links,2025-12-14T12:33:16.330Z,371,0,realnsfw.social,"Links to adult sites from verified NSFW creators (onlyfans, fansly, manyvids, loyalfans, porn sites, fansites, sexting sites, clipsites, etc)  NSFW - 18+ - MDNI Gender inclusive. Verified creators only! Get approved: babesky.com/request",at://did:plc:db645kt5coo7teuoxdjhq34x/app.bsky.feed.generator/aaaerxwqjdecw
Game News,2025-07-29T00:14:13.805Z,368,0,trezy.codes,"Video game news.  Opt in with #GameNews. Opt out with #Private, #NoFeed or #NoGameNews.  Discuss at trezy.studio/discord. Support the feed at ko-fi.com/trezycodes.",at://did:plc:4jrld6fwpnwqehtce56qshzv/app.bsky.feed.generator/game-news
🐾 Fursuits 🧼,2025-11-03T18:09:14.695Z,367,0,furryli.st,Furry Posts by furries with #fursuit that haven't been marked NSFW.  Join the furry feeds by following @furryli.st,at://did:plc:jdkvwye2lf4mingzk7qdebzc/app.bsky.feed.generator/fursuit-clean
SweetBee Pics,2025-01-04T17:44:33.055Z,362,0,sweetbee.vip,"@sweetbee.vip image gallery  Ur fav girl next door & Bluesky's first Onlyfans girl Self-shot portrait, lewd, and artistic nude photography  OG: #RealNSFW #GoneWild #Goonsky #eGirlsky #Nudesky #GirlButts #Flowsky/#FlowArtSky",at://did:plc:lcytlkvzs3wslcgbk7i3ygak/app.bsky.feed.generator/aaaa3qjrav4hs
Literary Fiction 🖋️📚,2025-07-29T01:02:42.706Z,360,0,clarabelle.xyz,A #booksky feed for discussing your favorite literary fiction books! There are lots of definitions of literary fiction and yours is probably welcome here too. Use 🖋️📚 or #litfic to post to feed. More #booksky feeds 👉🏻 booksky.club/list,at://did:plc:geoqe3qls5mwezckxxsewys2/app.bsky.feed.generator/literaryfiction
Portfolio Day!,2024-11-25T21:07:30.848Z,360,0,davis.social,"Posts that mention ""portfolio day"" and include images! (not replies)  Also matches single word ""portfolioday""",at://did:plc:2gx2noukxzwmj6dkxbmh3qt5/app.bsky.feed.generator/aaaee2pazpd3g
Philadelphia Eagles,2025-09-20T13:15:08.408Z,358,0,bugtype.bsky.social,"Feed for fans of the Philadelphia Eagles NFL team. Captures gameday talk, news, and posts containing hashtags like #eagles and #flyeaglesfly. GO BIRDS",at://did:plc:pis3ks5avm6t3t7mijhqlpnt/app.bsky.feed.generator/aaacvzpa6sfho
Social Psychology,2025-04-30T17:26:00.580Z,357,0,markrubin.bsky.social,"Tag = #socialpsyc  science | psychology | research  (If you like the feed, then please 💓 it!)",at://did:plc:4jb3re5tvklsvhuc3lkerj5q/app.bsky.feed.generator/aaajtqnlkkyr2
Feed of Feeds,2023-05-29T14:03:02.705Z,356,0,skyfeed.xyz,All custom feeds mentioned in posts,at://did:plc:tenurhgjptubkk5zf5qhi3og/app.bsky.feed.generator/feed-of-feeds
more miss meringue,2025-07-29T00:49:57.408Z,352,0,missmeringue.love,my nudes and lewds,at://did:plc:2j4w2o4xmkbheromzo73r5sv/app.bsky.feed.generator/aaaocqvwurr7c
Re+Posts,2023-06-11T12:21:51.883Z,351,0,skyfeed.xyz,Posts and reposts from people you follow without replies,at://did:plc:tenurhgjptubkk5zf5qhi3og/app.bsky.feed.generator/re-plus-posts
 Zoosky! 🦇,2024-11-19T23:34:07.436Z,351,0,daryllmarie.bsky.social,"Posts from a list of zoos and aquariums on Bluesky.  More info: https://blueskyfeedcreator.com/p/daryllmarie.bsky.social/aaald3zklhly4",at://did:plc:ffkgesg3jsv2j7aagkzrtcvt/app.bsky.feed.generator/aaald3zklhly4
Cosmology,2025-03-03T20:11:36.352Z,350,0,emily.space,A science-oriented feed about cosmology! Part of the Astronomy feeds network. Astronomers can sign up to post here via @bot.astronomy.blue Contains posts from signed up users with #cosmology. Posts here are also included in the main Astronomy feed.,at://did:plc:jcoy7v3a2t4rcfdh6i4kza25/app.bsky.feed.generator/cosmology
🐾 Games,2025-11-03T18:08:59.855Z,348,0,furryli.st,Furry A feed for talking about and showing off furry visual novels and games. Use #FurryVN or #FurryGame to include a post in the feed.   Sponsored by @MinoHotel.bsky.social  Join the furry feeds by following @furryli.st,at://did:plc:jdkvwye2lf4mingzk7qdebzc/app.bsky.feed.generator/games
Quotes,2023-11-14T03:14:28.372Z,348,0,flicknow.xyz,Only quote posts of your posts  If you are having issues with missing posts please consider removing all languages from Content Languages in your Settings ,at://did:plc:wzsilnxf24ehtmmc3gssy5bu/app.bsky.feed.generator/quotes
Mystery & Thriller ⚡️📚,2025-07-29T01:02:48.725Z,346,0,clarabelle.xyz,A #booksky feed full of mystery and thriller books! Use ⚡️📚 to post to feed. More #booksky feeds 👉🏻 booksky.club/list,at://did:plc:geoqe3qls5mwezckxxsewys2/app.bsky.feed.generator/mystery-thrille
Horror Writing,2025-05-24T21:30:28.747Z,345,0,whistberry.bsky.social,"Feed to follow horror writers and books!  Pulling in posts with any of the following: #horrorlit, #horrorbook, #horrorwriter, #horrorwriting, #horrorwrite, or the emojis 📚😱",at://did:plc:abv47bjgzjgoh3yrygwoi36x/app.bsky.feed.generator/aaadb2tir3nic
Art: Week Peak,2023-09-26T13:32:48.225Z,338,0,wanderlingworld.bsky.social,Hottest posts in art from the past 7 days. Use #art. Filters out AI/NFTs,at://did:plc:odqmsar3ikz5ubokya4sempk/app.bsky.feed.generator/aaajahda7osza
🇺🇦 Всі+,2025-01-20T07:58:55.850Z,336,0,bsky.one,"Всі пости від профілів з каталогу BSKY.ONE. Окрім тих, кого ви фоловите.  ⚠️⚠️⚠️ Якщо стрічка пуста, включіть українську в налаштуваннях в розділі Content languages.",at://did:plc:dvgliotey33vix3wlltybgkd/app.bsky.feed.generator/all-plus
#promosky,2024-11-04T01:37:57.584Z,335,0,cxni.bsky.social,"displaying posts by active #promosky users on the network, you too can grow and find mutuals.  pin this feed to participate & promote your account as well.",at://did:plc:mvb2prctcnsv3si64j6p2g7i/app.bsky.feed.generator/aaalmbptxdw72
Nerdy Girls 🤓🎮📚🔥,2025-07-29T01:03:27.009Z,333,0,clarabelle.xyz,"nerdy girls, gamergirls, girls with glasses, sexy nerds, cosplay girls & more 💘 more NSFW feeds 👉🏻 clarabelle.club/feeds  run by @clarabelle.xyz and tracking #nerdygirl #gamergirl #girlswithglasses #nerdgirl #sexynerd #cosplaygirl #nerd",at://did:plc:geoqe3qls5mwezckxxsewys2/app.bsky.feed.generator/aaak334axkkwa
Blackademics,2023-10-27T22:41:45.523Z,332,0,rude1.blacksky.team,The scholars of Blacksky.,at://did:plc:w4xbfzo7kqfes5zb7r6qv3rw/app.bsky.feed.generator/blacksky-edu
Blacksky: Original,2023-11-26T21:16:48.857Z,329,0,rude1.blacksky.team,Original Blacksky feed that includes all replies from Blacksky users (even when replying to people outside of Blacksky).,at://did:plc:w4xbfzo7kqfes5zb7r6qv3rw/app.bsky.feed.generator/blacksky-op
Art Shares,2024-12-03T23:50:17.667Z,325,0,davis.social,"Posts mentioning ""art share"" or ""artshare""!  To request to be added to the list of Art Share Hosts, contact: @sygnin.com @davis.social  avatar by @sygnin.com 🙂",at://did:plc:2gx2noukxzwmj6dkxbmh3qt5/app.bsky.feed.generator/aaakjpy34hfsm
PhDSky,2025-04-30T17:27:50.379Z,320,0,markrubin.bsky.social,"Posts by and for PhD students  Tag = #PhDSky academia | academic chatter | academic jobs | higher education | scholarship | science | university | PhD students  (If you like the feed, then please 💓 it!)",at://did:plc:4jb3re5tvklsvhuc3lkerj5q/app.bsky.feed.generator/aaaapg2uuoda2
Genomics/Bioinformatics,2024-10-23T21:30:47.906Z,317,0,afreeparticle.com,Looks for both 🖥️and 🧬in the post.  art from: https://www.nature.com/collections/ccigjichjc,at://did:plc:l72uci4styb4jucsgcrrj5ap/app.bsky.feed.generator/aaalqtzsgaboc
My Little Pony Finder,2025-10-28T13:43:31.958Z,316,0,calpain.bsky.social,"A feed for MLP fans and artists to find each other, using the #mlp and #mylittlepony tags. #mlp Includes EVERYTHING with that tag or part of the tag so expect posts with #mlpfanart, #mlpart, #mlpadopt, etc. The #ai, #nsfw, #clop tags are excluded to keep the feed as SFW as possible.",at://did:plc:qbsau6rimyl3osulym54bceb/app.bsky.feed.generator/aaaitaqwge45c
BookTok ⏰📚 #booktok,2025-07-29T01:02:54.304Z,316,0,clarabelle.xyz,A feed to welcome the new #booktok community to #booksky! Use #booktok or ⏰📚 or ⏰📚 in your posts to show up on the feed. More #booksky feeds 👉🏻 booksky.club/list,at://did:plc:geoqe3qls5mwezckxxsewys2/app.bsky.feed.generator/booktok
Philosophy Chat,2025-11-28T23:01:34.630Z,314,0,keithwilson.eu,"A feed for discussion of academic philosophy on Bluesky. Includes posts tagged with #PhilSky or #PhilosophySky plus posts from a list of 2,500＋ philosophers and philosophy-related organisations tagged with #philosophy, #metaphysics, #epistemology, #ethics, #philsci, etc. (DM to be added to lists.)",at://did:plc:3bybp6nqszlhuan2ch2cmv66/app.bsky.feed.generator/philosophy
All Mentions,2023-07-16T01:07:38.371Z,313,0,flicknow.xyz,"All posts that reply, mention, or quote post you. Includes indirect replies and replies to any quote posts.  If you are having issues with missing posts please consider removing all languages from Content Languages in your Settings",at://did:plc:wzsilnxf24ehtmmc3gssy5bu/app.bsky.feed.generator/allmentions
CraftSky,2025-08-04T08:55:45.507Z,313,0,jakei.bsky.social,"Posts about crafts - if your hobby isn't showing up, tag @jakei.bsky.social so I can add keywords for it to the search terms.  Using ""craftsky"" in the post/alt-text will always get into the feed, but there are TONS of other keywords I dont have room to list.",at://did:plc:vjyot2w7zeomrslomwpfxirl/app.bsky.feed.generator/aaac2e7ssqzky
AstroSci,2025-03-03T20:11:34.856Z,308,0,emily.space,Posts about astronomy research on Bluesky! Includes posts from all the subtopic feeds. Astronomers can sign up to post here via @bot.astronomy.blue Signed up users can post to this specific feed with a ☄️ or #astrosci. Posts here are also included in the main Astronomy feed.,at://did:plc:jcoy7v3a2t4rcfdh6i4kza25/app.bsky.feed.generator/research
AEW Wrestling Top Posts,2025-09-24T21:48:23.455Z,303,0,andy.wrestlejoy.com,AEW Wrestling Top Posts for the last 24 hours via algorithm,at://did:plc:5kk6tru4mdazgfmgyflvz3k2/app.bsky.feed.generator/top-aew
Discourse,2024-03-17T06:15:31.862Z,298,0,bossett.social,"Posts with 20 or more replies (by people not the OP) in the last 48 hours, ordered by number of 100+ char replies. (Credit to @xed.bsky.social for the idea.)",at://did:plc:jfhpnnst6flqway4eaeqzj2a/app.bsky.feed.generator/discourse
#Physics ⚛️,2024-11-18T22:14:26.957Z,296,0,afreeparticle.com,"Posts tagged with #Physics or ⚛️ from physicist members of Science feed.  To be added to the Physicists list, tag @physgal.bsky.social with evidence you're a physicist or physics teacher (website, ORCID id, etc..)",at://did:plc:l72uci4styb4jucsgcrrj5ap/app.bsky.feed.generator/aaaofmwinm2z4
Onlyfans Girls,2025-12-20T02:11:41.630Z,296,0,realnsfw.social,"Verified Onlyfans girls on Bluesky 🦋 #Onlyfans #OnlyfansGirls  To be featured, join #Babesky at babesky.com/join, make sure to select ""Real Girls""  Free Onlyfans: https://bsky.app/profile/did:plc:lcytlkvzs3wslcgbk7i3ygak/feed/free-onlyfans",at://did:plc:db645kt5coo7teuoxdjhq34x/app.bsky.feed.generator/aaabhdlko25om
Art: Streams,2025-07-29T00:27:55.807Z,295,0,wanderlingworld.bsky.social,Feed of live streaming artists. Use #artstream. Looks for keywords surrounding art streams. Filters out AI/NFTs,at://did:plc:odqmsar3ikz5ubokya4sempk/app.bsky.feed.generator/aaahtsrslxad4
Game Art & Animation,2024-01-03T20:17:02.718Z,293,0,genrouthier.bsky.social,"Gamedev / gameart  Artists and animators of any level --> concept, character modeling, environments, lighting, vfx, gameplay anim, tech art, tech anim, UI, pixel, cutscenes, etc.  (at) me to be added - I'll update as needed.",at://did:plc:6trrqcvrpocdlgmvh6amf53v/app.bsky.feed.generator/aaakfqrybls7o
Only Replies,2025-03-25T20:38:25.390Z,291,0,mackuba.eu,"Feed that shows all replies from people you follow to anyone (like in the original Following feed). Excludes your own posts and replies to you or made in your own threads. (See also the ""Follows & Replies"" version.)",at://did:plc:oio4hkxaop4ao4wz2pp3f4cr/app.bsky.feed.generator/replies
KinkSky,2025-08-26T20:57:48.407Z,289,0,realnsfw.social,"All inclusive kink, fetish, & BDSM feed  Use #kink, #kinksky, #BDSM, #BDSMsky, or #fetish to be featured. Anyone can post  NSFW/18+",at://did:plc:db645kt5coo7teuoxdjhq34x/app.bsky.feed.generator/aaaexiya25okc
Abolition,2025-07-29T00:20:56.702Z,288,0,fema.monster,"A feed for the abolition of policing and prison. View the pinned post on how to join the feed or add a single post.  Donations to your preferred org or an incarcerated person.  Use Alt-Text",at://did:plc:lptjvw6ut224kwrj7ub3sqbe/app.bsky.feed.generator/aaao42cplhig6
Pussy,2025-12-20T01:29:13.128Z,284,0,realnsfw.social,"NSFW, 18+, XXX  Explicit 🔞 Pussy, vagina, lady bits, yoni, cunt, coochie, hooha, minge, snatch, etc. You know what it is.  Verified creators only! Get approved: babesky.com/join  Includes media tagged with #pussy #pussyLips #labia #wetPussy #wetAssPussy #spreadPussy #perfectPussy",at://did:plc:db645kt5coo7teuoxdjhq34x/app.bsky.feed.generator/aaabld52njfza
Nonfiction 💡📚,2025-07-29T01:02:47.803Z,281,0,clarabelle.xyz,"Welcome to the nonfiction feed for #booksky! Use 💡📚,📚💡 or #nonfiction to post to feed. More #booksky feeds 👉🏻 booksky.club/list",at://did:plc:geoqe3qls5mwezckxxsewys2/app.bsky.feed.generator/aaaatblspoa3k
Good Omens!,2024-02-27T18:09:47.216Z,280,0,davis.social,"Mentions of Good Omens, characters, and hashtags over the last 7 days!",at://did:plc:2gx2noukxzwmj6dkxbmh3qt5/app.bsky.feed.generator/aaakid4wlhkus
Angel Blood,2024-10-27T13:00:10.215Z,275,0,gurepyon.bsky.social,All the Angel Blood Art!,at://did:plc:t6rw23rt62zaquuzn6rpbkzv/app.bsky.feed.generator/aaamtyjhdrebo
Kidlit,2024-06-19T22:25:36.051Z,275,0,davidbfox.com,"Find other Kidlit authors, artists/illustrators on Bluesky. Includes #KidLitArt, YA and MG author/illustrators.",at://did:plc:tcvhfoahhoc73kzikoabmevt/app.bsky.feed.generator/aaaa5fzjcqc2w
WrestleSky Wrestling,2025-09-22T18:43:37.703Z,272,0,andy.wrestlejoy.com,"Posts about pro wrestling  Please tag posts with any of the 3 wrestling emojis, #prowrestling, #wrestlesky #LuchaLibre #aew, #wwe, #NJPW, #ROH, #WatchROH, #BritWres, #CMLL, #GCW, #TJPW, #ECW, #WCW, #AJPW, #DDT, #NOAH, #STARDOM",at://did:plc:5kk6tru4mdazgfmgyflvz3k2/app.bsky.feed.generator/wrestlesky
LewdSky 💋,2025-07-29T01:02:34.203Z,271,0,clarabelle.xyz,"just a little bit naughty 😘 tracking #lewds #tease #whatsmild #gonemild & #lewdsky  more NSFW feeds 👉🏻 clarabelle.club/feeds",at://did:plc:geoqe3qls5mwezckxxsewys2/app.bsky.feed.generator/aaaeykqtmgty2
Extragalactic Astronomy,2025-03-03T20:11:39.448Z,270,0,emily.space,A science-oriented feed about extragalactic astronomy! Part of the Astronomy feeds network. Astronomers can sign up to post here via @bot.astronomy.blue Contains posts from signed up users with #extragalactic. Posts here are also included in the main Astronomy feed.,at://did:plc:jcoy7v3a2t4rcfdh6i4kza25/app.bsky.feed.generator/extragalactic
Cognitive Psychology,2025-04-30T17:24:54.583Z,268,0,markrubin.bsky.social,"Tag = #cogpsyc  science | psychology | research  (If you like the feed, then please 💓 it!)",at://did:plc:4jb3re5tvklsvhuc3lkerj5q/app.bsky.feed.generator/aaaivkscvi5vi
Historical Fiction ⏳📚,2025-07-29T01:02:35.507Z,263,0,clarabelle.xyz,A #booksky feed for discussing and reviewing your favorite historical fiction books! Use ⏳📚 or 📚⏳ to post to feed. More #booksky feeds 👉🏻 booksky.club/list,at://did:plc:geoqe3qls5mwezckxxsewys2/app.bsky.feed.generator/historical-fict
🐾 Hot Art 🌙,2025-11-03T18:09:08.659Z,263,0,furryli.st,Furry Hottest posts by furries with #furryart and marked NSFW.  Join the furry feeds by following @furryli.st,at://did:plc:jdkvwye2lf4mingzk7qdebzc/app.bsky.feed.generator/art-hot-nsfw
Data Viz 📊,2025-09-02T13:45:56.806Z,261,0,jacqueschrag.com,"A curated feed for all things data visualization. Sharing your work, how-to's, opinions, external resources, etc. are all welcome!  Include the 📊 emoji in your post. Sign up and get more information at https://bsky.app/profile/jacqueschrag.com/post/3ki4i4zew5h2n",at://did:plc:myqnyt5fcnaxbiubhaqzhazw/app.bsky.feed.generator/aaandndedmea6
Mac & iOS Dev,2025-08-26T23:29:00.702Z,259,0,mackuba.eu,Posts from Mac/iOS/Swift developers building apps for Apple platforms,at://did:plc:oio4hkxaop4ao4wz2pp3f4cr/app.bsky.feed.generator/apple
Yoshi's Art Only,2025-02-09T21:37:13.051Z,250,0,yoshiyoshitani.bsky.social,Yoshi Yoshitani's Art Only,at://did:plc:d7k5tjxxgyu6tfohwxsjxw5x/app.bsky.feed.generator/aaapxves6yudo
CBLOL,2024-09-02T20:06:24.633Z,245,0,pedrofracassi.dev,"Posts relacionados ao CBLOL ou feitos por pessoas da comunidade (não oficial), com um algoritmo customizado.  Algoritmo disponível em: https://github.com/pedrofracassi/bluesky-cblol-feed",at://did:plc:gqmxpbwrp57eaczyi3bwfxzg/app.bsky.feed.generator/cblol
South Korean Crisis,2024-12-03T20:29:02.561Z,244,0,handle.invalid,"A feed to follow discussions and reporting from verified sources in English about the ongoing South Korean coup d’état and constitutional crisis.  Maintained by @newsbeacon.co",at://did:plc:rfuovxpxjejsqufb4oi57rah/app.bsky.feed.generator/southkoreancoup
Planetary Science,2025-03-03T20:11:47.556Z,244,0,emily.space,A science-oriented feed about planetary science! Part of the Astronomy feeds network. Astronomers can sign up to post here via @bot.astronomy.blue Contains posts from signed up users with #planetaryscience or #planetsci. Posts here are also included in the main Astronomy feed.,at://did:plc:jcoy7v3a2t4rcfdh6i4kza25/app.bsky.feed.generator/planetary
Writing Prompts,2025-12-16T15:53:20.731Z,239,0,whistberry.bsky.social,"A feed for writing and other creative prompts. Pulls in posts from a variety of prompt challenges.  If you run a prompt and want it included here, let me know! @whistberry.bsky.social",at://did:plc:abv47bjgzjgoh3yrygwoi36x/app.bsky.feed.generator/aaadb3kqk7r2e
orf art 🦝🎨🔞✨,2025-08-07T01:53:49.308Z,238,0,orforf.bsky.social,A feed of only orf's art posts!,at://did:plc:xpvnnafe4q6f4yet2ts6miuv/app.bsky.feed.generator/aaaphyfmvd6eq
#FoodSky videos,2025-07-29T01:02:45.205Z,234,0,clarabelle.xyz,"From the creator of What's Cooking and What We're Eating comes a brand new, video-only feed! Feed tracks top cooking and food related hashtags such as #baking #cooking #recipe #foodsky #breadsky #sourdough #foodblog #homebrew #foodie #fermentation and more.",at://did:plc:geoqe3qls5mwezckxxsewys2/app.bsky.feed.generator/cookingvids
Yoga Pants & Gym Girls 💪🏻,2025-07-29T01:03:32.904Z,233,0,clarabelle.xyz,"all things leggings, yoga pants, yoga shorts & gym girls 🍑 more NSFW feeds 👉🏻 clarabelle.club/feeds  run by @clarabelle.xyz and currently tracking #yogapants #leggings #yogashorts #gymgirl ",at://did:plc:geoqe3qls5mwezckxxsewys2/app.bsky.feed.generator/aaacc2zy42vhm
Dark Art & Macabre Art,2025-01-31T16:14:42.815Z,233,0,aimeecozza.com,"Beautiful sci-fi, fantasy, and other dark art illustration. Gathers from #DarkArt, #MacabreArt, and more. May include blood, body horror, or others. Please browse at your own risk. No AI, No NFT. Violators will be banned from the feed. Spam or abuse the feed and you will be blocked.",at://did:plc:orwmq33pobteowpzc5gzwwil/app.bsky.feed.generator/aaakosbrysfau
Artists <200,2024-12-11T00:31:38.151Z,231,0,jakei.bsky.social,"Image-only posts from artist accounts with less than 200 followers. MUST INCLUDE ""art"" in post text or alt text. Tag @jakei.bsky.social to be added to the list.",at://did:plc:vjyot2w7zeomrslomwpfxirl/app.bsky.feed.generator/aaahvryc6n52m
Developmental Psychology,2025-04-30T17:27:21.483Z,229,0,markrubin.bsky.social,"Tags = #devpsy, #devpsyc, #devpsychsky, #devpsycsky  science | psychology | research  (If you like the feed, then please 💓 it!)",at://did:plc:4jb3re5tvklsvhuc3lkerj5q/app.bsky.feed.generator/aaapwto47mz2w
🐾 #FurSale,2025-11-03T18:09:14.668Z,229,0,furryli.st,Furry Buy and sell furry merch on the FurSale feed. Use #fursale or #merch to include a post in the feed.  Join the furry feeds by following @furryli.st,at://did:plc:jdkvwye2lf4mingzk7qdebzc/app.bsky.feed.generator/merch
#buildinpublic,2025-08-26T23:30:53.907Z,228,0,mackuba.eu,Indie hackers and entrepreneurs building things in public - use #buildinpublic hashtag,at://did:plc:oio4hkxaop4ao4wz2pp3f4cr/app.bsky.feed.generator/build
Pottery,2023-09-20T18:03:02.229Z,226,0,bergsbites.bsky.social,A feed that pulls all mentions of the word pottery,at://did:plc:nkahctfdi6bxk72umytfwghw/app.bsky.feed.generator/aaado2uvfsc6w
Trending Links (wip),2024-11-14T20:14:04.537Z,226,0,why.bsky.team,Experimental Trending Links Feed,at://did:plc:vpkhqolt662uhesyj6nxm7ys/app.bsky.feed.generator/links
Marine Mammalogy 🐋🦭,2024-11-20T05:52:42.491Z,224,0,daryllmarie.bsky.social,"The study of marine mammals! Learn from marine mammal professionals about whales, dolphins, sea lions, seals, sea otters, & more! More info: https://blueskyfeedcreator.com/p/daryllmarie.bsky.social/aaahpjsqgmhlu",at://did:plc:ffkgesg3jsv2j7aagkzrtcvt/app.bsky.feed.generator/aaahpjsqgmhlu
Tortie & Calico Cats,2025-07-12T12:55:58.135Z,224,0,just-some-feeds.bsky.social,"Just tortoiseshell and calico cat photos, I hope. Will try to moderate it when I can.",at://did:plc:eubjsqnf5edgvcc6zuoyixhw/app.bsky.feed.generator/tortie-cats
Bioacoustics 🦇🐸🦉🐋,2024-11-19T23:52:47.296Z,222,0,daryllmarie.bsky.social,"The science of animal sounds! Learn from bioacoustics professionals about how animals produce, receive, and process sound and how we can study them via their vocalizations. More info: https://blueskyfeedcreator.com/p/daryllmarie.bsky.social/aaaivfksmfg3o",at://did:plc:ffkgesg3jsv2j7aagkzrtcvt/app.bsky.feed.generator/aaaivfksmfg3o
Corgisky,2023-12-01T17:49:49.354Z,219,0,jakei.bsky.social,"Welcome to Corgisky, the feed for corgi pics!  All image posts/replies, by most recent, with corgi(s) or corgisky in the post text or alt text.",at://did:plc:vjyot2w7zeomrslomwpfxirl/app.bsky.feed.generator/aaacrupmfdq2w
indigiskeeters🦟,2023-07-12T20:36:51.479Z,219,0,daanis.ca,"We may be small and annoying but we're full of NDN blood. This feed pulls from a ""mute list"" of Indigenous accounts. if you want to be added to that list tag @daanis.ca. Anyone can subscribe but only Indigenous accounts can be added to the list, this keeps Indigenous voices centered.",at://did:plc:bkneatxfwesdeyyzq66svhio/app.bsky.feed.generator/aaaemqjokvdci
Caturday,2025-10-04T20:30:53.562Z,217,0,numb.comfortab.ly,"Posts with images mentioning ""Caturday"" in either post text or image alt-text",at://did:plc:pmyqirafcp3jqdhrl7crpq7t/app.bsky.feed.generator/aaad4sb7tyvjw
#AusPol,2025-05-24T11:12:31.650Z,216,0,jakei.bsky.social,Aussie Politics - all posts by most recent with #auspol,at://did:plc:vjyot2w7zeomrslomwpfxirl/app.bsky.feed.generator/aaab2ryh7blri
JewSky Plus,2023-08-21T22:26:48.253Z,215,0,jewish.bsky.social,A beta feed for Jews on bluesky. Made by Space Jew and the JewSky project. Come check out our discord: https://discord.gg/nsN8esyxVP,at://did:plc:24atmhsxslaeuvf2gcmv7fh3/app.bsky.feed.generator/jewsky-plus
The Owl House,2025-05-20T19:49:10.153Z,211,0,fenarinarsa.com,"Posts related to THE OWL HOUSE.  - Looks for related words or hashtags (mainly ""owl house"" and ""#toh"" + ships) and adds a selection of reposts by @hoot-toh.bsky.social - NSFW might slip in. Check your Moderation settings. - Disable your language filter to see all content.",at://did:plc:fb3iwxg23jziddgbtsixx3zu/app.bsky.feed.generator/aaalqapzbssgo
#MathSky 🧮,2024-12-03T18:07:23.265Z,210,0,afreeparticle.com,This feed captures any post with #MathSky from the past 7 days. If you follow @mathskymathsky.bsky.social you can post here with just the 🧮 emoji  Art from James O’Brien for Quanta Magazine https://www.quantamagazine.org/how-is-math-beautiful-20200616/,at://did:plc:l72uci4styb4jucsgcrrj5ap/app.bsky.feed.generator/aaaa7a47hvldi
Amazing Digital Circus,2025-12-27T23:25:35.634Z,209,0,fenarinarsa.com,"THE AMAZING DIGITAL CIRCUS (TADC) related content. - Looks for the show's name, characters and tags - No NSFW - Disable your language filter to see all content",at://did:plc:fb3iwxg23jziddgbtsixx3zu/app.bsky.feed.generator/aaaejefgmu722
blacksky²,2025-02-05T13:27:55.155Z,209,0,cxni.bsky.social,"An algorithm showcasing posts by Black users on the network, specifically young adults.  follow this feed to interact and connect with your new potential mutuals.  Disclaimer [to detect black users, the bot scans for the n word, heres my take on the original blacksky feed, heres blacksky 2]",at://did:plc:mvb2prctcnsv3si64j6p2g7i/app.bsky.feed.generator/aaalmm24myv3a
NSFW Networking,2025-11-09T19:25:46.658Z,208,0,sweetbee.vip,"Central hub for NSFW networking  Share for share, collabs, model groups etc  Adult creators, artists, sex workers, pornstars, Onlyfans models, photographers, & other industry professionals welcome. 18+  #NSFWnetworking #SWnetworking  [NOT for promoting your sexy content, you will be removed]",at://did:plc:lcytlkvzs3wslcgbk7i3ygak/app.bsky.feed.generator/aaafvjswedqcy
#skybusty,2025-11-10T20:53:27.361Z,208,0,missmeringue.love,"Aggregate of posts using big boob search terms, sorted by popularity.  Add 🦋🍒 or #skybusty to add yourself to the feed.   Some included search terms:  #bigboobs #bigtits #mommymilkers #hugeboobs",at://did:plc:2j4w2o4xmkbheromzo73r5sv/app.bsky.feed.generator/aaad2nhbxnroq
📽️ Film (Top),2025-11-16T02:31:24.361Z,207,0,francesmeh.reviews,"A ranked version of the 📽️ Film feed.  It's the same filmsky content you've come to love — movie news & reviews, trailers, Letterboxd chatter, etc — but the top posts are at the top.  Don't forget to give this feed a ❤️",at://did:plc:2hwwem55ce6djnk6bn62cstr/app.bsky.feed.generator/aaabdd4xqfbgm
Exoplanets,2025-03-03T20:11:37.857Z,206,0,emily.space,A science-oriented feed about exoplanets! Part of the Astronomy feeds network. Astronomers can sign up to post here via @bot.astronomy.blue Contains posts from signed up users with #exoplanet or #exoplanets. Posts here are also included in the main Astronomy feed.,at://did:plc:jcoy7v3a2t4rcfdh6i4kza25/app.bsky.feed.generator/exoplanets
Bluesky Tips and Tricks,2024-11-27T01:11:54.267Z,206,0,numb.comfortab.ly,Useful tips and tricks in using Bluesky,at://did:plc:pmyqirafcp3jqdhrl7crpq7t/app.bsky.feed.generator/aaahasu4x7n42
UK 🇬🇧,2025-07-29T14:40:31.908Z,204,0,j4ck.xyz,"A feed for all things #UK ! Great Britain: England, Scotland, Wales, Northern Ireland.",at://did:plc:4hawmtgzjx3vclfyphbhfn7v/app.bsky.feed.generator/aaadc6hccsrzk
Lego Feed,2024-12-31T16:44:10.351Z,204,0,elfprince13.mumak.app,"Lego, Bionicle, Duplo, AFOL, minifig, MOC(s), Technic, Ninjago, Mindstorm",at://did:plc:jxcabn5oqg4xlpflgoy4rmxr/app.bsky.feed.generator/aaajrltixpjvq
Metascience,2025-09-11T10:21:14.708Z,203,0,markrubin.bsky.social,"The science of science!  Picks up posts with metascience-related terms (e.g., ""p-hacking"").  Tag = #metasci  Science | Metascience | Philosophy of science | Statistics  (If you like the feed, then please 💓 it!)",at://did:plc:4jb3re5tvklsvhuc3lkerj5q/app.bsky.feed.generator/aaaicubeccmeq
Paleo Sky,2024-05-29T09:58:40.921Z,202,0,jfcudennec.bsky.social,"From Paleontology, Paleo-environment and Paleogeography to Archaeology, Paleo-anthropology, fossils and ancient DNA, all things Paleo !   No need to be added, just use the #PaleoSky to get in !",at://did:plc:estv6ozzvjyzz526rtb7ln7f/app.bsky.feed.generator/aaaa6ekwhfcy2
Ukraine in English,2024-06-03T21:23:31.632Z,202,0,numb.comfortab.ly,English-language feed about Ukraine and Ukraine war.,at://did:plc:pmyqirafcp3jqdhrl7crpq7t/app.bsky.feed.generator/aaaberxugvtfo
Minneapolis and St. Paul,2024-02-10T21:19:39.847Z,202,0,jaz.sh,A feed of posts from authors in the Minneapolis and St. Paul area (private feed moderated by @lookitup.baby),at://did:plc:q6gjnaw2blty4crticxkmujt/app.bsky.feed.generator/a-mpls
Dragon Ball,2025-07-12T12:56:00.238Z,199,0,anianimals.moe,Posts with keywords from the Dragon Ball media franchise created by Akira Toriyama in 1984,at://did:plc:tazrmeme4dzahimsykusrwrk/app.bsky.feed.generator/dragon-ball
Rule34,2025-08-26T20:57:07.705Z,199,0,realnsfw.social,"NSFW Rule 34  anyone can use #rule34 or #r34 to include any post  feedback -> babesky.com/feedback",at://did:plc:db645kt5coo7teuoxdjhq34x/app.bsky.feed.generator/aaaexh3k6jdwg
Psychology,2025-04-30T17:30:24.888Z,197,0,markrubin.bsky.social,"A multidisciplinary psychology feed (tag = #PsycSci) that picks up posts from other psychology feeds (e.g., #SocialPsyc, #DevPsyc, #CogPsyc, etc.) as well as posts by psychology journals and preprint severs.  (If you like the feed, then please 💓 it!)",at://did:plc:4jb3re5tvklsvhuc3lkerj5q/app.bsky.feed.generator/aaafqdamzfoyc
LongCovid,2025-01-12T20:51:27.854Z,196,0,allyann.bsky.social,"Long Covid feed  Finds the key words #LongCovid, ""Long Covid"", #pwLC, ""post acute sequelae"", #PASC, #LonghaulCovid, #CovidLongaulers, #ChronicCovid, #PostCovidConditions and #c19Longhauler",at://did:plc:3sn6bogankaicebzdb7liro3/app.bsky.feed.generator/aaaj6ooucgyta
Front or Back 🍒🍑,2025-07-29T01:03:37.905Z,193,0,clarabelle.xyz,"the internet's favorite gonewild caption has a new home on bsky! 😎 post a booty view and a booby view with #frontorback or 'front or back' & let the viewers decide.  run by @clarabelle.xyz 👑 more NSFW feeds 👉🏻 clarabelle.club/feeds",at://did:plc:geoqe3qls5mwezckxxsewys2/app.bsky.feed.generator/aaaextpeistuu
Bluesky鉱物部,2024-02-11T15:33:25.690Z,193,0,neohimeism.bsky.social,「鉱物部」のワードを含む画像付きポストを集めたフィードです（直近7日分）。 「#Bluesky鉱物部」のようにハッシュタグ化されていても、「鉱物部」のみでも拾います。  キーワードを使ってくれる人が増えるほど活性化するフィードです。 石をお持ちの方はぜひ「鉱物部」を入れてポストしてください✨,at://did:plc:3nwkfnr3kw464kdmywbkeuqs/app.bsky.feed.generator/aaapi45mzhxzq
🐾 Hot videos,2025-11-03T18:09:01.157Z,193,0,furryli.st,Furry Hottest video posts by furries across Bluesky. Contains a mix of SFW and NSFW content.  Join the furry feeds by following @furryli.st,at://did:plc:jdkvwye2lf4mingzk7qdebzc/app.bsky.feed.generator/video-hot
Horror Games Community,2024-11-12T14:38:58.606Z,192,0,horrorvisuals.com,"This feed helps you find all the latest news, art, content, pretty much everything related to horror games both indie and AAA.  Just use any of the tags #horrorgame #indiehorror #indiehorrorgame #horrorgames #horrorshowcase",at://did:plc:gqcqc7gov3p7vgypbi5dxp47/app.bsky.feed.generator/aaajtnacw2ai2
Boobs,2025-09-20T18:33:15.204Z,190,0,realnsfw.social,"boooooooobs aka titties tiddies tatas tiny tits huge tits boobies booba boobas boob big jugs mommy milkers nipples nipple breast breasts cleavage melons knockers bewbs badonkers  Age verified adult creators only  (To be featured- babesky.com/request to be verified. Then use #boobs on relevant posts)",at://did:plc:db645kt5coo7teuoxdjhq34x/app.bsky.feed.generator/aaaexna37hvpq
JP Cat&Dog Pics,2025-07-03T07:50:44.439Z,188,0,wangdora.jp,いろんなハッシュタグから日本語のみを抽出 Since : 2024/01/29,at://did:plc:cgl62jlhroosxyjkaffidnon/app.bsky.feed.generator/aaae3sfrsqatc
Oil Painting 🎨,2025-12-18T12:58:38.933Z,186,0,dm7.bsky.social,"A chronological feed of oil paintings by living artists 🎨 Focused on WIP and freshly finished pieces. NSFW is allowed. AI and digital art are not. History and archival content are filtered out. To be included, tag your post with #oilpainting or phrases like oil painting or oil on. Enjoy ✨",at://did:plc:oqnyeefj6hixdzwq3t54joox/app.bsky.feed.generator/aaakbbdu7grfe
GoonSky,2025-06-24T00:23:16.039Z,185,0,schuldberg.com,Feed of SA Goons from the SA Bluesky thread.  // Made at BlueskyFeeds.com,at://did:plc:mul5ctx7d7cjsz3vrx3siuaf/app.bsky.feed.generator/goon-sky
Yu-Gi-Oh!,2023-05-30T16:42:37.148Z,185,0,neilbefore.me,"Skyscraper, a Yugioh community feed.",at://did:plc:cx4zd7btpgjkn46rtikc3qxo/app.bsky.feed.generator/skyscraper-ygo
RealGirls,2025-10-20T21:37:41.256Z,184,0,realnsfw.social,"Real Girls ✅  Verified adult creators & SWers Onlyfans, Fansly, Manyvids, Pornstars, Amateurs, etc",at://did:plc:db645kt5coo7teuoxdjhq34x/app.bsky.feed.generator/aaagfxjqiawhs
Real Girls 🌱,2025-07-29T01:03:06.106Z,181,0,clarabelle.xyz,"all the girls in here are real and really sexy too 💘 tracking #realgirls, #girlnextdoor, #gnd, #allnatural.  more NSFW feeds 👉🏻 clarabelle.club/feeds",at://did:plc:geoqe3qls5mwezckxxsewys2/app.bsky.feed.generator/aaagazfpqc4xs
Gardening Videos 🌱,2025-07-29T01:03:09.003Z,181,0,clarabelle.xyz,"The Gardening Feed you know and love, but in video format! Gardeners who are already approved to post in the main gardening feed (run by @eepy.bsky.social) can use 🌱 in their posts to appear here.",at://did:plc:geoqe3qls5mwezckxxsewys2/app.bsky.feed.generator/gardenvids
The Milky Way,2025-03-03T20:11:45.654Z,181,0,emily.space,A science-oriented feed about Galactic astronomy. Part of the Astronomy feeds network. Astronomers can sign up to post here via @bot.astronomy.blue Contains posts from signed up users with #galactic or #galacticastro. Posts here are also included in the main Astronomy feed.,at://did:plc:jcoy7v3a2t4rcfdh6i4kza25/app.bsky.feed.generator/milkyway
Plant Biology 🌾,2025-06-12T17:16:30.551Z,180,0,radobrien.myatproto.social,"A quick feed hoping to aggregate all plant science, plant biology, botany, and agronomy posts on Bluesky!  Remember to tag your post with both the 🌾 and 🧪emojis! These words will also tag your post in the feed: plant biology, agronomy, botany, plant science, chloroplast, photosynthesis, chlorophyll",at://did:plc:kpmeqsgi52jt2vz2ttaj43nq/app.bsky.feed.generator/aaaeatp4hrxjg
Йобана русня,2023-08-08T14:11:42.254Z,180,0,dovgonosyk.bsky.social,Йобана русня,at://did:plc:qgy7vt74xmouisyslwm3fgfj/app.bsky.feed.generator/aaahpgcrinoqq
Carolina Hurricanes,2024-11-25T03:53:10.657Z,180,0,wademinter.com,News and posts about the NHL Carolina Hurricanes. Trying to pull Canes-related information and keywords out of the Bluesky hockey timeline.  Use #LetsGoCanes or #RaiseUp to be included automatically!,at://did:plc:c7vyv3rfip6mejhnzairvkd3/app.bsky.feed.generator/aaalaqtcllpz4
Destiny The Game,2025-04-29T00:55:17.580Z,176,0,starsetbyte.lol,"Destiny The Game Feed of Players, Community Members, Third Party Tools, and Bungie Staff + some filtering of the firehose Tags : #LostSectorReport, #destiny, #destiny2, #dtg, #bungie, #destinythegame, #twab, #twid, #destiny2art, #thefinalshape, #lightfall",at://did:plc:mzx7sybipkgt4dgi5n6vdzpa/app.bsky.feed.generator/aaabymubkhbuu
飯,2024-10-18T06:41:31.934Z,173,0,wangdora.jp,美味しそうなのを集めました。(Japanese Foods) ※そうでないものもたまに混じります。 Since : 2023/08/25,at://did:plc:cgl62jlhroosxyjkaffidnon/app.bsky.feed.generator/aaabzqcehnko4
🇺🇦 #craft,2025-01-20T07:58:53.649Z,172,0,bsky.one,"Пости з тегами #craft, #крафт, #ukrcraft, #укркрафт від профілів з каталогу BSKY.ONE.  ⚠️⚠️⚠️ Якщо стрічка пуста, включіть українську в налаштуваннях в розділі Content languages.",at://did:plc:dvgliotey33vix3wlltybgkd/app.bsky.feed.generator/craft
Astrosky,2025-03-03T20:11:30.063Z,171,0,emily.space,All posts from the astronomy community on Bluesky. Sign up to post here via @bot.astronomy.blue,at://did:plc:jcoy7v3a2t4rcfdh6i4kza25/app.bsky.feed.generator/astro-all
AEW Hidden Gems,2025-09-22T18:43:06.906Z,168,0,andy.wrestlejoy.com,AEW Wrestling posts from accounts who've only posted once in 24 hours,at://did:plc:5kk6tru4mdazgfmgyflvz3k2/app.bsky.feed.generator/aew-infrequent
SkyHub SWOC Images Only,2024-04-18T21:31:21.727Z,166,0,skyhub.bsky.social,SkyHub's SWOC Feed with images only! Tag us to be added <3,at://did:plc:kogkquurpi7vd6ck2tndcoog/app.bsky.feed.generator/aaalecn34yr52
News & Politics,2024-12-02T13:56:15.458Z,164,0,handle.invalid,"A reverse-chronological feed about U.S. news and politics, from verified news organizations and journalists.  Maintained by @newsbeacon.co",at://did:plc:rfuovxpxjejsqufb4oi57rah/app.bsky.feed.generator/usnewspolitics
Stellar Astronomy,2025-03-03T20:11:53.053Z,164,0,emily.space,A science-oriented feed about stars! Part of the Astronomy feeds network. Astronomers can sign up to post here via @bot.astronomy.blue Contains posts from signed up users with #stellarastrononomy or #stellarastro. Posts here are also included in the main Astronomy feed.,at://did:plc:jcoy7v3a2t4rcfdh6i4kza25/app.bsky.feed.generator/stellar
Clara's NSFW Feed List,2025-05-30T01:07:35.847Z,163,0,clarabelle.xyz,"directory of all my NSFW feeds! see individual feeds for how to post to them.  there's boobs, butts, lingerie, femdom, yoga pants, gym girls, girls next door, stockings, high heels, pantyhose, cosplay & more. 🔥",at://did:plc:geoqe3qls5mwezckxxsewys2/app.bsky.feed.generator/aaao6tu3vo7d2
Nightmare Kart Dev,2024-11-29T20:32:32.451Z,163,0,b0tster.yeag.gay,Posts pertaining to Nightmare Kart's development!,at://did:plc:kcu5gsklhhensnm6vhu6lhq5/app.bsky.feed.generator/aaahs7iaktoes
Hellaverse,2025-12-14T13:24:53.434Z,163,0,fenarinarsa.com,"HAZBIN HOTEL and HELLUVA BOSS related content ハズビンホテルとヘルヴァボスについての投稿  Other feeds to check! Hellaverse (Best of) Hellaverse (Random)  Looks for hashtags, pairings... / Adds selected content from @moxxie-imp.bsky.social / 🔞 included (with CW) / Disable your language filter to see all content!",at://did:plc:fb3iwxg23jziddgbtsixx3zu/app.bsky.feed.generator/aaaawmnmc5cji
High Energy Astrophysics,2025-03-03T20:11:40.962Z,162,0,emily.space,A science-oriented feed about high-energy astronomy and astroparticle physics! Part of the Astronomy feeds network. Astronomers can sign up to post here via @bot.astronomy.blue Contains posts from signed up users with #highenergyastro. Posts here are also included in the main Astronomy feed.,at://did:plc:jcoy7v3a2t4rcfdh6i4kza25/app.bsky.feed.generator/highenergy
OnlyHot (realNSFW),2025-01-27T06:19:55.146Z,162,0,realnsfw.social,"Only the Top Liked posts from everyone @blueskybaddies.bsky.social is following. Includes photo, video, and text. Chrono  All photos: https://bsky.app/profile/did:plc:db645kt5coo7teuoxdjhq34x/feed/aaabhdlko25om  All posts: https://bsky.app/profile/did:plc:db645kt5coo7teuoxdjhq34x/lists/3lcezbjqieq23",at://did:plc:db645kt5coo7teuoxdjhq34x/app.bsky.feed.generator/aaacdxtysxc3i
Bitcoin,2024-11-18T16:11:14.750Z,159,0,bitcoin.bsky.social,"The Original ₿sky – Use Bitcoin, ₿, or $btc in your post or alt text to be included.   Bitcoin only, no NFTs, web3, or crypto.",at://did:plc:qg2xh2omse5jx2njmba3wsq3/app.bsky.feed.generator/aaab3fy25acf2
ME/CFS,2025-01-03T06:11:02.545Z,159,0,allyann.bsky.social,Finds keywords of #mecfs #cfs #MEScience ME/CFS and #MEAwareness,at://did:plc:3sn6bogankaicebzdb7liro3/app.bsky.feed.generator/aaahqnwsf2z4m
iTeachMath ♾️,2024-11-28T11:40:27.154Z,158,0,afreeparticle.com,Mathematics Education feed tracking:  #MTBoS|#iTeachMath|#iTeachMaths|#MathEd|#MathsEd|#MathChat|#MathsChat|#ElemMathChat|#MathsToday  Post with ♾️ if you follow: @afreeparticleemoji.bsky.social,at://did:plc:l72uci4styb4jucsgcrrj5ap/app.bsky.feed.generator/aaad2smrneito
🇺🇦 Новенькі,2025-01-20T07:58:55.351Z,158,0,bsky.one,"Пости від нових профілів. 1 тиждень з дати додавання до каталогу BSKY.ONE.  ⚠️⚠️⚠️ Якщо стрічка пуста, включіть українську в налаштуваннях в розділі Content languages.",at://did:plc:dvgliotey33vix3wlltybgkd/app.bsky.feed.generator/newcomers
Bluesky小ネタ集,2025-12-25T09:35:11.330Z,157,0,feed-navi.bsky.expert,「フィーナビ！」のアカウントでご紹介したBluesky小ネタ集  ※古いポストでは仕様変更で設定メニュー等の位置や言い回しが異なっている場合があります ※最新情報、仕様変更、補足はリンク先のスレッドで追記していることがあります ※新しい「小ネタ」を見つけたときは随時更新します,at://did:plc:hsf6h23omw3jphz27kfeqqy2/app.bsky.feed.generator/aaahn5nyvoy2q
Hiking,2025-10-05T20:01:09.457Z,157,0,sweetbee.vip,"Everything about hiking, backpacking, trekking, mountaineering, thru-hiking, etc  Hashtag based feed  Use #hiking to easily include any post",at://did:plc:lcytlkvzs3wslcgbk7i3ygak/app.bsky.feed.generator/aaaeuguh2e542
Art: Crowdfunding,2025-07-29T00:27:56.808Z,157,0,wanderlingworld.bsky.social,"Feed of artists promoting their Patreons, Kickstarters and other projects. Use #artcrowdfunding. Searches for keywords related to art + backerkit, kickstarter and preorder. Filters out AI/NFTs.",at://did:plc:odqmsar3ikz5ubokya4sempk/app.bsky.feed.generator/aaahuekdm3ga6
Live Football Chat,2025-08-22T19:26:22.205Z,154,0,markposts.bsky.social,"Posts about live football/soccer matches, aiming to help foster a community of football/soccer-watchers on bluesky.",at://did:plc:pmyrbehllqy5rbbxuhqwev4p/app.bsky.feed.generator/live-football
WIP Cozy,2023-06-09T16:06:32.047Z,152,0,why.bsky.team,Work In Progress,at://did:plc:vpkhqolt662uhesyj6nxm7ys/app.bsky.feed.generator/cozy
VR/AR/XR/MR,2024-11-21T21:16:02.778Z,152,0,davidbfox.com,A feed dedicated to VR/AR/XR/MR and Spatial Computing. Also includes location based entertainment (LBE).,at://did:plc:tcvhfoahhoc73kzikoabmevt/app.bsky.feed.generator/aaabgz7m3igkw
MAD Magazine,2025-09-26T23:54:04.852Z,150,0,alfreds-mad-world.bsky.social,"MAD Magazine posts from all of 'The Usual Gang Of Idiots' that you love, such as Don Martin , Al Jaffee , and Sergio Aragones . What, Me Worry ? #madmagazine",at://did:plc:zxivo66635d3gsihavi6dogc/app.bsky.feed.generator/aaafuhtws75us
Audiobooks 🎧📚,2025-07-29T01:02:51.408Z,150,0,clarabelle.xyz,"Welcome to the Audiobook #booksky feed! Use this feed to discuss your favorite narrators, the best places to find audiobooks, and what you're currently listening to. Use 🎧📚 or #audiobooks to show up in feed. For more #booksky feeds 👉🏻 booksky.club/list",at://did:plc:geoqe3qls5mwezckxxsewys2/app.bsky.feed.generator/audiobooks
✅ Real NSFW Trending,2025-09-15T00:41:47.308Z,150,0,realnsfw.social,"Hottest trending NSFW posts right now  ✅ Verified Adult Creators and Sex Workers Only  (to be featured: mutuals, then use #realNSFW on any post. 100+ likes min. platform manipulation may be removed)  prefer chronological? https://bsky.app/profile/did:plc:db645kt5coo7teuoxdjhq34x/feed/aaamkr6xjlwb2",at://did:plc:db645kt5coo7teuoxdjhq34x/app.bsky.feed.generator/aaaoqc3t6mtoc
What's Cooking 🍽️ vid,2025-07-29T01:02:31.503Z,149,0,clarabelle.xyz,"The videos only version of What's Cooking. 🍽️ home cooking, fermentation, homebrewing, pickling, baking, canning, preserving, delicious food and much more from a curated list of bsky's top chefs!   run by @clarabelle.xyz - not currently accepting applications for new contributing chefs.",at://did:plc:geoqe3qls5mwezckxxsewys2/app.bsky.feed.generator/whatscookingv
Blowjobs,2025-08-26T20:56:57.012Z,147,0,realnsfw.social,"NSFW, 18+, XXX  Blowjobs from verified adult creators  (To be featured - babesky.com/request to be verified. Then use #blowjob on relevant posts)",at://did:plc:db645kt5coo7teuoxdjhq34x/app.bsky.feed.generator/aaaexmnfhi4ia
PhilosophySky,2025-11-28T22:59:49.630Z,145,0,keithwilson.eu,"The most comprehensive feed for academic philosophy on Bluesky! Includes posts tagged with #PhilSky and #PhilosophySky plus posts from 2,500＋ philosophers and philosophy-related organisations in all subfields of #philosophy: #metaphysics, #epistemology, #ethics, #philsci, #logic, etc.",at://did:plc:3bybp6nqszlhuan2ch2cmv66/app.bsky.feed.generator/philsky
EGirlsky,2025-10-20T21:51:12.764Z,143,0,realnsfw.social,"eGirl Central  (To be featured - babesky.com/request to be verified. Then use #egirlsky #egirl or #egirls on relevant posts)",at://did:plc:db645kt5coo7teuoxdjhq34x/app.bsky.feed.generator/aaaex37bdzgjk
Art: Subscriptions,2025-07-29T00:27:58.007Z,143,0,wanderlingworld.bsky.social,A feed artists to subscribe to for art rewards. Use #artsubscription or #art + #patreon. Filters out AI/NFTs.,at://did:plc:odqmsar3ikz5ubokya4sempk/app.bsky.feed.generator/aaahuyx5goa7q
Lord of the Rings etc. 🏔️,2025-07-29T01:03:45.706Z,143,0,clarabelle.xyz,"For fans of JRR Tolkien's epic fantasy series The Lord of the Rings and associated works. Work in progress, but currently tracking top hashtags and keywords associated with Tolkien's work, including #tolkien, #lotr, #lordoftherings, #tolkienart, #tolkientuesday etc. ",at://did:plc:geoqe3qls5mwezckxxsewys2/app.bsky.feed.generator/middle-earth
algorithm-free algorithm,2024-10-17T15:32:43.868Z,141,0,retr0.id,"an algorithm that collects posts from people declaring that bluesky has no algorithm, ranked by popularity (powered by skyfeed)",at://did:plc:vwzwgnygau7ed7b7wt5ux7y2/app.bsky.feed.generator/aaajwc4qiqvre
PDX Posts,2025-07-29T00:26:17.302Z,141,0,rockom.bsky.social,Portland Oregon posts including issues and city politics. Search term suggestions welcome: @rockom.bsky.social,at://did:plc:fgnkp5yb6fuvxsqpqpnan46u/app.bsky.feed.generator/tstpdx
Svelte 🧡,2024-11-12T21:57:26.506Z,140,0,paolo.ricciuti.me,Best feed to keep up to date with svelte on bsky 🧡,at://did:plc:ezyrzvz3yoglekd4j2szmiys/app.bsky.feed.generator/svelte-feed
#AusNews,2025-12-05T22:42:58.736Z,140,0,allyann.bsky.social,"Hashtag #ausnews and articles: ABC, The Guardian, The Age, SMH, Crikey, The Saturday Paper, The New Daily, WA Today, The Klaxon, SBS, The Shot, Pearls and Irritations, InQueensland, Independent Australia, The Monthly, Michael West, AFR and The Shovel No Murdoch run papers have been included.",at://did:plc:3sn6bogankaicebzdb7liro3/app.bsky.feed.generator/aaaf2cvcjllqy
#altgov #resistance feed,2024-12-06T22:43:14.355Z,139,0,badhombrenps.bsky.social,"An Altgov /resistance-focused feed, bringing you up to date content related to resisting the fascist clownshow descending upon our federal government.  Never give up, never surrender!  BlueskyFeedCreator.com",at://did:plc:2l2fadeokh4smumvj44es4oz/app.bsky.feed.generator/altgov
Bravo,2024-12-03T23:47:13.360Z,139,0,jakei.bsky.social,skeets mentioning following: bravotv | project runway | housewives | real housewives | below deck | vanderpump | RHOC | RHONY | RHOA | RHONJ | RHODC | RHOBH | RHOM | RHOP | RHOD | RHOSIC | RHUGT | RHODUBAI | top chef | summer house | million dollar listing  ping @jakei.bsky.social for filter changes,at://did:plc:vjyot2w7zeomrslomwpfxirl/app.bsky.feed.generator/aaabuawc62ehe
Astro Software & Methods,2025-03-03T20:23:56.649Z,138,0,emily.space,"A feed to discuss methods and software for astronomy research! Part of the Astronomy feeds network. Astronomers can sign up to post here via @bot.astronomy.blue Contains posts from signed up users with #astromethods, #astrocoding, or #astrocode.",at://did:plc:jcoy7v3a2t4rcfdh6i4kza25/app.bsky.feed.generator/methods
Mechanical Keyboards,2023-07-29T20:07:52.860Z,135,0,bossett.social,For @marlo.ooo - the Mechanical Keyboard Feed,at://did:plc:jfhpnnst6flqway4eaeqzj2a/app.bsky.feed.generator/keyboards
Classic Rock,2024-10-19T17:49:49.708Z,135,0,numb.comfortab.ly,From Beatles to ZZ Top all the rock all the time.,at://did:plc:pmyqirafcp3jqdhrl7crpq7t/app.bsky.feed.generator/aaabq2j7mvive
"Legs, Nylons & Heels 👠",2025-07-29T01:02:30.102Z,135,0,clarabelle.xyz,"a sexy feed featuring legs, nylons, stockings, high heels & pantyhose 👠 more NSFW feeds 👉🏻 clarabelle.club/feeds  tracking #legs #nylons #heels #stockings #stiletto #pantyhose #highheels & more",at://did:plc:geoqe3qls5mwezckxxsewys2/app.bsky.feed.generator/aaao6p4xabgyi
#iTeachPhysics 🎢,2024-11-28T11:35:44.449Z,133,0,afreeparticle.com,For teachers of physics. Originally a bi-weekly professional development Twitter chat for physics teachers moderated by @BlackPhysicists  Follow @afreeparticleemoji.bsky.social to post using only rollercoaster emoji,at://did:plc:l72uci4styb4jucsgcrrj5ap/app.bsky.feed.generator/aaaoulmxceydw
"Elixir, Erlang, etc.",2025-07-15T22:32:13.140Z,131,0,nezteb.net,"Any skeets within the last week mentioning Elixir, Erlang, Gleam, related frameworks, etc.",at://did:plc:2hgt4vfh2jxuwf5zllcbed64/app.bsky.feed.generator/aaaemobjvwlsq
Black VTubers,2025-07-18T17:59:26.340Z,131,0,aiyoku.xyz,A feed for finding fellow Black VTubers on Bluesky! Contact @aiyoku.xyz to be added to the whitelist.  BlueskyFeedCreator.com,at://did:plc:kjnet2viyumgkqtjnzo6y4pz/app.bsky.feed.generator/aaae6frj6wo6q
#Transitsky,2025-11-10T22:43:18.460Z,131,0,fema.monster,A feed for transit nerds. Use #transitsky to add a post or follow @urbanism.plus to join the feed (makes your posts without #transitsky more likely to be picked up by the feed--eventually following will be required),at://did:plc:lptjvw6ut224kwrj7ub3sqbe/app.bsky.feed.generator/aaaic34mdicfg
TennisSky,2023-08-24T10:18:12.184Z,130,0,thieflord.dev,All things tennis. Use #TennisSky or 🎾 to add individual posts.,at://did:plc:4e3wxro75sds7cc2yfgnbnrc/app.bsky.feed.generator/alltennissky
Printmaking,2025-07-28T23:44:26.002Z,130,0,bsky.art,"This dedicated art feed spotlights printmaking techniques, tools, and artwork. Perfect for printmakers, art lovers, and anyone intrigued by pressing ink onto paper.",at://did:plc:y7crv2yh74s7qhmtx3mvbgv5/app.bsky.feed.generator/printmaking
 ‍💨 Now Breezing Feed ‍💨,2024-07-19T16:49:36.079Z,129,0,nowbreezing.ntw.app,"A feed that shows the most up-to-date NowBreezing posts! You can also pin the feed for easy access.  NOTE: It takes a few minutes for this feed to update!  (However, if there are multiple posts on NowBreezing that you don't see here, you're likely muting a word that shows up in those posts!)",at://did:plc:mcb6n67plnrlx4lg35natk2b/app.bsky.feed.generator/aaamsionfda4o
#Goonsky (Top 50),2025-01-30T08:57:49.449Z,128,0,realnsfw.social,Top 50 posts over the last 7 days from the Goonsky feed: https://bsky.app/profile/did:plc:db645kt5coo7teuoxdjhq34x/feed/aaaot6v3qokho,at://did:plc:db645kt5coo7teuoxdjhq34x/app.bsky.feed.generator/aaaot7wkjgufk
 🇺🇦 ️Ukraine Feed ,2023-09-30T12:26:32.971Z,126,0,igyver.bsky.social,The BlueSky overview of everything about Ukraine now. Learn about the War and how the Ukrainians live. 🇺🇦 🇪🇺 🇩🇪 ️🇺🇸 ️🇬🇧 ️️,at://did:plc:63rbf5hl4kakwv3llwa33gmt/app.bsky.feed.generator/aaahvzz3nohns
DEPRECATED (PDX Posts),2025-01-22T19:14:04.655Z,126,0,rockom.bsky.social,We moved to better serve Portland Oregon Bluesky. https://bsky.app/profile/did:plc:fgnkp5yb6fuvxsqpqpnan46u/feed/tstpdx,at://did:plc:fgnkp5yb6fuvxsqpqpnan46u/app.bsky.feed.generator/aaanozdqggmc4
Bear Media,2025-08-09T03:14:14.004Z,126,0,gayslay.com,,at://did:plc:qv5qyhnfl53lunglnrd6axpd/app.bsky.feed.generator/aaakgqsux7ngy
UglyDogsPart II,2024-10-03T11:41:57.357Z,125,0,shroderdog.net,Feed for #UglyDogs that's more broad. Tag your post with #UglyDogs or UglyDogs. This is NOT case-sensitive. Let me know if anything should be added.,at://did:plc:xhhnumnbs5wraghiksrikz3q/app.bsky.feed.generator/aaadp2xnhty2m
Anime Mecha,2025-07-12T12:56:05.538Z,123,0,anianimals.moe,"A feed about mecha from Anime, Gundam, Macross, Super Robot Wars and others",at://did:plc:tazrmeme4dzahimsykusrwrk/app.bsky.feed.generator/anime-mecha
NSFW Cosplay,2025-10-22T17:40:23.559Z,123,0,realnsfw.social,"Lewd and nude cosplayers or erocosplayers, verified adult content creators only  (To be featured - babesky.com/request to be verified. Then use #cosplay or #NSFWCosplay on relevant posts)",at://did:plc:db645kt5coo7teuoxdjhq34x/app.bsky.feed.generator/aaajl2b52a5h6
Trending Photography,2025-08-15T16:16:38.710Z,122,0,sweetbee.vip,"All inclusive photography feed.  This is not your standard photography feed, I’m actively adding every related hashtag on Bluesky.   Anyone can easily add a post by using #photography All post labels and languages allowed.",at://did:plc:lcytlkvzs3wslcgbk7i3ygak/app.bsky.feed.generator/aaan6chthr2du
#Goblincore,2024-11-22T23:29:43.556Z,121,0,natureintheory.bsky.social,"#Goblincore! 🍄🌱🌿🐌🦋🪲🐸  Temporarily (until we get more gobs) includes: 🍄 #mushroom lichensubscribe #lichen #fungi #moss #vultureculture #insects #plants curiosities + open to suggestions  NO AI / NFTs  Icon art via ""Second Reading Book"" (1882), PD",at://did:plc:xwa7bqilcayrbrrsy33cxr2c/app.bsky.feed.generator/aaadvla34u3nk
#WX Watchers,2023-08-28T15:20:44.649Z,120,0,mxvoid.com,A custom feed for meteorology and weather watchers. This feed collects all skeets from the last week which include #wx[...] or #[2 letter abbreviation]wx.  This is not a substitute for local weather alerts! Please follow all warnings and instructions from your local weather service.,at://did:plc:xwoo7w5rf3cm3qyido5npkoc/app.bsky.feed.generator/aaad3phrs3wf6
Liverpool FC,2025-07-17T20:41:27.949Z,118,0,scouse-git.bsky.social,"A feed for everyone who follows and supports the World's greatest football club, Liverpool FC. A must for match days, or to avoid politics, cats, etc.  Use these hashtags to add your posts to the feed:  #Anfield #LFC #LiverpoolFC #MightyReds #RedSky #YNWA  Report clickbait posters & I'll remove 'em.",at://did:plc:zwcvyuffllm3vhufaeq7evv6/app.bsky.feed.generator/aaadomk2hws54
Digital Art,2025-07-28T23:44:30.108Z,118,0,bsky.art,"This dedicated feed spotlights the world of digital art, emphasizing software, techniques, and creative workflows.",at://did:plc:y7crv2yh74s7qhmtx3mvbgv5/app.bsky.feed.generator/digitalart
"Portland, ME",2025-01-24T03:10:18.551Z,117,0,theportlandhub.bsky.social,"The first itereation of what will eventually be multiple lists of everything Portland.  Includes local news, organizations, businesses, artists, and venues.",at://did:plc:reniiimdldaqvwowaaez4vsa/app.bsky.feed.generator/aaaiyesff7jhc
MilSky,2023-09-01T12:08:19.520Z,115,0,chrisgingram.bsky.social,"List of service members, veterans, and civilians that think and write on military issues.",at://did:plc:qq2gxg3gp6cewcohlthcuscy/app.bsky.feed.generator/aaafagmmyjwfc
Astro Instrumentation,2025-03-03T20:11:42.551Z,115,0,emily.space,A science-oriented feed about astronomical instrumentation! Part of the Astronomy feeds network. Astronomers can sign up to post here via @bot.astronomy.blue Contains posts from signed up users with #instrumentation. Posts here are also included in the main Astronomy feed.,at://did:plc:jcoy7v3a2t4rcfdh6i4kza25/app.bsky.feed.generator/instrumentation
compneurosky,2023-09-29T09:12:23.966Z,112,0,micahgallen.com,"Computational neuroscience posts on BlueSky! Add #compneuro, #compneurosky, 🧠🤖, or 🧠💻 to your post for it to appear in this feed.  Don't be an jerk. Posts must be about comp. neuroscience.  Run by @mgallen.bsky.social",at://did:plc:nylio5rpw7u3wtven3vcriam/app.bsky.feed.generator/aaamgqtv22gb4
🐾 New videos 🌙,2025-11-03T18:09:08.959Z,111,0,furryli.st,Furry Latest NSFW video posts by furries across Bluesky. Contains only NSFW content.  Join the furry feeds by following @furryli.st,at://did:plc:jdkvwye2lf4mingzk7qdebzc/app.bsky.feed.generator/video-new-nsfw
Piracy,2024-01-04T02:47:26.677Z,111,0,tentacle.expert,Private trackers and other forms of (computer) piracy. Add 💻🏴‍☠️ to your post to get included,at://did:plc:zvinwh7vy4tjegch2hxvopdd/app.bsky.feed.generator/piracy
WHC: Poster's Delight,2023-07-19T18:11:17.846Z,111,0,jcsalterego.bsky.social,"The original What's Hot experience, text-only.",at://did:plc:vc7f4oafdgxsihk4cry2xpze/app.bsky.feed.generator/whc-pd
PittSky,2025-01-24T00:05:38.350Z,111,0,jakei.bsky.social,"PittSky is a feed of photos of pitbulls (like, the dog breed, not Mr. Worldwide, although he sometimes shows up)",at://did:plc:vjyot2w7zeomrslomwpfxirl/app.bsky.feed.generator/aaajg76ybhekw
Twin Peaks,2023-08-04T09:38:13.064Z,110,0,davis.social,"Mentions of Twin Peaks, FWWM, Fire Walk With Me, Garmonbozia, Mister Jackpots, Mr Jackpots, Damn Fine Coffee, David Lynch (or just Lynch), Mark Frost, Laura Palmer, Black Lodge, Dale Cooper, Agent Cooper, 🍒 ☕, 🏔️🏔️",at://did:plc:2gx2noukxzwmj6dkxbmh3qt5/app.bsky.feed.generator/aaadiwriqpogg
Week Peak Feed,2023-05-26T18:58:23.745Z,109,0,skyfeed.xyz,Most popular posts from the last 7 days,at://did:plc:tenurhgjptubkk5zf5qhi3og/app.bsky.feed.generator/catch-up-weekly
Real NSFW Men & Masc,2025-08-26T20:55:21.914Z,108,0,realnsfw.social,"Verified NSFW creators/SWers/providers, men & masc Onlyfans, Fansly, JustForFans, IRL/FSSW, pro porn, etc  (list based, ask to be added. picks up all posts)",at://did:plc:db645kt5coo7teuoxdjhq34x/app.bsky.feed.generator/aaafe7535zwwk
Games News,2023-08-02T22:40:05.175Z,108,0,genrouthier.bsky.social,Video games news sites & journalists.  Please (at) me to be added.,at://did:plc:6trrqcvrpocdlgmvh6amf53v/app.bsky.feed.generator/aaaj4ozz6kii6
Radio Astronomy,2025-03-03T20:11:49.357Z,108,0,emily.space,A science-oriented feed about radio astronomy! Part of the Astronomy feeds network. Astronomers can sign up to post here via @bot.astronomy.blue Contains posts from signed up users with #radioastronomy or #radioastro. Posts here are also included in the main Astronomy feed.,at://did:plc:jcoy7v3a2t4rcfdh6i4kza25/app.bsky.feed.generator/radio
Book reviews,2025-01-01T17:21:29.648Z,107,0,whistberry.bsky.social,Feed of book reviews  Looks for #bookreview or the words book and review,at://did:plc:abv47bjgzjgoh3yrygwoi36x/app.bsky.feed.generator/aaaitdmsopbdo
🐾 New videos,2025-11-03T18:09:08.855Z,107,0,furryli.st,Furry Latest video posts by furries across Bluesky. Contains a mix of SFW and NSFW content.  Join the furry feeds by following @furryli.st,at://did:plc:jdkvwye2lf4mingzk7qdebzc/app.bsky.feed.generator/video-new
News and Journalists,2023-09-29T11:20:22.283Z,107,0,illumi.meme,News and Journalists feed,at://did:plc:oqbijttmayqui2xv3e2xwcdz/app.bsky.feed.generator/aaaarrsvum3lo
Trending NSFW,2025-09-14T23:57:07.707Z,106,0,realnsfw.social,All posts with adult labels from the entire network,at://did:plc:db645kt5coo7teuoxdjhq34x/app.bsky.feed.generator/allnsfw
BookSky Chat 💬 📚,2025-07-29T01:03:16.405Z,104,0,clarabelle.xyz,A feed for discussions of books ONLY! Leave the 20 Book Challenges and self promotion at the door. Use 💬📚 or #bookskychat to post to feed and read the pinned post for feed rules. More #booksky feeds 👉🏻 booksky.club/list,at://did:plc:geoqe3qls5mwezckxxsewys2/app.bsky.feed.generator/bookskychat
Liked by Follows (24h),2023-10-10T15:32:43.146Z,104,0,skyfeed.xyz,Posts liked in the last 24 hours by people you follow. Likes are worth less the more posts someone liked!,at://did:plc:tenurhgjptubkk5zf5qhi3og/app.bsky.feed.generator/follows-like-1d
Second-Hand Likes,2023-07-19T18:11:19.138Z,104,0,jcsalterego.bsky.social,Your most recent liked post's author's likes.,at://did:plc:vc7f4oafdgxsihk4cry2xpze/app.bsky.feed.generator/second-hand-lik
Anime & Manga EN 🔥,2025-07-12T12:56:06.241Z,104,0,anianimals.moe,Feed of Anime and Manga fandom Keywords in English.  Sorted using Hacker News Algorithm by engagement.,at://did:plc:tazrmeme4dzahimsykusrwrk/app.bsky.feed.generator/anime-en-hot
Urbanism+ Trending,2025-11-10T21:57:59.061Z,104,0,fema.monster,Urbanism+ posts resorted by popularity.,at://did:plc:lptjvw6ut224kwrj7ub3sqbe/app.bsky.feed.generator/aaab4ajynotjg
Genealogy🧬,2024-11-19T00:56:03.508Z,103,0,jakei.bsky.social,Genealogy posting and discussion.   Ping @jakei.bsky.social to be added to the list for your posts to show up.  sample keywords: genealogy | ancestry | lineage | 🧬 | 🌳 | Genealogical| gedcom | OneNameStudies| OnePlaceStudies|  Genealogical| genealogist(s) | familyhistory,at://did:plc:vjyot2w7zeomrslomwpfxirl/app.bsky.feed.generator/aaabtz476bnl2
AT Protocol Developers,2024-02-08T01:37:30.586Z,102,0,atproto.com,Conversation about building on Bluesky APIs and the AT Protocol. Keywords include #atproto and #atdev.,at://did:plc:ewvi7nxzyoun6zhxrhs64oiz/app.bsky.feed.generator/atproto-devs
notes for therapy ,2023-08-24T11:20:29.689Z,102,0,ennuidoofen.bsky.social,Ennui Doofen's Posts,at://did:plc:7bv2ca3yawj662o7qxd5xyt7/app.bsky.feed.generator/aaabi4esw755k
🐾 Literature,2025-11-03T18:09:04.758Z,102,0,furryli.st,"Furry A feed for talking about and showing off furry literature. Use #FurFic, #FurLit or #FurryWriting to include a post in the feed.   Join the furry feeds by following @furryli.st",at://did:plc:jdkvwye2lf4mingzk7qdebzc/app.bsky.feed.generator/literature
bangers,2023-08-06T22:31:33.389Z,102,0,jakei.bsky.social,"Most recent posts where someone replied just ""banger""",at://did:plc:vjyot2w7zeomrslomwpfxirl/app.bsky.feed.generator/aaabrxionzkyk
What's Hot,2024-02-10T21:11:25.598Z,102,0,jaz.sh,"A copy of the old What's Hot feed, maintained by jaz.bsky.social",at://did:plc:q6gjnaw2blty4crticxkmujt/app.bsky.feed.generator/whats-hot
Like Roulette,2023-07-19T18:11:18.823Z,101,0,jcsalterego.bsky.social,"From your recent likes, pick a random user, and show their likes.",at://did:plc:vc7f4oafdgxsihk4cry2xpze/app.bsky.feed.generator/like-roulette
Strictly Come Dancing,2023-09-30T18:13:41.684Z,101,0,lizgloyn.bsky.social,"This is a feed for people watching Strictly Come Dancing to chat about the show. Keywords are Strictly💃, #strictly, #scd and #strictlycomedancing.",at://did:plc:ujg53uyxq4qpeah6sw2abrvp/app.bsky.feed.generator/aaamgv73zbvdo
Creator Advice,2024-12-08T14:17:20.364Z,101,0,sweetbee.vip,Advice from whole network for creators on Bluesky 🦋  Mostly applicable to NSFW creators atm but may apply to others as well  use #creatoradvice to add your post,at://did:plc:lcytlkvzs3wslcgbk7i3ygak/app.bsky.feed.generator/aaaflqjaqsckw
Realtime VFX,2024-12-21T08:38:00.348Z,100,0,nielsdewitte.be,Feed for game vfx related posts! Opt in with #rtvfx Don't forget to pin it.,at://did:plc:dncb4exmt7adysozdty3nvld/app.bsky.feed.generator/aaakha4xbndqu
#busty #babes 👑,2025-12-21T20:40:09.129Z,100,0,missmeringue.love,"A curated list of busty creators that post original content and some other magic sprinkled in sorted by new.  #bigboobs #bigtits #mommymilkers",at://did:plc:2j4w2o4xmkbheromzo73r5sv/app.bsky.feed.generator/aaadx4s2tvfd2
Top (1h),2024-05-04T06:46:31.063Z,100,0,jaz.sh,The most popular posts in the last hour,at://did:plc:q6gjnaw2blty4crticxkmujt/app.bsky.feed.generator/top-1h
❤️,2023-07-19T18:11:17.018Z,100,0,jcsalterego.bsky.social,Your Likes. See more at https://goodfeeds.co/likes,at://did:plc:vc7f4oafdgxsihk4cry2xpze/app.bsky.feed.generator/likes-emoji
食べちゃった,2024-11-24T08:27:03.160Z,99,0,itokonn.bsky.social,「食べちゃった」「食べてしまった」食の誘惑に負けてしまったfeedです。 余分なカロリーは心の栄養,at://did:plc:qq4q5nsxhl4m7gmvnf7mdgek/app.bsky.feed.generator/aaaizvu4flri2
ATProto﹫,2025-08-26T23:30:39.804Z,99,0,mackuba.eu,"Feed with discussions, questions and updates about building on the AT Protocol on which the Bluesky network is based",at://did:plc:oio4hkxaop4ao4wz2pp3f4cr/app.bsky.feed.generator/atproto
Cel Blau,2024-02-14T18:29:47.164Z,99,0,ealmuina.xyz,Posts de Bluesky en català // Bluesky posts in Catalan,at://did:plc:qinqxdwwxgme6r4lgmkry5qu/app.bsky.feed.generator/catalan
Aesthetic✨Lewd & ArtNude,2025-07-28T23:27:53.204Z,99,0,sweetbee.vip,"Aesthetic lewds and artsy nudes.  (This is a list-based feed based on my personal taste, please do not ask to be added 🥹)  18+ NSFW MDNI  XXX version here: https://bsky.app/profile/did:plc:lcytlkvzs3wslcgbk7i3ygak/feed/aaai6pbftofh4",at://did:plc:lcytlkvzs3wslcgbk7i3ygak/app.bsky.feed.generator/aaaeztjxrk47q
Girl Butts,2025-08-26T20:55:34.314Z,97,0,realnsfw.social,"Must be followed by me, then use any #GirlButts or #Ass hashtag",at://did:plc:db645kt5coo7teuoxdjhq34x/app.bsky.feed.generator/aaaezjtf6mm24
My art only,2024-09-16T07:41:35.463Z,94,0,sanisky.bsky.social,A clean media tab with only my art (Contains NSFW),at://did:plc:hc52hga7d7x22j3baj6l4hz6/app.bsky.feed.generator/aaapnu76c76qe
#BB27 v2,2025-05-12T22:46:20.650Z,93,0,bbgossip.bsky.social,A feed for Big Brother 27 that shows any post in the last 7 days with the hashtag #BB27.  Replies and reposts NOT included. v2 as v1 was showing non-relevant posts that randomly had BB27 in text / urls.,at://did:plc:3ovfbpy4lnx4i43k4742rxfi/app.bsky.feed.generator/aaamnjbn7pay4
ラーメン部,2024-02-09T05:08:57.868Z,93,0,bskyramen.bsky.social,Blueskyラーメン部のフィードです。 @bskyramen.bsky.social 当アカウント宛のメンションか「ラーメン部」の単語を拾います。,at://did:plc:reepuktzeewwmhojcwvcdysb/app.bsky.feed.generator/aaanbpm4tsoqy
Lewds,2023-05-26T03:18:29.242Z,93,0,flicknow.xyz,All posts with lewd labels,at://did:plc:wzsilnxf24ehtmmc3gssy5bu/app.bsky.feed.generator/lewds
Femdom Verified ✅,2025-07-29T01:03:36.503Z,92,0,clarabelle.xyz,"All the kinky femdom posts from your favorite 18+ verified Dommes 🏆 more NSFW feeds 👉🏻 clarabelle.club/feeds  run by @clarabelle.xyz and tracking #femdom #mistress #goddess #domme #pegging #strapon #chastity #cei #flr #softdom & more!",at://did:plc:geoqe3qls5mwezckxxsewys2/app.bsky.feed.generator/aaaomytm4dw6y
📽️ Desi Watch - OG Feed 📽️,2025-10-21T08:05:01.557Z,92,0,lucidillusions.in,"An open feed to capture anyone discussing Movies, Shows and other media from the Subcontinent. Use DesiWatch for posts to appear on this feed.  Keyword pulled beyond just Bollywood | Tollywood | KollyWood | Mollywood | Lollywood.  (there's a second feed with vetted users)",at://did:plc:36h6ttx2g23zqr4accilbvo7/app.bsky.feed.generator/aaag467bvkcfg
Discover Portfolios!,2024-11-25T21:06:51.558Z,92,0,davis.social,A randomly sorted feed for portfolio day posts with fewer than 20 likes  *Limited to 7 days of history!*,at://did:plc:2gx2noukxzwmj6dkxbmh3qt5/app.bsky.feed.generator/aaaeoqu4nxc72
🇺🇦 #укррайт,2025-01-20T07:58:52.457Z,91,0,bsky.one,"Пости з тегами #укррайт, #укрфф, #укрфанфікшн від профілів з каталогу BSKY.ONE.  ⚠️⚠️⚠️ Якщо стрічка пуста, включіть українську в налаштуваннях в розділі Content languages.",at://did:plc:dvgliotey33vix3wlltybgkd/app.bsky.feed.generator/write
Evolution & behaviour,2025-02-14T14:55:29.149Z,90,0,drboothroyd.bsky.social,"Feed of any posts tagging EHBEA, HBES, BioAnth, EvPsych, CultEvo or mentioning cultural evolution or human behavioural/behavioral ecology. All posts from EHBEA and CES official accounts also shown // Made at BlueskyFeeds.com",at://did:plc:d3yuaylgclh2mjgxa55cnvkf/app.bsky.feed.generator/hum-behav-evo
🐾 FWA 2025,2025-11-03T18:08:59.662Z,90,0,furryli.st,"Furry A feed for all things FWA! Use #fwa, #fwa25, #fwa2025, or #furryweekend to include a post in the feed.  Join the furry feeds by following @furryli.st",at://did:plc:jdkvwye2lf4mingzk7qdebzc/app.bsky.feed.generator/con-fwa
Shibari,2025-08-26T20:57:01.809Z,90,0,realnsfw.social,anyone can use #shibari #kinbaku #RopePlay #RopeBondage etc to add any post,at://did:plc:db645kt5coo7teuoxdjhq34x/app.bsky.feed.generator/aaaaw26gu6rl6
Yellowjackets on Bluesky,2024-09-22T07:08:25.266Z,89,0,yellowjacketson.bsky.social,Showtime Yellowjackets posts.,at://did:plc:ufkjxjqmd34dzft2ojy2c525/app.bsky.feed.generator/aaakydqr456nc
#photography,2023-05-22T13:43:53.158Z,87,0,skyfeed.xyz,Posts with #photography from the whole network,at://did:plc:tenurhgjptubkk5zf5qhi3og/app.bsky.feed.generator/h-photography
Twerking,2025-08-26T20:54:42.105Z,87,0,realnsfw.social,"Posts containing #twerk #twerking etc (female & nb focused)  Must be followed by @realnsfw.social to post wrong tags = may be removed",at://did:plc:db645kt5coo7teuoxdjhq34x/app.bsky.feed.generator/aaapvdqdsik5c
Urbanism+ News ,2025-11-10T22:19:39.560Z,86,0,fema.monster,"Urbanism+ News! As of 2/6 this feed sorts by new, but this can be changed. Alternatively, two versions can be made. Feedback welcome: @fema.bsky.social",at://did:plc:lptjvw6ut224kwrj7ub3sqbe/app.bsky.feed.generator/aaapugyzmggrw
A Second [blank] Has...,2023-12-06T23:22:03.395Z,85,0,parkermolloy.com,"Every instance of someone doing the ""A second ____ has..."" meme.",at://did:plc:hf7ezrajxadu7v3tzcyij424/app.bsky.feed.generator/aaajmudshpqyq
Ontario Weather #ONstorm,2025-06-23T02:00:49.841Z,84,0,bergsbites.bsky.social,Your feed for weather in Ontario. Use #ONstorm or #ONwx (not case-sensitive) on your post to show in the feed. Note the feed will also show any posts with both 'Ontario' + 'tornado' or 'heat warning'.,at://did:plc:nkahctfdi6bxk72umytfwghw/app.bsky.feed.generator/aaai6oztq7xgm
FoodSky (trending),2025-07-29T01:02:28.806Z,84,0,clarabelle.xyz,"from the creator of What's Cooking comes a brand new #foodsky feed! tracking a bunch of food and cooking related hashtags, excluding content scrapers and NSFW.",at://did:plc:geoqe3qls5mwezckxxsewys2/app.bsky.feed.generator/wwe
水族館,2024-11-11T08:27:59.187Z,84,0,wangdora.jp,日本の水族館。(Japanese Aquarium) Since : 2023/07/22,at://did:plc:cgl62jlhroosxyjkaffidnon/app.bsky.feed.generator/aaah3xtlrj5gc
Everything Moo Deng,2024-10-19T21:24:42.370Z,84,0,numb.comfortab.ly,,at://did:plc:pmyqirafcp3jqdhrl7crpq7t/app.bsky.feed.generator/aaan25zdngvvi
WrestleTok Wrestling,2025-09-22T18:45:40.406Z,83,0,andy.wrestlejoy.com,"Wrestling video highlights and clips  Please tag posts with any of the 3 wrestling emojis, #prowrestling, #wrestlesky #LuchaLibre #aew, #wwe, #NJPW, #ROH, #WatchROH, #BritWres, #CMLL, #GCW, #TJPW, #ECW, #WCW, #AJPW, #DDT, #NOAH, #STARDOM",at://did:plc:5kk6tru4mdazgfmgyflvz3k2/app.bsky.feed.generator/wrestletok
NSFW Art,2025-07-28T23:27:58.606Z,83,0,sweetbee.vip,"personally curated feed of nsfw artists I like  work in progress ",at://did:plc:lcytlkvzs3wslcgbk7i3ygak/app.bsky.feed.generator/art-test
ClimateCrisis,2025-04-06T05:51:43.405Z,82,0,allyann.bsky.social,"Climate Crisis Feed  Finds the keywords ""climate change"", ""greenhouse gas"", ""global warming"", ""climate scientist(s)"", ""climate crisis"", ""climate emergency"", ""emissions"" and ""renewable(s)""  It also picks up the hashtags #ClimateChange and #ClimateCrisis, #GlobalBoiling and #ClimateAction",at://did:plc:3sn6bogankaicebzdb7liro3/app.bsky.feed.generator/aaaiknaxb62lk
Video Babes 🎥🔥,2025-07-29T01:02:32.607Z,82,0,clarabelle.xyz,All of the hottest video posts from the babes of bsky! 🔥 More NSFW feeds 👉🏻 clarabelle.club/feeds,at://did:plc:geoqe3qls5mwezckxxsewys2/app.bsky.feed.generator/videobabes
CanSky/OncoSky/Cancer BS,2024-11-17T20:36:11.351Z,82,0,rabbitholer.bsky.social,A feed for the cancer community reuniting here from Twitter.,at://did:plc:v336bgjhyj5suvc6ds5vkckg/app.bsky.feed.generator/aaaljdrgsyrri
Wishlist Wednesday,2025-07-29T00:14:18.607Z,81,0,trezy.codes,"Every Wednesday, game devs post their store pages! It supports the games you're excited about, so wishlist liberally!  Opt in with #WishlistWednesday. Opt out with #Private, #NoFeed, or #NoWishlistWednesday.  Discuss at trezy.studio/discord. Support the feed at ko-fi.com/trezycodes.",at://did:plc:4jrld6fwpnwqehtce56qshzv/app.bsky.feed.generator/wishlist-wed
UK Higher Education,2025-04-30T17:28:50.920Z,81,0,markrubin.bsky.social,"Tags = #UKHE #UCU  (If you like the feed, then please 💓 it!)",at://did:plc:4jb3re5tvklsvhuc3lkerj5q/app.bsky.feed.generator/aaal4f4zaxfcg
Workout Sky,2025-11-14T21:52:05.966Z,81,0,cyaneyed.lol,"A feed for workout enthusiasts. Post racetimes, routines, pr's, weight lifting, whatever you would like  BlueskyFeedCreator.com Donate: https://blueskyfeedcreator.com/p/cyaneyed.lol/aaaa6xhuj2leu#donate",at://did:plc:nmm26ltnxjx4oskwzdue4xvq/app.bsky.feed.generator/aaaa6xhuj2leu
Sourdough,2024-02-14T22:47:29.906Z,81,0,sweetbee.vip,Everything sourdough bread,at://did:plc:lcytlkvzs3wslcgbk7i3ygak/app.bsky.feed.generator/aaaebfoteuqlc
Top posts on Bluesky,2025-04-14T14:26:13.178Z,80,0,bluefacts.app,Most popular posts on Bluesky over the last 24 hours. Updated hourly.    https://bluefacts.app/top-posts    Don't forget to ❤️ this feed!,at://did:plc:j3qij7oqe6gie2x56gk5s6tx/app.bsky.feed.generator/top-posts
Lego,2025-06-14T09:29:47.344Z,80,0,jakei.bsky.social,Lego feed,at://did:plc:vjyot2w7zeomrslomwpfxirl/app.bsky.feed.generator/aaad27jcu2d7c
大喜利,2024-03-20T15:38:20.038Z,80,0,ogiri.bsky.social,フォローの垣根を超えた大喜利の輪を作りたい。 このフィードをピン留めしておくだけで、気軽かつ簡単に大喜利に参加できます。  このフィードの掲載期間は24時間です。,at://did:plc:jogepkwvfkr73f7qfjqdxjxv/app.bsky.feed.generator/aaajh66iktois
Astronomy Education,2025-03-03T20:11:54.663Z,80,0,emily.space,A feed about astronomy education! Part of the Astronomy feeds network. Astronomers can sign up to post here via @bot.astronomy.blue Contains posts from signed up users with #astroeducation or #astroedu. Posts here are also included in the main Astronomy feed.,at://did:plc:jcoy7v3a2t4rcfdh6i4kza25/app.bsky.feed.generator/education
Greensky climate posts,2025-12-10T17:53:40.336Z,80,0,davidsacerdote.bsky.social,The Greensky feed filtered for the following climate-related keywords: https://pastebin.com/SXp6evm9 & ranked for recent popularity.  Pin and like this feed to make it easily available to you and others.,at://did:plc:o4s55v3tsfph6whswxccpsia/app.bsky.feed.generator/aaao774sll3nq
History of Astronomy,2025-03-03T20:11:56.372Z,78,0,emily.space,A feed about the history of astronomy and astrophysics! Part of the Astronomy feeds network. Astronomers can sign up to post here via @bot.astronomy.blue Contains posts from signed up users with #astrohistory or #historyofastronomy. Posts here are also included in the main Astronomy feed.,at://did:plc:jcoy7v3a2t4rcfdh6i4kza25/app.bsky.feed.generator/history
Miupix Art,2023-08-29T17:37:26.804Z,78,0,miupix.bsky.social,This feed collects all the art I post on Bluesky!,at://did:plc:cgazwvrleox56imz53fjzaou/app.bsky.feed.generator/aaaegup4nvnzw
📘,2025-01-20T07:58:52.448Z,77,0,bsky.one,Шануймося!,at://did:plc:dvgliotey33vix3wlltybgkd/app.bsky.feed.generator/bluebook
Oops All Rem,2023-06-27T14:48:47.000Z,76,0,retr0.id,all the rem posts,at://did:plc:vwzwgnygau7ed7b7wt5ux7y2/app.bsky.feed.generator/onlyrem
BurdSkies,2023-09-10T13:43:21.115Z,75,0,burds.bsky.social,Are you a bird? Do you like birds? Join this feed full of wonderful avian antics and feathery friends! Always be beeping!,at://did:plc:kwwa4ptbgbzihz7sx2nureas/app.bsky.feed.generator/aaagshmaeqi7y
Top (24h),2024-05-04T06:46:31.829Z,75,0,jaz.sh,The most popular posts in the last day,at://did:plc:q6gjnaw2blty4crticxkmujt/app.bsky.feed.generator/top-24h
Skyhub SWOC,2023-11-08T02:53:20.838Z,75,0,skyhub.bsky.social,Featured list of sex workers of color on bsky,at://did:plc:kogkquurpi7vd6ck2tndcoog/app.bsky.feed.generator/swoc
Social Work,2024-12-02T22:24:00.756Z,75,0,jakei.bsky.social,"A feed for social workers and related topics.  Put #SocialWork in your post to get in for sure, also scanning for other terms, tag @jakei.bsky.social to add more terms to the filters.",at://did:plc:vjyot2w7zeomrslomwpfxirl/app.bsky.feed.generator/aaaexqaoia3lc
What's REALLY Hot 🌶️ 💯🏆,2024-11-20T18:31:30.381Z,75,0,clarabelle.xyz,What's Hot Classic but make it 1000!,at://did:plc:geoqe3qls5mwezckxxsewys2/app.bsky.feed.generator/aaacyrnjk4gkq
Davis' Art,2024-12-23T21:56:46.957Z,75,0,davis.social,"My art! Sketches, illustrations, and everything in between 🙂",at://did:plc:2gx2noukxzwmj6dkxbmh3qt5/app.bsky.feed.generator/aaabpqcklbun6
Art: Tutorial Vids,2025-07-29T00:27:50.304Z,75,0,wanderlingworld.bsky.social,"Feed of art tutorial videos! Filters out AI/NFT keywords. Use #arttutorial on a video post  BlueskyFeedCreator.com",at://did:plc:odqmsar3ikz5ubokya4sempk/app.bsky.feed.generator/arttutorialvids
NSFW Video Feed List 😈,2025-04-28T15:47:19.782Z,74,0,clarabelle.xyz,A super sexy directory of ALL the hottest video-only feeds featuring NSFW content and verified adult content creators! 😍 Organized by @clarabelle.xyz and pulling from lists run by @realnsfw.social & @realgirls.blue.,at://did:plc:geoqe3qls5mwezckxxsewys2/app.bsky.feed.generator/aaaikue2jjo7o
School Librarians,2023-07-20T11:59:34.940Z,74,0,davidbfox.com,"School Librarian feed, includes searches for: schoollibrarian schoollibrary School Library Journal LMTS AASL",at://did:plc:tcvhfoahhoc73kzikoabmevt/app.bsky.feed.generator/aaahjgtfuf6z4
#Housing+,2025-11-10T23:30:42.261Z,73,0,fema.monster,"#Housing+ is a place that includes many aspects of housing--tenant rights, YIMBY, zoning, rent control, gentrification, and the unhoused. There are a lot of schools of thought on the housing crisis and H+ intends to highlight all of them.",at://did:plc:lptjvw6ut224kwrj7ub3sqbe/app.bsky.feed.generator/aaaaucjrfatjs
Zeru Urdina,2024-02-20T19:12:14.207Z,73,0,ealmuina.xyz,Bluesky argitalpenak euskaraz // Bluesky posts in Basque,at://did:plc:qinqxdwwxgme6r4lgmkry5qu/app.bsky.feed.generator/basque
AEWTok Wrestling,2025-09-22T18:46:11.308Z,72,0,andy.wrestlejoy.com,Video highlights and clips from AEW  A curated stream of AEW video posts featuring recent discussions from the AEW community,at://did:plc:5kk6tru4mdazgfmgyflvz3k2/app.bsky.feed.generator/aewtok
Big Brother 25 ,2023-06-02T03:58:28.428Z,72,0,bbgossip.bsky.social,Posts containing #BB25 or BB25,at://did:plc:3ovfbpy4lnx4i43k4742rxfi/app.bsky.feed.generator/big-brother-25
レシピリンク,2025-12-28T23:39:07.029Z,72,0,itokonn.bsky.social,リンクつきの「レシピ」postを集めたfeedです。ご飯の参考に。,at://did:plc:qq4q5nsxhl4m7gmvnf7mdgek/app.bsky.feed.generator/aaadanxhrob4y
DachshundSky,2023-11-02T21:39:26.385Z,72,0,jakei.bsky.social,"DachshundSky is a feed of just photos that have ""dachshund"" in the alt text so it should only be dog pics of this breed but contact @jakei.bsky.social for updates.",at://did:plc:vjyot2w7zeomrslomwpfxirl/app.bsky.feed.generator/aaajg6h4uoeia
Jilling,2025-08-26T20:54:57.215Z,71,0,realnsfw.social,"aka, girls masturbating  To join: 1 - link in bio to be added to RealGirls list 2 - use any of these on any post: #jilling #masturbate #masturbation #femalebater #pussyplay #fingering",at://did:plc:db645kt5coo7teuoxdjhq34x/app.bsky.feed.generator/aaaexlylrkrkk
GoneWild Video,2025-07-29T14:41:55.905Z,71,0,gonewild.social,"Video posts from the GoneWild feed - with adult labels, or tagged #GoneWild  (Creators - link in @realnsfw.social bio to join)",at://did:plc:i5t7odtmmv7gtawckadaf6v4/app.bsky.feed.generator/gwvid
Beave Skeets ,2024-05-04T04:59:37.913Z,71,0,beaveinflow.bsky.social,Beave skeets in order,at://did:plc:kvec6rzfk4af2gjfiu33ccf2/app.bsky.feed.generator/aaaed5pb5i4jg
Philadelphia 76ers,2025-09-05T12:53:45.904Z,71,0,bugtype.bsky.social,"Feed for fans of the Philadelphia 76ers NBA team. Captures gameday talk, news, and posts containing hashtags like #Sixers and #76ers",at://did:plc:pis3ks5avm6t3t7mijhqlpnt/app.bsky.feed.generator/aaabv7nc3ojas
Trade Policy,2025-08-10T12:14:38.003Z,70,0,simonlester.com,"This feed is based on all posts/skeets using certain terms (e.g. free trade) from people/organizations on this list: https://bsky.app/profile/simonlester.com/lists/3kdkmmusd4d2r. As more people/organizations join Bluesky, I'll add to the list. Please get in touch if you want to be added.",at://did:plc:xqzu2eazvxb5fohoc4nap33y/app.bsky.feed.generator/aaab5ctu4u4fc
#tittydrop,2025-09-23T09:22:49.501Z,70,0,missmeringue.love,"tittydrops and reveals  #tittydrop",at://did:plc:2j4w2o4xmkbheromzo73r5sv/app.bsky.feed.generator/tittydrop
Animal & Wildlife Art 🐅,2023-09-23T12:59:00.155Z,69,0,handle.invalid,Animal Art & Wildlife Art & Artists (Not specifically furry/anthropomorphic)  Feed grabs from an abuncance of tags & words in posts & alt text. To make sure your art is shared here add #animalart to your post.  Please tap the heart ❤️ when following to boost this feed so more can find it!,at://did:plc:lelg6d2guxp3nvcnx7d52ejt/app.bsky.feed.generator/aaaibj54i6zn6
zmeess art,2024-04-30T14:58:34.120Z,69,0,zmeess.bsky.social,all of my art here on bsky!,at://did:plc:atuomzswmhmjxtehpnxdqzgz/app.bsky.feed.generator/aaacet7nyoiu4
PNG VTubers,2025-07-27T08:39:44.802Z,69,0,aiyoku.xyz,An exclusive feed for active PNGTubers here on Bluesky. Use the #PNGTuber tag to appear in the results.  BlueskyFeedCreator.com,at://did:plc:kjnet2viyumgkqtjnzo6y4pz/app.bsky.feed.generator/aaahr6wvpawou
#busty #babes videos,2025-09-25T01:35:12.350Z,68,0,missmeringue.love,"A curated list of busty creators and some other magic sprinkled in.   #bigtits #bigboobs #mommymilkers",at://did:plc:2j4w2o4xmkbheromzo73r5sv/app.bsky.feed.generator/aaalpxz2x3sna
hrt,2025-05-09T23:07:00.355Z,68,0,horseracetests.bsky.social,posts in the horse race tests fandom #horseracetests,at://did:plc:7xbyfvjudtr6nupm3ndr2ubz/app.bsky.feed.generator/aaaf2n6qw6emg
#iTeachChem 🥽,2024-11-28T11:38:32.565Z,67,0,afreeparticle.com,Chemistry Education Feed  Anything tagged with #chemEd #iTeachChem.  Follow @afreeparticleemoji.bsky.social and you can post with 🥽,at://did:plc:l72uci4styb4jucsgcrrj5ap/app.bsky.feed.generator/aaaeecuhn6eic
Art Feeds Updates,2025-07-29T00:27:38.203Z,67,0,wanderlingworld.bsky.social,A quick way to find the lastest updates on the Art Feed Collection.,at://did:plc:odqmsar3ikz5ubokya4sempk/app.bsky.feed.generator/aaaavi7xvubso
What's Warm,2023-05-22T13:53:19.996Z,66,0,skyfeed.xyz,Trending content from the whole network with more noise,at://did:plc:tenurhgjptubkk5zf5qhi3og/app.bsky.feed.generator/whats-warm
Daily NSFW,2025-09-21T06:12:19.506Z,66,0,missmeringue.love,"NSFW Daily Threads  includes: monday: massive mammary,  masturbation, milf, mombod; tuesday: titty; wednesday: wagon; thursday: thigh; friday: fishnet, flash, foot fetish; saturday: sexy;  sunday: sinful;  -dm me if I am missing your favorites!",at://did:plc:2j4w2o4xmkbheromzo73r5sv/app.bsky.feed.generator/aaaea2jrwcblc
Animorphs,2023-10-17T14:58:36.435Z,65,0,jakei.bsky.social,"Animorphs feed - all posts/replies with a variety of terms from the Animorphs world.  Ping @jakei.bsky.social for any issues, I don't check this feed regularly.",at://did:plc:vjyot2w7zeomrslomwpfxirl/app.bsky.feed.generator/aaaininziboi6
Nutrition,2024-11-15T07:29:02.245Z,65,0,lumipie.com,A feed about nutrition science. This serves as a friendly place to discuss scientific evidence about human nutrition and metabolism. Posts should include a link or reference number to the study of interest. Tag posts with 🍎📃 or 🥪📃 or #NutSky,at://did:plc:hr3l7o7uqw6detpw7os4ykmx/app.bsky.feed.generator/aaapieyfqxddu
Philosophy Jobs,2025-09-22T07:36:45.503Z,65,0,keithwilson.eu,"Job advertisements for academic philosophers. To include a post in this feed, add one of the #PhilJob[s] or #PhilosophyJob[s] hashtags, and/or post a link to the PhilJobs.org listing page. Ads may also be tagged manually by replying or reposting with one of the above hashtags.",at://did:plc:3bybp6nqszlhuan2ch2cmv66/app.bsky.feed.generator/jobs
BBQmunity,2024-06-29T01:04:06.333Z,65,0,thisgrilllife.bsky.social,BBQmunity Is A Place For People That Love Grilling And Great Food To Join This Feed Use #BBQmunity On Your Post,at://did:plc:ayq2lrdwezlol5je4ykjkmqe/app.bsky.feed.generator/aaafz43kl4xv4
BookSky Genre Aggregator,2025-10-12T23:32:49.778Z,64,0,clarabelle.xyz,Multi-genre #BookSky aggregator feed with ads removed! An exclusive for our Patreon supporters who keep BookSky running - thank you. 📚 More #BookSky feeds 👉🏻 booksky.club,at://did:plc:geoqe3qls5mwezckxxsewys2/app.bsky.feed.generator/booksky-genre-t
RealNSFW Top Weekly,2025-09-15T00:23:30.008Z,64,0,realnsfw.social,NSFW - 18+ - MDNI  Top 50 most liked posts from the Real NSFW feed over the past 7 days,at://did:plc:db645kt5coo7teuoxdjhq34x/app.bsky.feed.generator/aaaplqhsuoiyw
"Trains, Trolleys!🚂",2025-06-12T17:22:16.852Z,64,0,radobrien.myatproto.social,A train feed for all your train needs! looks for any of the following terms in posts or alt text: train|conductor|caboose|🚂|🚆|🚄|🚅|🚉|🚇,at://did:plc:kpmeqsgi52jt2vz2ttaj43nq/app.bsky.feed.generator/aaahjlsiybltw
top #skybusty,2025-10-03T01:18:51.250Z,64,0,missmeringue.love,"Big boobs! Generated from curated lists of busty creators and some titty magic.   Add 🦋🍒 or #skybusty to add yourself to the feed.   Some included search terms:  #bigboobs #bigtits #mommymilkers #hugeboobs #boobs #tits",at://did:plc:2j4w2o4xmkbheromzo73r5sv/app.bsky.feed.generator/aaafozjbtej7q
📊 Data & Viz,2023-12-01T21:53:45.941Z,64,0,aendra.com,Data visualisation and charts. Include the 📊 emoji in your post text to be included (must have an image or external link with thumbnail). Maintained by @aendra.com.,at://did:plc:kkf4naxqmweop7dv4l2iqqf5/app.bsky.feed.generator/data
Steven Universe,2024-11-29T00:14:38.258Z,63,0,fenarinarsa.com,Posts about Steven Universe in the last 7 days  + posts selected by @pumpkin-su.bsky.social,at://did:plc:fb3iwxg23jziddgbtsixx3zu/app.bsky.feed.generator/aaaho2t32h5u2
IttyBittyTittyCommittee,2025-08-26T20:56:59.011Z,63,0,realnsfw.social,"Your favorite girls in the Itty Bitty Titty Committee  (Creators/sellers - link in bio to request to use feed, this feed is built from my RealGirls list. Once added, use any of these hashtags: #IBTC #IttyBittyTittyCommittee #smallBoobs #smallTits #tinyTits etc)",at://did:plc:db645kt5coo7teuoxdjhq34x/app.bsky.feed.generator/aaapcg54sewv2
#cybersecurity,2023-05-22T13:44:35.437Z,63,0,skyfeed.xyz,Posts with #cybersecurity from the whole network,at://did:plc:tenurhgjptubkk5zf5qhi3og/app.bsky.feed.generator/h-cybersecurity
mostpop,2023-05-24T13:51:24.113Z,63,0,why.bsky.team,most liked post every ten minutes,at://did:plc:vpkhqolt662uhesyj6nxm7ys/app.bsky.feed.generator/mostpop
She X On My Y,2024-04-26T13:43:47.183Z,62,0,retr0.id,she x on my y til i z,at://did:plc:vwzwgnygau7ed7b7wt5ux7y2/app.bsky.feed.generator/aaaozvy37y5lm
#BB25,2023-08-01T09:32:21.288Z,62,0,bbgossip.bsky.social,A much more inclusive BB25 feed.  Should show any post with BB25 (or #BB25) in it in the last 7 days.  Replies NOT included.,at://did:plc:3ovfbpy4lnx4i43k4742rxfi/app.bsky.feed.generator/aaajke447o2kw
Aotearoa / New Zealand,2024-12-20T00:21:20.060Z,62,0,oracularhades.com,"A feed trying to better represent Aotearoa / New Zealand on Bluesky. To be added to this feed, DM https://bsky.app/profile/oracularhades.com . To post a keyword without appearing in this feed, please add ""#silent"" to your post.   Info: https://bsky.app/profile/oracularhades.com/post/3lbnvoariik2g",at://did:plc:wtdzzfgzjpirnk5wvpjutqoy/app.bsky.feed.generator/aaalback5hldm
Natural Tits,2025-10-22T17:08:58.462Z,61,0,realnsfw.social,"Natural boobies, posted by real people :3  (to be featured - link in bio, then use any #naturalTits or #naturalBoobs type hashtag)",at://did:plc:db645kt5coo7teuoxdjhq34x/app.bsky.feed.generator/aaaniuoeievls
Miraculous,2025-01-13T21:53:30.261Z,61,0,fenarinarsa.com,"Content related to MIRACULOUS Ladybug. Looks for ""Miraculous Ladybug"", canon ships and various hashtags and adds selected content by @markov-mlb.bsky.social  - NSFW might slip in. Check your Moderation settings. - Disable your language filter to see all content.",at://did:plc:fb3iwxg23jziddgbtsixx3zu/app.bsky.feed.generator/aaaa6icd4edmq
Ass,2025-08-26T20:58:18.305Z,61,0,realnsfw.social,"Ass. Butt. Booty. All from the hottest babes ~  To be featured: 1. mutuals with @realnsfw.social (babesky.com/request to request) 2. use #ass on relevant posts ",at://did:plc:db645kt5coo7teuoxdjhq34x/app.bsky.feed.generator/aaamrwsvkaxtw
Popular Psychology Posts,2025-04-30T17:28:17.384Z,61,0,markrubin.bsky.social,"Posts from the #PsychSciSky, #SocialPsyc, #CogPsyc, #DevPsyc, #IOPsych, #AppliedPsych, #ClinPsy, PoliPsy, #SchoolPsychology etc. feeds, from the last 24 hours, with > 2 likes, sorted in descending order of number of likes.",at://did:plc:4jb3re5tvklsvhuc3lkerj5q/app.bsky.feed.generator/aaacaw3fpb7ea
#BB27,2024-11-19T06:20:12.723Z,61,0,bbgossip.bsky.social,A feed for Big Brother 27 that shows any post in the last 7 days with BB27 (or #BB27).  Replies and reposts NOT included.,at://did:plc:3ovfbpy4lnx4i43k4742rxfi/app.bsky.feed.generator/aaaef62avpyxg
Ajax,2024-11-29T21:37:26.353Z,60,0,simplytom.bsky.social,"De originele Ajax-feed, waar gecureerde Ajax-accounts en populaire posts van alle andere Ajacieden samenkomen. Meer info: https://t.ly/xOfYa",at://did:plc:gtkdyrkxncmr2qaq4lwtdrbd/app.bsky.feed.generator/ajax
祭り,2025-12-21T08:18:46.232Z,60,0,gohanclub.bsky.social,"お祭り会場はこちらです！ いつものキーワード「青空ごはん部」「@gohanclub.bsky.social」「GohanClub」に加えて、是非 #年末年始祭り ハッシュタグを付けてください。  This is a festival event feed! Please put #Goodbye2025Hello2026Fes in your post with any of the keywords: 青空ごはん部, GohanClub, or @gohanclub.bsky.social.",at://did:plc:e2gj6s2ljmyen7msreqed536/app.bsky.feed.generator/aaal3xye6xt46
My Stuff,2023-08-25T07:38:21.238Z,60,0,theciscokidder.bsky.social,My Posts,at://did:plc:lp6wfrs3wtfklh6nfr6ksefh/app.bsky.feed.generator/aaaczmcypwicq
ALLTOBER 🎃,2024-10-03T14:46:53.120Z,60,0,davis.social,"October has A LOT of prompt challenges. So you don't have to keep track of a dozen feeds, this feed includes all of them!",at://did:plc:2gx2noukxzwmj6dkxbmh3qt5/app.bsky.feed.generator/aaaim3jdgtyvu
MILF,2025-07-29T01:01:04.003Z,60,0,realmilfs.love,"Got MILF? Real moms all day, every day. 💦  Ran by @realmilfs.love SW owned Tracking #MILF #realmilf #realmilfs #mombod #milfmonday #gotMILF",at://did:plc:x2whmtldm45y65l6gpav5lfz/app.bsky.feed.generator/milfs
#opensource,2023-05-22T13:44:25.902Z,60,0,skyfeed.xyz,Posts with #opensource from the whole network,at://did:plc:tenurhgjptubkk5zf5qhi3og/app.bsky.feed.generator/h-opensource
外食班,2024-11-12T14:15:13.512Z,60,0,gohanclub.bsky.social,【試験運用中】 青空ごはん部フィードに掲載されたポストの中から、外食に関連していそうなものをピックアップしてみました！,at://did:plc:e2gj6s2ljmyen7msreqed536/app.bsky.feed.generator/aaamop4xz7d3o
Philosophy of Mind,2025-08-02T08:00:25.208Z,59,0,keithwilson.eu,"A feed for academic Philosophy of Mind on Bluesky. Tag posts with #PhilMind, #PhilAction, #PhilAttention, #PhilCognition, #PhilConsciousness, #PhilEmotion, #PhilMemory, or #PhilPerception to include them in this feed. (Hashtags are case-insensitive; excludes posts on self-help or the occult.)",at://did:plc:3bybp6nqszlhuan2ch2cmv66/app.bsky.feed.generator/mind
"Professor Kiosk, Esq.",2024-11-25T09:02:10.660Z,59,0,professorkiosk.wtf,"My skeets, my posts, whatever you want to call them, here they are",at://did:plc:plpviiolyyfxmopm6cqloy2b/app.bsky.feed.generator/aaaixp73zpsx6
Recipes,2025-12-27T04:48:01.330Z,59,0,allyann.bsky.social,Recipe Feed  Picks up the term #recipe or recipe. Will also pick up the term recipe from links shared.,at://did:plc:3sn6bogankaicebzdb7liro3/app.bsky.feed.generator/aaan4epmzskbs
Mechanical Keyboards,2024-12-05T23:43:06.848Z,59,0,gadgetoid.com,"A curated feed for mechanical keyboards!  Use tags #MechanicalKeyboards or #MechKB to get here. Also slurps up some popular, unambiguous brand names and key words.  Contact @gadgetoid.com if you see inappropriate or wildly off-topic content, or if you do not want to appear in this feed!",at://did:plc:pmwj4rtm2osjxcaluhktsp2r/app.bsky.feed.generator/mechkeebs
Kit Feed,2025-08-26T23:31:29.002Z,59,0,mackuba.eu,Photos of Paul's lovely cat Kit 🐱,at://did:plc:oio4hkxaop4ao4wz2pp3f4cr/app.bsky.feed.generator/kit
ブルスコ知恵袋,2023-09-17T21:57:00.237Z,59,0,itokonn.bsky.social,ブルスコ知恵袋は「教えて下さい」を集めたfeedです。質問に対して知識のある人は気軽に声かけしてみるのも悪くないかもです。,at://did:plc:qq4q5nsxhl4m7gmvnf7mdgek/app.bsky.feed.generator/aaaot2a7x5hew
Gone Mild,2025-10-22T01:16:11.861Z,59,0,realnsfw.social,"Lewd, not nude.  (SWers - link in bio to request to be added, then use #GoneMild or #GirlsGoneMild on any post)  main feed: https://bsky.app/profile/did:plc:db645kt5coo7teuoxdjhq34x/feed/aaamkr6xjlwb2",at://did:plc:db645kt5coo7teuoxdjhq34x/app.bsky.feed.generator/aaaexbtkgmkh6
#IchBinHanna,2023-09-06T19:55:02.501Z,59,0,drkeichhorn.bsky.social,"Seit dem 10. Juni 2021 gibt es die Initiative #IchBinHanna zu prekärer Arbeit in der Wissenschaft, initiiert von Amrei Bahr, Kristin Eichhorn und Sebastian Kubon. https://ichbinhanna.wordpress.com/ Feed folgt dem Hashtag #IchBinHanna.",at://did:plc:l4lyvq6o3i5p3o373fvq2ebw/app.bsky.feed.generator/aaafwjxc5uvyo
🐾 MFF 2025,2025-11-03T18:09:01.460Z,59,0,furryli.st,"Furry A feed for all things MFF! Use #furfest, #mff, #mff25, or #mff2025 to include a post in the feed.  Join the furry feeds by following @furryli.st",at://did:plc:jdkvwye2lf4mingzk7qdebzc/app.bsky.feed.generator/con-mff
Thigh Highs,2025-08-26T20:54:35.809Z,58,0,realnsfw.social,"posts with thigh high socks from the last 7 days  #thighhighs #kneehighs #stayups  Must be followed by @realnsfw.social to post  Main feed: https://bsky.app/profile/did:plc:db645kt5coo7teuoxdjhq34x/feed/aaamkr6xjlwb2",at://did:plc:db645kt5coo7teuoxdjhq34x/app.bsky.feed.generator/aaaexvgfxiulo
My posts ,2023-09-23T19:34:44.534Z,58,0,patnspankme.bsky.social,,at://did:plc:4ihvabuqcsko4cqj2qlvrqux/app.bsky.feed.generator/aaamjf4l67s3s
Microbio/marine papers,2023-08-28T06:22:32.973Z,58,0,jcamthrash.bsky.social,Microbiology and marine science papers,at://did:plc:3pnsotboyfxyljxjjuyrliev/app.bsky.feed.generator/aaab4yfkvddjg
Cook Bake Eat,2025-01-11T05:31:37.945Z,58,0,allyann.bsky.social,"Cooking, Baking and Eating: All things food  Searches for 🧁, 🍽️, 🍜, 🥖, #cooking, #baking and #recipe and links with ""recipe"" in it.",at://did:plc:3sn6bogankaicebzdb7liro3/app.bsky.feed.generator/aaagywsfsc6e6
 Black-Owned Businesses,2025-01-31T13:08:10.351Z,57,0,blackdollarnetwork.bsky.social,"Highlighting and Patronizing Black-owned Businesses for the purpose of building stronger businesses, families, and ultimately communities.",at://did:plc:672exz4szsnkag5u4ts7i475/app.bsky.feed.generator/aaaduqr5cemi4
ubanisの絵,2025-07-19T14:15:05.656Z,57,0,ubanis.com,ubanisがBlueskyにポストした絵のまとめです,at://did:plc:lmftezsq52hi53taz762s7pc/app.bsky.feed.generator/aaalx2yzi3h5u
again with this shit,2023-12-14T13:26:37.020Z,57,0,nahyoudoit.bsky.social,again with this shit,at://did:plc:gyuvrzxt4plzvqybm7wx3ruj/app.bsky.feed.generator/aaamud5ttv42u
my scooby art!,2024-11-19T03:46:50.913Z,57,0,office-anomaly.bsky.social,all of my scooby art in one place :D,at://did:plc:qvm5tkarb3mg6eztyh76s6ps/app.bsky.feed.generator/aaaeefi4oh4le
Maya's media,2023-07-06T01:36:57.506Z,57,0,bonuseruptus.bsky.social,Media for @maplesoaked.bsky.social,at://did:plc:5fmou4emwcgbhslcnm6vdieu/app.bsky.feed.generator/aaact2pjamoou
Banger Skeets,2023-06-24T12:40:12.000Z,57,0,retr0.id,"Certified bangers only. Reply to any post with ""banger skeet"" to include it.",at://did:plc:vwzwgnygau7ed7b7wt5ux7y2/app.bsky.feed.generator/bangers
Fantasy Girls,2025-08-26T20:55:39.614Z,57,0,realnsfw.social,To join: 1 - be followed by @blueskybaddies.bsky.social (just ask) 2- use: #Angel(s) #Devil(s) #Demon(s) #Horns #Elf(x) #Fae #Fairy/ies #Nymph #FantasyGirl(s) #Goblin(s) #Monstergirl #Succubus #Vampire(s) #Fangs  Main feed: https://bsky.app/profile/did:plc:db645kt5coo7teuoxdjhq34x/feed/aaamkr6xjlwb2,at://did:plc:db645kt5coo7teuoxdjhq34x/app.bsky.feed.generator/aaajf5gayzjgu
#iTeachBio 🧬,2024-11-28T11:41:22.752Z,56,0,afreeparticle.com,For Biology education.  Anyone can post with #iTeachBio  Post with 🧬 emoji if you follow: @afreeparticleemoji.bsky.social,at://did:plc:l72uci4styb4jucsgcrrj5ap/app.bsky.feed.generator/aaajz7nwzubec
WrestleSky Wrestling Top,2025-09-22T18:44:08.407Z,56,0,andy.wrestlejoy.com,"Posts about pro wrestling  Please tag posts with any of the 3 wrestling emojis, #prowrestling, #wrestlesky, #LuchaLibre #aew, #wwe, #NJPW, #ROH, #WatchROH, #BritWres, #CMLL, #GCW, #TJPW, #ECW, #WCW, #AJPW, #DDT, #NOAH, #STARDOM",at://did:plc:5kk6tru4mdazgfmgyflvz3k2/app.bsky.feed.generator/top-wrestlesky
ARMORED CORE,2023-08-30T13:17:32.489Z,56,0,matope.bsky.social,\bAC6\b|\bARMORED CORE\b|アーマード・+コア,at://did:plc:kzxl37blybhp7kvn2clme7j2/app.bsky.feed.generator/aaaahrojwcpjg
Bee’s Babes,2025-09-15T00:46:12.003Z,55,0,realnsfw.social,Verified content creators/sex workers - mutuals with @sweetbee.vip and @realnsfw.social,at://did:plc:db645kt5coo7teuoxdjhq34x/app.bsky.feed.generator/beesbabes
Bluesky Cuba,2024-11-19T04:59:46.025Z,55,0,blueskycuba.bsky.social,Feed de usuarios cubanos en Bluesky y posts relacionados con Cuba,at://did:plc:bv57e2bhzrr6c43g5brslaxj/app.bsky.feed.generator/aaakvlfo4uolo
BoobSky 🍒 vids!,2025-07-29T01:03:19.007Z,55,0,clarabelle.xyz,Finally a video only feed of BOOBS! more NSFW feeds 👉🏻 clarabelle.club/feeds,at://did:plc:geoqe3qls5mwezckxxsewys2/app.bsky.feed.generator/boobvids
She-Ra,2025-05-08T19:21:16.853Z,55,0,fenarinarsa.com,"Posts about She-Ra and the Princesses of Power.  Looks for keywords Like ""She-Ra"", #spop #catradora etc. / Adds content selected by @doubletrouble-spop.bsky.social / Does not exclude NSFW  Disable your language filter to see all content!",at://did:plc:fb3iwxg23jziddgbtsixx3zu/app.bsky.feed.generator/aaak6v3pjfpq2
Commissions Open!,2024-03-05T21:06:20.538Z,55,0,spinny.bsky.social,"Find artists with slots available on the skyline!  Looks for ""comms"" OR ""c0mm"" OR ""commission"", then ""open"" OR ""slot"" OR ""available.""  Excludes duplicates and posts without images.  (No copyright assertable on feed algo, use as you like)",at://did:plc:zbhggfk4zlwofwclezhbbe5r/app.bsky.feed.generator/aaagqcrfc46gc
🐾 Eurofurence,2025-11-03T18:09:06.658Z,54,0,furryli.st,"Furry A feed for all things Eurofurence! Use #eurofurence, #eurofurence2025, #eurofurence29, #ef, #ef2025, or #ef29 to include a post in the feed.  Join the furry feeds by following @furryli.st",at://did:plc:jdkvwye2lf4mingzk7qdebzc/app.bsky.feed.generator/con-eurofurence
Postsky,2023-07-05T17:40:46.897Z,54,0,ashleylynch.bsky.social,"A feed for post-production professionals.  Gathers postchat, postsky, timelinetuesday",at://did:plc:dzqbruqmh6zs3orh3mfydyni/app.bsky.feed.generator/aaacreco3owly
Maine,2024-11-18T21:20:39.788Z,54,0,tilmonedwards.com,Dirigoposting,at://did:plc:txfqncx66asrjzitxfur3of6/app.bsky.feed.generator/aaap7ldsnvpkw
Street Art,2025-07-28T23:44:18.807Z,54,0,bsky.art,"This feed spotlights street art and graffiti, showcasing the vibrant creativity and urban expression behind every tag, stencil, and mural.",at://did:plc:y7crv2yh74s7qhmtx3mvbgv5/app.bsky.feed.generator/streetart
#BBLF,2025-05-14T22:41:45.856Z,54,0,bbgossip.bsky.social,Shows any posts (not replies) that contain #BBLF so we can hopefully have a feed just for the Live Feed updates.,at://did:plc:3ovfbpy4lnx4i43k4742rxfi/app.bsky.feed.generator/aaak3yepa4kh4
VetMedSky,2023-09-20T19:02:46.396Z,54,0,rabbitholer.bsky.social,"A feed for folks working in the field of Veterinary Medicine. Tags ""Veterinary Medicine"", ""VetMed"", ""Veterinarian"", and ""VetTwitter"". Adding more tags as needed.",at://did:plc:v336bgjhyj5suvc6ds5vkckg/app.bsky.feed.generator/aaak2yunbxvko
Pugsky,2024-12-23T05:16:15.347Z,54,0,davis.social,Anytime someone mentions pugs in their post or alt text!,at://did:plc:2gx2noukxzwmj6dkxbmh3qt5/app.bsky.feed.generator/aaaovdy3bamom
Pass The Salt,2023-09-24T16:47:05.844Z,53,0,ennuidoofen.bsky.social,bigfoot whisperer 👣,at://did:plc:7bv2ca3yawj662o7qxd5xyt7/app.bsky.feed.generator/aaalp2rwdye36
Comparativesky,2023-09-24T19:09:57.734Z,53,0,hagerali.bsky.social,"This is a custom feed for political scientists working on comparative government, politics and methods. Use Comparativesky or Regimessky",at://did:plc:qvd4ev7jgdaidb36jgogeaka/app.bsky.feed.generator/aaalsd2fbyv64
All posts,2023-08-21T16:51:48.321Z,53,0,benedictsred.bsky.social,,at://did:plc:zsyhg6acyhoeidjrth7fyxhe/app.bsky.feed.generator/aaabuczkgyc4i
Australian Escorts,2025-10-16T08:57:25.858Z,52,0,thevillastraylight.bsky.social,New posts from Australian independent in person sex worker accounts.   To feature your posts check the pinned post on our acct profile  This was created due to the discriminatory purge of sex worker accounts at twitter. We hope it helps workers gain exposure here at bsky,at://did:plc:ifofjt4bcd5hnkajwn4wxyp2/app.bsky.feed.generator/aaapjsf622tzu
Kimmykimkimkim,2023-08-25T22:34:01.298Z,52,0,kimmalien.bsky.social,I'm doing it wrong,at://did:plc:rzx3l5xolmcvx5zcu3t3bl7o/app.bsky.feed.generator/aaac25lduykog
Real NSFW Videos,2025-10-22T17:48:54.861Z,52,0,realnsfw.social,"Videos from the RealNSFW feed  (Sellers - link in bio to join RealNSFW list, then use #RealNSFW on any post)",at://did:plc:db645kt5coo7teuoxdjhq34x/app.bsky.feed.generator/realnsfwvid
#aiart,2023-05-22T13:43:53.994Z,52,0,skyfeed.xyz,Posts with #aiart from the whole network,at://did:plc:tenurhgjptubkk5zf5qhi3og/app.bsky.feed.generator/h-aiart
Glitching Out,2024-01-18T23:17:41.331Z,51,0,mayawest.online,"All glitch art, all the time. Use 👾🎨 in alt or caption to be added. SW, DM or @ me to be added as a source.",at://did:plc:2qlbivzvdt6hp6dwrd2sx4sf/app.bsky.feed.generator/aaaey3ecq2dn2
Looking For Work,2024-11-14T14:54:58.940Z,51,0,aliafonzy.blacksky.app,This Feed Is For People Looking For Opportunities to Work and those hiring to have an easier time finding potential candidates. It is also where Recruiters can share job posts via the #Hiring hashtag  BlueskyFeedCreator.com,at://did:plc:xgjcudwc5yk4z2uex5v6e7bl/app.bsky.feed.generator/jobopps
DMs,2023-08-17T01:46:20.311Z,51,0,flicknow.xyz,"A feed of all your Bluesky DMs!  Includes all posts that start with DM and mention your handle, along with any replies",at://did:plc:wzsilnxf24ehtmmc3gssy5bu/app.bsky.feed.generator/dms
#TidyTuesday,2023-11-14T21:48:49.788Z,51,0,nrennie.bsky.social,A feed of TidyTuesday contributions. TidyTuesday is a weekly social data project. All are welcome to participate!,at://did:plc:jiushxoiyvgcw2tgsjyvd2mc/app.bsky.feed.generator/aaam7sw6umjoq
Lizzy's Posts Only,2023-08-22T08:11:32.004Z,51,0,stonedeva.bsky.social,my skeets,at://did:plc:ijujbu5ofcdsm7sjabbd3eyj/app.bsky.feed.generator/aaab2wtyqravy
Tusk Jenkins,2023-10-09T12:14:17.104Z,51,0,ennuidoofen.bsky.social,,at://did:plc:7bv2ca3yawj662o7qxd5xyt7/app.bsky.feed.generator/aaabkx4ybmn2y
人がいない,2025-09-01T23:10:06.110Z,50,0,feed-navi.bsky.expert,人がいないことを嘆き、人がいないことを愉しむ人たちが集う,at://did:plc:hsf6h23omw3jphz27kfeqqy2/app.bsky.feed.generator/aaapgwaw5xnsc
FPL Feed on BlueSky,2025-01-25T16:43:33.862Z,50,0,fpljared.football,FPL & The Premier League Accounts | Creators | Journalists | Stats   Constantly curated with keywords & banned global topics to keep a smooth Gameweek on the screen  For just the Major FPL News of the day: FPL Major News - https://bsky.app/profile/did:plc:7ohsa3mwvom7qufgubq5ktae/feed/aaadrwiuscsoe,at://did:plc:7ohsa3mwvom7qufgubq5ktae/app.bsky.feed.generator/aaadnwadpd7ga
#nature,2023-05-22T13:44:37.395Z,50,0,skyfeed.xyz,Posts with #nature from the whole network,at://did:plc:tenurhgjptubkk5zf5qhi3og/app.bsky.feed.generator/h-nature
ButtSky 🍑 vids,2025-07-29T01:03:21.508Z,50,0,clarabelle.xyz,"Wow, a feed full of videos of girls with nice butts! Tracking a ton of ass related hashtags like #booty #girlbutts #cutebooty etc.  More NSFW feeds 👉🏻 clarabelle.club/feeds",at://did:plc:geoqe3qls5mwezckxxsewys2/app.bsky.feed.generator/bootyvids
#EduSkyChat,2024-11-28T11:41:46.951Z,50,0,afreeparticle.com,#EduSkyChat,at://did:plc:l72uci4styb4jucsgcrrj5ap/app.bsky.feed.generator/aaac2rhwkrkke
Dream Logs,2024-05-03T10:32:52.280Z,50,0,retr0.id,People talking about dreams,at://did:plc:vwzwgnygau7ed7b7wt5ux7y2/app.bsky.feed.generator/aaad36zrt7aii
自炊班,2024-11-12T14:31:43.915Z,50,0,gohanclub.bsky.social,青空ごはん部フィードに掲載されたポストの中から、自炊に関連していそうなものをピックアップしてみました！,at://did:plc:e2gj6s2ljmyen7msreqed536/app.bsky.feed.generator/aaamol536myd4
hot but evil 🔪,2025-07-29T01:02:57.206Z,50,0,clarabelle.xyz,work in progress femdom feed,at://did:plc:geoqe3qls5mwezckxxsewys2/app.bsky.feed.generator/aaaom3wtq2pe2
Free Onlyfans,2025-07-28T23:27:55.902Z,49,0,sweetbee.vip,"Top >150 free Onlyfans pages on Bluesky  Starter pack here to follow all: https://go.bsky.app/5rUmTPQ  Contact @sweetbee.vip to be added",at://did:plc:lcytlkvzs3wslcgbk7i3ygak/app.bsky.feed.generator/free-onlyfans
vss365,2025-01-22T14:48:54.153Z,49,0,whistberry.bsky.social,Pulls in all posts with vss365 in text. Replies and reposts are excluded.,at://did:plc:abv47bjgzjgoh3yrygwoi36x/app.bsky.feed.generator/aaaevj4wancsk
lalalyds ,2023-08-20T23:06:56.683Z,49,0,lalalyds.bsky.social,,at://did:plc:wrs5ycqkoik4ol4s3fhkdoug/app.bsky.feed.generator/aaablylvlubqk
Renewskies,2023-06-26T23:41:37.503Z,49,0,flicknow.xyz,Welcome back users who last posted over 2 weeks ago,at://did:plc:wzsilnxf24ehtmmc3gssy5bu/app.bsky.feed.generator/renewskies
RealNSFW (Unfiltered),2025-10-22T00:29:13.554Z,49,0,realnsfw.social,"NSFW feed of verified adult content creators & providers.  All posts unfiltered from everyone @blueskybaddies.bsky.social follows. Engage politely.   18+ MDNI  Want to include replies? You can ""pin"" this list like a feed: https://bsky.app/profile/did:plc:db645kt5coo7teuoxdjhq34x/lists/3lco2zxafyf27",at://did:plc:db645kt5coo7teuoxdjhq34x/app.bsky.feed.generator/aaabgjszdhpyk
SkyBoost 🔞,2024-12-29T06:48:02.451Z,49,0,realnsfw.social,Recent posts from RealNSFW creators with under 20 likes (must be tagged with #realNSFW)  Wanna give someone a boost?,at://did:plc:db645kt5coo7teuoxdjhq34x/app.bsky.feed.generator/aaamphxgbzomu
Trending Canadian News,2025-07-28T23:35:53.003Z,48,0,aendra.com,Trending Canadian news,at://did:plc:kkf4naxqmweop7dv4l2iqqf5/app.bsky.feed.generator/trending-ca
Simclusters,2025-10-31T05:20:24.656Z,48,0,why.bsky.team,Experimental simclusters feed,at://did:plc:vpkhqolt662uhesyj6nxm7ys/app.bsky.feed.generator/simclusters
The Art of Ethan8bit,2023-07-25T06:40:48.817Z,48,0,ethan8bit.newgrounds.com,"All of Ethan's art, curated into a chronological feed.",at://did:plc:qdb7owowalbvql72ckl5qpr3/app.bsky.feed.generator/aaaizuqbdwbeg
macOS ,2025-08-26T23:31:34.003Z,48,0,mackuba.eu,Feed with posts about Apple's Mac operating system,at://did:plc:oio4hkxaop4ao4wz2pp3f4cr/app.bsky.feed.generator/mac
Architecture Photography,2025-07-29T01:03:11.508Z,48,0,clarabelle.xyz,Architecture and street photography from real bluesky photographers! Tracking various architectural and photography hashtags and excluding AI and content scrapers to the best of my ability. 🫡,at://did:plc:geoqe3qls5mwezckxxsewys2/app.bsky.feed.generator/architecture
Art: Artist Alley Pics,2025-07-29T00:28:00.504Z,48,0,wanderlingworld.bsky.social,Photos and videos from artists showing off their tables at convention artist alleys and artists building artist alley displays.,at://did:plc:odqmsar3ikz5ubokya4sempk/app.bsky.feed.generator/artistalleypics
Demoscene,2025-12-17T22:51:06.238Z,48,0,fenarinarsa.com,"Posts related to the demoscene!  Looks for relevant words, URLs, and adds demoscene-only accounts from a list. It doesn't look for specific plateforms though - Amiga, Atari, Amstrad, C64, Apple II, ZX Spectrum etc. but it may be about retrocomputing as well.",at://did:plc:fb3iwxg23jziddgbtsixx3zu/app.bsky.feed.generator/aaanauprllhpm
Céu Azul,2024-02-10T10:34:04.774Z,47,0,ealmuina.xyz,Posts de Bluesky em português // Bluesky posts in Portuguese,at://did:plc:qinqxdwwxgme6r4lgmkry5qu/app.bsky.feed.generator/portuguese
FlowSky,2025-01-20T04:02:29.649Z,47,0,sweetbee.vip,"Everything about flow arts - hula hoops, poi, fire spinning, levi wands, ropedart, dragon staff, etc  use #flowsky or #flowarts to include any post  tag @sweetbee.vip for suggestions etc",at://did:plc:lcytlkvzs3wslcgbk7i3ygak/app.bsky.feed.generator/aaangxzpfupr4
アフタヌーンティー,2023-09-18T14:37:17.876Z,47,0,itokonn.bsky.social,優雅なひと時の画像,at://did:plc:qq4q5nsxhl4m7gmvnf7mdgek/app.bsky.feed.generator/aaajycqmbxtxi
Animal Vids,2025-07-29T00:27:33.704Z,47,0,wanderlingworld.bsky.social,Animal videos with no content scrapers!,at://did:plc:odqmsar3ikz5ubokya4sempk/app.bsky.feed.generator/animalvids
BomSky,2025-04-25T05:24:54.783Z,46,0,lucidillusions.in,A Custom feed for users from Maharashtra. Post AddBomSky if you would like to be added to the list of contributors or tag @lucidllusions.in,at://did:plc:36h6ttx2g23zqr4accilbvo7/app.bsky.feed.generator/aaactz54cesqe
Academia,2025-08-02T08:00:31.806Z,46,0,keithwilson.eu,"Bluesky feed for Academia and Higher Education. Includes posts featuring the hashtags #academia,* #research, #HigherEd, #HigherEducation and #AcademicSky. New hashtags added upon request. (*Except in Portuguese where users should include #AcademicSky!)  BlueskyFeedCreator.com",at://did:plc:3bybp6nqszlhuan2ch2cmv66/app.bsky.feed.generator/academia
⏪For You Rewind,2025-11-28T01:35:20.031Z,46,0,spacecowboy17.bsky.social,Shows you what you have seen in the For You feed,at://did:plc:3guzzweuqraryl3rdkimjamk/app.bsky.feed.generator/for-you-rewind
お土産,2023-09-08T22:24:33.641Z,46,0,itokonn.bsky.social,いただいたお土産、渡すお土産。,at://did:plc:qq4q5nsxhl4m7gmvnf7mdgek/app.bsky.feed.generator/aaaodheeng64u
Art: ❤️‍🔥 2D Animation Vids,2025-07-29T00:27:59.204Z,46,0,wanderlingworld.bsky.social,2D animation videos by artists with the most likes in the last 12 hours. Filters out AI/NFT keywords.,at://did:plc:odqmsar3ikz5ubokya4sempk/app.bsky.feed.generator/top2danimationv
Redheads,2025-08-26T20:55:59.417Z,46,0,realnsfw.social,"NSFW redheads feed  To join 1 - must be followed by @realnsfw.social 2 - use any #redhead or #ginger hashtag on any post  main feed: https://bsky.app/profile/did:plc:db645kt5coo7teuoxdjhq34x/feed/aaamkr6xjlwb2",at://did:plc:db645kt5coo7teuoxdjhq34x/app.bsky.feed.generator/aaajvkxa2ltqw
Fiber Art,2025-07-28T23:44:24.506Z,46,0,bsky.art,"This dedicated feed spotlights the diverse world of fiber arts, highlighting techniques, tools, and creative processes across weaving, knitting, embroidery, crocheting, and more. ",at://did:plc:y7crv2yh74s7qhmtx3mvbgv5/app.bsky.feed.generator/fiberart
Urbanism+ Video,2025-11-10T22:17:40.959Z,46,0,fema.monster,video,at://did:plc:lptjvw6ut224kwrj7ub3sqbe/app.bsky.feed.generator/u-video
OCaml,2024-11-23T19:33:15.865Z,45,0,sabine.sh,"People talking about the OCaml programming language, its type system, use cases, and so on. ✨🐫",at://did:plc:gnncvjp7cdejx3bdh3c7dh5r/app.bsky.feed.generator/ocaml
Cryptography,2024-03-24T18:08:39.157Z,45,0,filippo.abyssdomain.expert,"All things cryptography: engineering, research, PKI, UX!  Anyone can post with #cryptography and registered contributors can post using any lock or key emoji 🔐.  Authorized posters: https://bsky.app/profile/did:plc:x2nsupeeo52oznrmplwapppl/lists/3kkr6qaldot2p Ping @filippo.abyssdomain.expert to add.",at://did:plc:x2nsupeeo52oznrmplwapppl/app.bsky.feed.generator/aaah6qj2dixw2
Brats,2025-07-28T23:27:50.309Z,44,0,sweetbee.vip,"your fav hot girl brats on Bluesky. 18+, MDNI, NSFW (may include BDSM/fetish/kink content & pornography)  Wanna follow them all? https://go.bsky.app/PMhNLdB",at://did:plc:lcytlkvzs3wslcgbk7i3ygak/app.bsky.feed.generator/bratpack
Things What I Drawed,2025-01-29T04:28:54.350Z,44,0,coelasquid.bsky.social,what it says on the can,at://did:plc:nqzqdhfllz43svls6rwrwlpe/app.bsky.feed.generator/coelasquid-art
NYT Recipe gift links,2025-07-05T16:28:39.044Z,44,0,davidsacerdote.bsky.social,Gift links to New York Times recipes,at://did:plc:o4s55v3tsfph6whswxccpsia/app.bsky.feed.generator/aaadcq6gyiby2
買っちゃった！（画像）,2024-11-24T08:20:27.358Z,44,0,itokonn.bsky.social,買っちゃったfeedの画像のみverです。おためし,at://did:plc:qq4q5nsxhl4m7gmvnf7mdgek/app.bsky.feed.generator/aaagzzcd6zqaw
Reposts,2023-07-19T18:11:17.333Z,44,0,jcsalterego.bsky.social,Your Reposts. See more at https://goodfeeds.co/reposts,at://did:plc:vc7f4oafdgxsihk4cry2xpze/app.bsky.feed.generator/reposts
KOTH,2023-08-06T22:31:56.435Z,44,0,jakei.bsky.social,King of The Hill,at://did:plc:vjyot2w7zeomrslomwpfxirl/app.bsky.feed.generator/aaackbvpgnvb6
Maya's Mixes 🍹,2024-06-16T05:01:52.420Z,44,0,mayawest.online,"My mixed drink / cocktail recipes. mostly for me but if you like fancy drinks, enjoy",at://did:plc:2qlbivzvdt6hp6dwrd2sx4sf/app.bsky.feed.generator/aaajhwmtwtz7o
TransRights,2023-10-04T22:23:24.289Z,43,0,jakei.bsky.social,"no longer latesky feed, now the TransRights feed - all posts, replies, reskeets with ""transrights"" in it",at://did:plc:vjyot2w7zeomrslomwpfxirl/app.bsky.feed.generator/aaaptb5qq2msu
NO,2023-09-14T21:53:54.461Z,43,0,azedand2knots.bsky.social,This is my feed.,at://did:plc:kpnkmducrwtq3ly4miy3ymoe/app.bsky.feed.generator/aaajole3giqdq
🇺🇦 #gamedev,2025-01-20T07:58:53.352Z,43,0,bsky.one,"Пости з тегами #gamedev, #ukrgamedev, #геймдев, #укргеймдев від профілів з каталогу BSKY.ONE.  ⚠️⚠️⚠️ Якщо стрічка пуста, включіть українську в налаштуваннях в розділі Content languages.",at://did:plc:dvgliotey33vix3wlltybgkd/app.bsky.feed.generator/gamedev
BookSkyGram 📸📚💙,2025-10-12T22:04:26.881Z,42,0,clarabelle.xyz,Photo only feed for BookSky. Use 💙📚 or #booksky in your image posts. More #booksky feeds 👉🏻 booksky.club/list,at://did:plc:geoqe3qls5mwezckxxsewys2/app.bsky.feed.generator/bookskygram
Trending Videos,2025-07-28T23:19:38.156Z,42,0,devingaffney.com,Videos Trending on all of Bluesky,at://did:plc:jijwtzgroy76samnivlqrpec/app.bsky.feed.generator/trending-vids
発達障害,2024-03-10T05:50:50.909Z,42,0,matope.bsky.social,「発達障害」「発達障がい」「神経発達症」「ADHD」「ASD」を含む日本語の投稿を集めています。,at://did:plc:kzxl37blybhp7kvn2clme7j2/app.bsky.feed.generator/aaaigfj65a5n4
BolhaSec 💻,2024-09-08T17:08:23.199Z,42,0,handle.invalid,Feed dedicado aos entusiastas em cybersec que amam hacking e que querem saber mais sobre a bolhasec aqui no bluesky!!   cc: @sooftware.tech,at://did:plc:yzs7tueazp6ifolzmr3e7kce/app.bsky.feed.generator/aaanfacnucpgu
Boudoir Babes 👠,2024-12-22T18:19:40.853Z,41,0,clarabelle.xyz,"work in progress, check back soon <3",at://did:plc:geoqe3qls5mwezckxxsewys2/app.bsky.feed.generator/aaao6ocdkunek
PDX BSKY Storm Team,2025-07-29T00:26:15.307Z,41,0,rockom.bsky.social,"Portland, Oregon Weather updates tracking 24hrs #pdxtst #pdxbst #orweather #orwx",at://did:plc:fgnkp5yb6fuvxsqpqpnan46u/app.bsky.feed.generator/aaap62xds2tsu
Don't Click This.,2025-01-17T04:12:12.357Z,41,0,thesociophi.bsky.social,"As punishment for clicking, you must now endure a feed exclusively containing only my posts, and no one else's. Let this be a lesson to leave the button-pushing up to professionals from now on.",at://did:plc:ofdlzqxuzvippgesg22s4zo5/app.bsky.feed.generator/aaaoxexisqe4c
Lower Decks,2025-10-25T21:50:46.756Z,41,0,earlgreymemes.club,"Boimler, Mariner, Tendi, Rutherford, T'Lyn, Shaxs, T'Ana, Moopsy, Captain Freeman, Jack Ransom, Badgey, Peanut Hamper, AGIMUS, oh my!   Bluesky feed for Star Trek: Lower Decks #LowerDecks #LDS #StarTrek #StarTrekLowerDecks   [ID: poster for season 5 of Lower Decks]",at://did:plc:hopmtyvc3dhv62ofiuzii5t7/app.bsky.feed.generator/aaadas7pd76w2
Just My Nonense,2023-08-22T11:39:20.885Z,41,0,uncleduke1969.bsky.social,UncleDuke1969's Search Link,at://did:plc:2cz6x3e7thlqjc5cxa2hnbsn/app.bsky.feed.generator/aaab3yqtmpox2
Pixel Art Feed,2024-10-23T16:19:41.208Z,41,0,emmapixels.com,"Ranked pixel art feed! Uses Hacker Rank algorithm to show a mix of popular & new posts in the #pixelart, #pixelartist, #ドット絵 and #aseprite tags",at://did:plc:bix3hv76hqt7fuqewgff46m7/app.bsky.feed.generator/aaaavwvax3kms
Papers with Code,2024-12-05T10:06:28.649Z,41,0,stephenturner.us,"Papers with Code! Looks for posts with links to GitHub and one of: pubmed, biorxiv, arxiv, medrxiv, oup (bioinformatics), nature, biomedcentral, science, genomebiology, cshlp (genome research), wiley, elsevier, pnas, plos.  Created by @stephenturner.us (https://blog.stephenturner.us/)",at://did:plc:ppvxhapnptcy5v6cih3ynmzg/app.bsky.feed.generator/aaansa45ubs44
#HorrorFriday,2024-11-16T02:41:23.381Z,41,0,horrorvisuals.com,"Are you a horror game developer?   Use the hashtag #HorrorFriday to appear on this feed and let people know when you have something new to show from your project! It's dedicated for the #HorrorFriday posts on Friday, but you can use it anytime regardless of that.",at://did:plc:gqcqc7gov3p7vgypbi5dxp47/app.bsky.feed.generator/aaajtxwrk6gww
PlantSky Plants,2023-11-22T13:24:25.757Z,41,0,plantsky.bsky.social,"Welcome to the PlantSky Plant feed!   please like / pin/ subscribe/ share. please bear with us as  We will refine this as needed to narrow our focus on the plant community. Use PlantSky, 🌱sky, or 🪴sky to get your post into the feed!",at://did:plc:hg7w5wzyymkdu7cqluux6v5d/app.bsky.feed.generator/aaapqlgaa6ku2
OnlyBee,2025-01-04T17:26:03.966Z,41,0,sweetbee.vip,"Posts from @sweetbee.vip, without replies or reblogs.",at://did:plc:lcytlkvzs3wslcgbk7i3ygak/app.bsky.feed.generator/aaaotsroiba3y
絵,2024-02-13T16:44:14.769Z,41,0,ubanis.com,みんなが描いた絵(24時間以内・いいね１以上),at://did:plc:lmftezsq52hi53taz762s7pc/app.bsky.feed.generator/aaahq2qddx5xg
SH,2025-03-11T22:54:35.856Z,41,0,shfeed.bsky.social,ローラン向け。サンホラ、リンホラ関連ワードを自動で検索して3日分拾います。 ⌘（こまんど）を含む投稿は除外します。 全投稿をSHフィードから除外希望の場合は管理人@shfeed.bsky.socialまで連絡ください。 Sound Horizon、Linked Horizon、Revo、サウンドホライズン、リンクトホライズン,at://did:plc:df6h5375zue6ublgsmlcjbed/app.bsky.feed.generator/aaapm4z7xlxv2
Actualités du Québec,2025-02-20T20:32:37.348Z,41,0,actualites.qcbot.dev,"Les actualités des médias du Québec ⚜️ en Français 🇫🇷. Le Devoir, Radio-Canada Info, Noovo Info, La Presse, Le Journal de Montréal et 98,5 FM.",at://did:plc:57uxl43zpe7tlrgqlsq6ymel/app.bsky.feed.generator/aaab45f5r3zva
Travelscapes ,2025-07-29T01:03:51.102Z,41,0,clarabelle.xyz,Travel and landscape photography from real bluesky photographers. Tracking various travel and nature related hashtags and excluding content scrapers to the best of my ability. 🫡,at://did:plc:geoqe3qls5mwezckxxsewys2/app.bsky.feed.generator/travelandnature
🐾 BLFC 2024,2025-11-03T18:09:06.664Z,41,0,furryli.st,"Furry A feed for all things BLFC! Use #blfc, #blfc24, or #blfc2024 to include a post in the feed.  Join the furry feeds by following @furryli.st",at://did:plc:jdkvwye2lf4mingzk7qdebzc/app.bsky.feed.generator/con-blfc
Flaming Hydra,2024-11-21T00:14:49.283Z,41,0,parkermolloy.com,Flaming Hydra links and mentions!,at://did:plc:hf7ezrajxadu7v3tzcyij424/app.bsky.feed.generator/aaaeu3y6s2qly
🐾 Anthrocon 2024,2025-11-03T18:09:00.858Z,40,0,furryli.st,"Furry A feed for all things Anthrocon! Use #anthrocon, #anthrocon2024, or #ac to include a post in the feed.  Join the furry feeds by following @furryli.st",at://did:plc:jdkvwye2lf4mingzk7qdebzc/app.bsky.feed.generator/con-ac
Mathematics,2023-06-27T20:34:03.298Z,40,0,afreeparticle.com,Any mention of the word 'mathematics',at://did:plc:l72uci4styb4jucsgcrrj5ap/app.bsky.feed.generator/aaap62ebyttkw
Infosec keywords,2024-11-15T11:27:04.548Z,40,0,tomchop.me,Community-oriented list grepping for infosec keywords. Trying to avoid posting bots,at://did:plc:ckxoq4m2eyhtncuwpnmfiika/app.bsky.feed.generator/aaabofkrsl3f4
#privacy,2023-05-22T13:44:45.316Z,40,0,skyfeed.xyz,Posts with #privacy from the whole network,at://did:plc:tenurhgjptubkk5zf5qhi3og/app.bsky.feed.generator/h-privacy
Liked by Follows (1h),2023-10-10T15:32:43.552Z,40,0,skyfeed.xyz,Posts liked in the last hour by people you follow. Likes are worth less the more posts someone liked!,at://did:plc:tenurhgjptubkk5zf5qhi3og/app.bsky.feed.generator/follows-like-1h
Hellaverse (Pics only),2025-12-14T13:25:05.040Z,40,0,fenarinarsa.com,"HAZBIN HOTEL and HELLUVA BOSS related pictures ハズビンホテルとヘルヴァボスについての画像  Other feeds to check! Hellaverse (Best of) Hellaverse (Random)  Looks for hashtags, pairings... / Adds selected content from @moxxie-imp.bsky.social / 🔞 included (with CW) / Disable your language filter to see all content!",at://did:plc:fb3iwxg23jziddgbtsixx3zu/app.bsky.feed.generator/aaab6n57jx3js
full responsibility ,2023-08-31T22:43:04.504Z,40,0,capnwatsisname.bsky.social,I did this.,at://did:plc:efdtjcx67l6vpztu7muhp64s/app.bsky.feed.generator/aaabrbkkoo5lc
top #busty #babes,2025-08-31T06:34:09.501Z,40,0,missmeringue.love,"👑 A curated list of busty creators and some other magic sprinkled in sorted by most popular.  #bigboobs #bigtits #mommymilkers",at://did:plc:2j4w2o4xmkbheromzo73r5sv/app.bsky.feed.generator/aaafpm77mrnyc
The Findom World,2024-11-19T20:25:14.315Z,40,0,thefindomworld.bsky.social,A Findom Feed that only includes posts that use the word Findom.   The purpose is to create a Findom only feed for the Findom community on Blusky.  Presented by @TheFindomWorld.bsky.social,at://did:plc:33jk3hy56qrftehogfbboyin/app.bsky.feed.generator/aaaemcl6scegq
The Rainbow Connection 🚀,2024-05-13T02:37:46.374Z,40,0,jacobharr.is,An automated feed for our group read-along of Gravity's Rainbow. Contact harrisj.bsky.social to be added to the list of approved posters and tag your posts with either #gr or the 🚀emoji to have them show up here!,at://did:plc:ne454cutmmpesxbcvkvz375d/app.bsky.feed.generator/aaanual2oukmu
AT Protocol,2023-07-20T10:17:40.298Z,39,0,marshal.dev,Posts related to the protocol. Powered by The AT Protocol SDK for Python,at://did:plc:s6jnht6koorxz7trghirytmf/app.bsky.feed.generator/atproto
Most Liked,2025-01-06T05:14:05.348Z,39,0,edavis.dev,The most liked posts over the past 24 hours,at://did:plc:4nsduwlpivpuur4mqkbfvm6a/app.bsky.feed.generator/most-liked
All Andy All the Time,2023-09-28T11:24:52.177Z,39,0,im-all-id.me,,at://did:plc:nhytley6vv7tq6k2at6kvl5b/app.bsky.feed.generator/aaabgxg57gn7e
Electric Vehicles,2025-11-29T16:07:37.133Z,39,0,davidsacerdote.bsky.social,Matches posts containing:  🔌🚗 🔌🚌 🔌🚚 🔌🛥️ 🔌🚤 🔌🚢 🔌🛳️ EV Electric Vehicle EVcharging Electric car Electric Bus Electric Ship Electric Boat,at://did:plc:o4s55v3tsfph6whswxccpsia/app.bsky.feed.generator/aaajm4gjrjfzk
Rude,2024-06-15T04:30:02.790Z,39,0,flicknow.xyz,"All posts labeled ""rude""",at://did:plc:wzsilnxf24ehtmmc3gssy5bu/app.bsky.feed.generator/rude
Rare Books,2025-09-01T15:57:16.607Z,39,0,matthewkollmer.com,"All things rare books, book collecting, manuscripts, book history, special collections, etc. A full breakdown of the feed algorithm can be viewed here: https://matthewkollmer.com/the-rare-books-feed-breakdown/",at://did:plc:fduxc427q3rz67nroolds64p/app.bsky.feed.generator/aaahwbteb4th6
Grogsquad,2023-08-03T10:12:34.105Z,39,0,icooper.bsky.social,Looks for the #grogsquad tag,at://did:plc:sg2dsgl6msq4fmxrfvvlhc3w/app.bsky.feed.generator/aaalvjan4opas
Fitzy'sFeed,2023-08-22T10:13:46.428Z,39,0,unfitz.bsky.social,Fitzy's Funtastic Feed,at://did:plc:eeuovmdmopwss5bsf7el3ra7/app.bsky.feed.generator/aaabi4hywtg5g
Ceo Azul,2024-02-14T18:32:08.685Z,39,0,ealmuina.xyz,Publicacións de Bluesky en galego // Bluesky posts in Galician,at://did:plc:qinqxdwwxgme6r4lgmkry5qu/app.bsky.feed.generator/galician
Myra's posts,2025-01-13T23:52:07.256Z,39,0,outonthemoors.bsky.social,,at://did:plc:rzgxnxi42gyskrxw247ofmee/app.bsky.feed.generator/aaacezco2p44q
The Hookup - 🔞 Webcomic,2025-05-23T21:36:50.449Z,39,0,orforf.bsky.social,The Hookup is an 18+ comic about an awkward smoke session with a stranger that takes a sexy turn! Catch up at hookupcomic.com and you can help fund it at www.patreon.com/orf_nite,at://did:plc:xpvnnafe4q6f4yet2ts6miuv/app.bsky.feed.generator/aaacjna5rppf2
HuskySky,2023-11-02T22:16:06.971Z,39,0,jakei.bsky.social,HuskySky is a feed of only photos with husky/huskies in the alt text. It should be mostly dog pics but sometimes artwork shows up.,at://did:plc:vjyot2w7zeomrslomwpfxirl/app.bsky.feed.generator/aaajhcbrohmfc
Modernism,2024-12-17T15:13:59.549Z,39,0,michaelshallcross.bsky.social,"An open curated timeline, harvesting keywords relating to modernism in all its aesthetic forms. Tag #moderniststudies in your posts if you want them to appear in the feed.",at://did:plc:b6ena7xcunbhssmriguovl6y/app.bsky.feed.generator/aaaig4kl6arqe
Birding Wales,2025-04-26T22:46:09.383Z,38,0,atmylifeoutside.bsky.social,"A feed to capture Bluesky posts related to birds and ornithology in Wales. Use #birdingWales in posts, or let me know of local tags and they will be captured here too.  Posts will also be aggregated into the wider #UKBirding feed.",at://did:plc:jnpwkm24yxfuomrdaq3tded4/app.bsky.feed.generator/aaaccrenmm2mg
NATG Official Feed,2025-06-23T02:31:39.744Z,38,0,calpain.bsky.social,"The Official Feed for the Newbie Artist Training Grounds, a 30 day event for veteran and newbie artists to hone their skills based on daily prompts! Check here starting June 1st to see all the art folks come up with. Icon by https://bsky.app/profile/acesential.bsky.social!",at://did:plc:qbsau6rimyl3osulym54bceb/app.bsky.feed.generator/aaaocsavekmu2
Dansome Art,2023-08-17T10:52:31.127Z,38,0,thedansome.bsky.social,Art by TheDansome,at://did:plc:gq7p3d5oaz3nxgrunyhklpsp/app.bsky.feed.generator/aaaojc5ihmuxo
Wild Food & Foraging,2025-03-27T20:19:47.209Z,38,0,sweetbee.vip,"Anything and everything about #wildFood and #Foraging  All foragers welcome (anyone can post, no approval needed).  #wildGarlic #mushroomForaging #forager",at://did:plc:lcytlkvzs3wslcgbk7i3ygak/app.bsky.feed.generator/aaaeckoxvubxg
Glitch Art,2024-12-28T05:06:05.647Z,38,0,sweetbee.vip,"Glitch art & glitch edits  Keyword based feed, includes dozens of relevant phrases. Use ""#glitchart""/""glitchart""/""glitch art"" to easily include any image post",at://did:plc:lcytlkvzs3wslcgbk7i3ygak/app.bsky.feed.generator/aaamwiod2qxp2
LEC Radio ,2025-07-29T17:14:05.705Z,38,0,acasatua.bsky.social,"An update feed for Charles Leclerc radio messages!  Use #LECRadio, #LeclercRadio, or #CLRadio to have your updates show up in this feed.",at://did:plc:byvyf5g2mwol2ax6n7ecpwg3/app.bsky.feed.generator/leclercradio
Art: Process Vids,2025-07-29T00:27:53.405Z,38,0,wanderlingworld.bsky.social,"Videos of artists creating art and timelapses of art! Filters out AI/NFT keywords. Use #artprocess, #arttimelapse, #speedpaint or #speeddrawing on a video post  BlueskyFeedCreator.com",at://did:plc:odqmsar3ikz5ubokya4sempk/app.bsky.feed.generator/artprocessvids
Jam Comics,2024-01-05T20:22:34.015Z,37,0,miupix.bsky.social,The feed collects everything from my Ask Jam/Jam & Friends Comics! Enjoy!,at://did:plc:cgazwvrleox56imz53fjzaou/app.bsky.feed.generator/aaanwnqrv2og6
der hexenkessel,2023-08-27T18:22:43.912Z,37,0,gupton68.bsky.social,,at://did:plc:3bnoyda3i7sv7k6p3vzmjtvj/app.bsky.feed.generator/aaadqbbtnlfxy
Dad Jokes,2023-12-01T12:39:51.089Z,37,0,pixeline.be,"A dad joke feed: where laughter and eye rolls engage in an eternal tug-of-war, leaving you simultaneously questioning your sense of humor and craving more pun-derful punishment.",at://did:plc:v4zpi74gy7enfiwke7hmoxv5/app.bsky.feed.generator/aaackhzdnnjl6
Yoga,2024-01-29T04:21:23.207Z,37,0,sweetbee.vip,Everything Yoga (keyword based feed),at://did:plc:lcytlkvzs3wslcgbk7i3ygak/app.bsky.feed.generator/aaaebnvr6hczk
働きたくない,2024-10-23T23:48:49.505Z,37,0,itokonn.bsky.social,仕事から逃れられない憂鬱な気持ちを分かち合いましょう,at://did:plc:qq4q5nsxhl4m7gmvnf7mdgek/app.bsky.feed.generator/aaajapq6ysjio
The Jim,2023-08-22T09:55:20.369Z,37,0,jimmerthatisall.bsky.social,my flippin' posts,at://did:plc:2satfah44msc3khoojnhrvuj/app.bsky.feed.generator/aaab3adsokgse
Squelch,2024-05-11T20:14:26.259Z,37,0,ennuidoofen.bsky.social,,at://did:plc:7bv2ca3yawj662o7qxd5xyt7/app.bsky.feed.generator/aaagsq7wlqhoe
The Omics Feed🧬+🧪🧫🔬🖥️💉🦠🥼,2024-12-04T20:25:29.662Z,36,0,h2so4hurts.bsky.social,"A feed for all things Omics! Have your post included in this feed by adding a 🧬plus any additional omics related emoji🧪🧫🔬🖥️💉🦠🥼. Anything Genomics, Epigenomics, Transcriptomics, Proteomics, Metabolomics, or Metagenomics related (or adjacent!) is welcome!",at://did:plc:xe5niwgu2gstukkqbnwwowue/app.bsky.feed.generator/aaaikcac4uewg
 Deep Thoughts,2024-03-30T20:22:08.639Z,36,0,deeks549.bsky.social,Deeks Deep Theories,at://did:plc:nt2ee4i355er6jdyv3wpomef/app.bsky.feed.generator/aaaaq5yncb67a
Top Ñ,2024-09-17T11:12:03.426Z,36,0,ealmuina.xyz,Publicaciones de las cuentas con más interacciones de Bluesky en español.  Posts in Spanish from the accounts with the most engagement.,at://did:plc:qinqxdwwxgme6r4lgmkry5qu/app.bsky.feed.generator/top_spanish
GoneWild Trending Videos,2025-07-29T14:42:14.905Z,36,0,gonewild.social,Trending videos from the Gone Wild feed,at://did:plc:i5t7odtmmv7gtawckadaf6v4/app.bsky.feed.generator/gwvidhot
#midjourney,2023-05-22T13:44:05.338Z,36,0,skyfeed.xyz,Posts with #midjourney from the whole network,at://did:plc:tenurhgjptubkk5zf5qhi3og/app.bsky.feed.generator/h-midjourney
che vuoi?,2024-12-29T05:48:37.547Z,36,0,francesmeh.reviews,,at://did:plc:2hwwem55ce6djnk6bn62cstr/app.bsky.feed.generator/aaal5ygksi7sq
What's Reposted,2023-05-22T13:53:21.579Z,36,0,skyfeed.xyz,Frequently reposted posts from the whole network,at://did:plc:tenurhgjptubkk5zf5qhi3og/app.bsky.feed.generator/whats-reposted
Bristol,2025-07-29T14:40:28.108Z,35,0,j4ck.xyz,"#Bristol feed! (UK)  Pin & 💖 to help share!",at://did:plc:4hawmtgzjx3vclfyphbhfn7v/app.bsky.feed.generator/aaadeugmdcye6
HumansOfBlueSky,2025-04-30T23:50:19.588Z,35,0,humansofbluesky.bsky.social,#humansOfBlueSky Thursdays is open now,at://did:plc:75olwwdd7syhlxbwzr55tpnf/app.bsky.feed.generator/aaabnxswjrqra
🇺🇦 Топ-100 за весь час,2023-11-08T09:52:21.208Z,35,0,bsky.one,"Топ-100 постів за весь час. Оновлення щоночі.  ⚠️⚠️⚠️ Якщо стрічка пуста, включіть українську в налаштуваннях в розділі Content languages.",at://did:plc:dvgliotey33vix3wlltybgkd/app.bsky.feed.generator/top100-all-time
観劇,2023-08-28T23:16:26.283Z,35,0,itokonn.bsky.social,舞台とか映画を見てきた人の話。それ以外の舞台関連の話題もちらほらと。,at://did:plc:qq4q5nsxhl4m7gmvnf7mdgek/app.bsky.feed.generator/aaac6qbqcgu2a
my pish ,2023-09-30T21:22:00.515Z,35,0,damnitjanet.bsky.social,Computer thing I done made,at://did:plc:t3dajzevhocfddfzczceizlp/app.bsky.feed.generator/aaaoojl75k4ve
ParilaniPls,2024-06-10T23:56:00.726Z,35,0,parilani.sparkle.blue,trash takes,at://did:plc:nbdx7ef4akzryb4nh3toc2bc/app.bsky.feed.generator/aaaajdqeg73cm
#crypto,2023-05-22T13:44:21.485Z,35,0,skyfeed.xyz,Posts with #crypto from the whole network,at://did:plc:tenurhgjptubkk5zf5qhi3og/app.bsky.feed.generator/h-crypto
allpics,2023-05-29T19:39:40.332Z,35,0,why.bsky.team,Every single picture posted to this site,at://did:plc:vpkhqolt662uhesyj6nxm7ys/app.bsky.feed.generator/allpics
Friends,2023-07-10T16:08:47.962Z,35,0,why.bsky.team,Some interesting posts,at://did:plc:vpkhqolt662uhesyj6nxm7ys/app.bsky.feed.generator/enjoy
korraiko ✦ Art Only ,2025-10-29T09:49:22.059Z,35,0,korraiko.bsky.social,My art gallery  Dark Fantasy & Horror  🖤🥀🖤🥀,at://did:plc:x7rp257pdxmhljcsztertz5o/app.bsky.feed.generator/aaaf3l3a7unma
because of woke,2024-11-15T16:58:45.049Z,35,0,parkermolloy.com,"finds people saying ""because of woke""",at://did:plc:hf7ezrajxadu7v3tzcyij424/app.bsky.feed.generator/aaacow4gsdj3m
🇺🇦 Топ за вчора,2025-01-20T07:58:55.153Z,35,0,bsky.one,"Щоночі вибирається 30 постів, які набрали найбільшу кількість лайків за попередній день.  ⚠️⚠️⚠️ Якщо стрічка пуста, включіть українську в налаштуваннях в розділі Content languages.",at://did:plc:dvgliotey33vix3wlltybgkd/app.bsky.feed.generator/top30
Web Components,2024-11-27T09:55:36.651Z,34,0,darn.es,"A feed pulling in everything, and everyone, talking about Web Components  BlueskyFeedCreator.com",at://did:plc:7bb34ozcdu5lm3ogte3gq433/app.bsky.feed.generator/webcomponents
MakeShitMonday,2024-10-28T18:04:58.750Z,34,0,literallyjustadog.online,All posts with #makeshitmonday show off your cool projects!,at://did:plc:wpp4lklhvmopw6zcy6qb42ru/app.bsky.feed.generator/aaamicuich3sy
World News,2024-11-16T23:51:37.341Z,34,0,handle.invalid,"A curated feed about world news from verified news organizations and journalists.  Maintained by @newsbeacon.co",at://did:plc:rfuovxpxjejsqufb4oi57rah/app.bsky.feed.generator/worldnews
Housing and Real Estate,2023-07-26T14:44:41.401Z,34,0,just-some-feeds.bsky.social, //Made at BlueskyFeeds.com,at://did:plc:eubjsqnf5edgvcc6zuoyixhw/app.bsky.feed.generator/housing
Tattoos,2025-07-28T23:44:27.609Z,34,0,bsky.art,"This dedicated feed spotlights the art of tattooing, emphasizing techniques, tools, and striking ink work. ",at://did:plc:y7crv2yh74s7qhmtx3mvbgv5/app.bsky.feed.generator/tattoos
Webcomics,2023-07-10T11:45:26.616Z,34,0,davis.social,Webcomics feed!   You can also use the following two emojis (together) to appear on the feed: 🕸️💥,at://did:plc:2gx2noukxzwmj6dkxbmh3qt5/app.bsky.feed.generator/aaaea4z2zoeba
Wildfire,2025-01-09T19:17:37.352Z,34,0,davidsacerdote.bsky.social,Wildfire as seen from an environmentalist and researcher perspective  Details about how the feed works are here: https://docs.google.com/spreadsheets/d/1xXY22BKO55GVJWKtXjlGKBSoFOLgBdy2WHE85TQQ3jo/edit?gid=0#gid=0,at://did:plc:o4s55v3tsfph6whswxccpsia/app.bsky.feed.generator/aaadaq7ekcbdq
AnarchySky,2025-01-25T22:18:00.650Z,34,0,sweetbee.vip,#anarchism #anarchist from the whole network,at://did:plc:lcytlkvzs3wslcgbk7i3ygak/app.bsky.feed.generator/aaaj7aoo7r7du
WWE Wrestling,2025-09-22T18:44:39.103Z,34,0,andy.wrestlejoy.com,A curated stream of WWE posts featuring recent discussions and content from the WWE community,at://did:plc:5kk6tru4mdazgfmgyflvz3k2/app.bsky.feed.generator/wwe
Türkçe,2025-09-18T19:42:14.203Z,34,0,ssg.dev,Türkçe Bluesky içeriklerinin tamamı,at://did:plc:4acfam7ybm4rtqrjpuss5hyb/app.bsky.feed.generator/Turkce
earthquake,2023-08-05T21:12:15.932Z,34,0,jakei.bsky.social,"feed of posts that mention ""earthquake""",at://did:plc:vjyot2w7zeomrslomwpfxirl/app.bsky.feed.generator/aaabl5jvqnrgq
🇺🇦 Топ-100 за тиждень,2025-01-20T07:58:54.448Z,34,0,bsky.one,"Топ-100 постів за минулий тиждень. Оновлення щоночі.  ⚠️⚠️⚠️ Якщо стрічка пуста, включіть українську в налаштуваннях в розділі Content languages.",at://did:plc:dvgliotey33vix3wlltybgkd/app.bsky.feed.generator/top100-week
AustralianSheperds,2024-11-14T04:45:08.913Z,34,0,jakei.bsky.social,Posts with Australian Shepherds,at://did:plc:vjyot2w7zeomrslomwpfxirl/app.bsky.feed.generator/aaacr6z2glcom
IndieNews,2024-02-12T12:31:56.434Z,33,0,jakei.bsky.social,A list-based feed for independent news sources.  Send recommendations for more accunts to add to @jakei.bsky.social,at://did:plc:vjyot2w7zeomrslomwpfxirl/app.bsky.feed.generator/aaakvvhk2mqh6
🔴LIVE,2025-03-27T03:51:19.200Z,33,0,stream.place,Livestreams that are live on Stream.place RIGHT. NOW.,at://did:plc:rbvrr34edl5ddpuwcubjiost/app.bsky.feed.generator/live-streams
CraftSky📸,2023-12-28T23:23:21.894Z,33,0,jakei.bsky.social,CraftSky feed but only posts with pictures.,at://did:plc:vjyot2w7zeomrslomwpfxirl/app.bsky.feed.generator/aaac2ifrebmou
Art: ❤️‍🔥 Process Vids,2025-07-29T00:27:44.507Z,33,0,wanderlingworld.bsky.social,Art process videos with the most likes in the last 12 hours. Filters out AI/NFT keywords.,at://did:plc:odqmsar3ikz5ubokya4sempk/app.bsky.feed.generator/topartprocessv
"Computer,",2024-09-05T20:16:54.102Z,33,0,retr0.id,instructions for computer,at://did:plc:vwzwgnygau7ed7b7wt5ux7y2/app.bsky.feed.generator/aaai6mdlu7uxa
Seattle bbs,2024-11-09T09:59:54.985Z,33,0,goose.art,Friends in seattle! Tag @goose.art to join the feed / list.   Don't be WEIRD!! i will YEET YOU!!,at://did:plc:hsqwcidfez66lwm3gxhfv5in/app.bsky.feed.generator/aaaoqwxxx5giu
Shade5_Store,2023-09-22T07:38:38.113Z,33,0,shade5.bsky.social,,at://did:plc:pe5k4d63mfrmqkc5xxfoolkt/app.bsky.feed.generator/aaalzjcmwys7u
Hashtags,2024-09-09T15:35:13.000Z,33,0,mackuba.eu,"Posts with any of your followed #hashtags. To follow a hashtag, create a `blue.feeds.hashtag.follow` record with field { tag: ""tagname"" } 😎",at://did:plc:oio4hkxaop4ao4wz2pp3f4cr/app.bsky.feed.generator/hashtag
Only Posts,2025-03-25T20:35:31.789Z,33,0,mackuba.eu,"Feed that shows all posts from people you follow chronologically, without replies or reposts. (See also the ""Follows & Replies"" version.)",at://did:plc:oio4hkxaop4ao4wz2pp3f4cr/app.bsky.feed.generator/only-posts
Philosophy of Technology,2025-08-02T08:00:28.805Z,33,0,keithwilson.eu,"Feed for Philosophy of Technology, Computing, Data and AI on Bluesky. Tag posts with #philtech, #phildata, #philcomp, #philai, #dataethics or #techethics to include them in this feed. Other hashtag are also supported.  BlueskyFeedCreator.com",at://did:plc:3bybp6nqszlhuan2ch2cmv66/app.bsky.feed.generator/tech
Inky's Post Shack,2024-11-23T20:21:46.866Z,33,0,ennuidoofen.bsky.social,,at://did:plc:7bv2ca3yawj662o7qxd5xyt7/app.bsky.feed.generator/aaafvh6iduq44
Cumsluts,2025-08-26T20:54:39.818Z,33,0,realnsfw.social,"To join, must be followed by me then tag #cumsluts",at://did:plc:db645kt5coo7teuoxdjhq34x/app.bsky.feed.generator/aaaexha6am2jw
#supportartists,2023-07-24T10:08:38.163Z,32,0,wanderlingworld.bsky.social,"Feeds into aggregate feed ""Art: Support Artists"". Use #supportartists or #artistsupport. Filters out AI/NFTs",at://did:plc:odqmsar3ikz5ubokya4sempk/app.bsky.feed.generator/aaairxfxp3kfi
AWS Community,2023-07-17T15:24:40.916Z,32,0,martzmakes.com,"This is a test feed served from an AWS Lambda. It is a list of AWS Employees, AWS Heroes and AWS Community Builders",at://did:plc:a62mzn6xxxxwktpdprw2lvnc/app.bsky.feed.generator/aws-community
AltSky 🔞,2025-08-26T20:58:01.118Z,32,0,realnsfw.social,"Must be followed by me, then use any #alt #altsky #goth #tattoo #pierced hashtags  icon model: @seductivelysoul.art",at://did:plc:db645kt5coo7teuoxdjhq34x/app.bsky.feed.generator/aaaj55o5ewqrg
US Lawmakers,2023-11-01T12:17:57.865Z,32,0,eepy.bsky.social,Feed that pulls from a list of all the US congresspeople and senators I could find on bsky. Please @ me if you notice someone is missing from the list or if anyone should be removed.,at://did:plc:5rw2on4i56btlcajojaxwcat/app.bsky.feed.generator/aaais675l3nce
GirlNextDoor,2025-08-26T20:56:38.712Z,32,0,realnsfw.social,"NSFW Girl Next Door feed. 18+ MDNI  To join: 1 - must be followed by @blueskybaddies.bsky.social 2 - use #GirlNextDoor on any post  main feed: https://bsky.app/profile/did:plc:db645kt5coo7teuoxdjhq34x/feed/aaamkr6xjlwb2",at://did:plc:db645kt5coo7teuoxdjhq34x/app.bsky.feed.generator/aaajlyi7ajl3a
#SLPeeps,2024-11-18T11:56:25.676Z,32,0,afreeparticle.com,A feed for #SLPeeps (Speech & Language Pathology)  #SLPeeps|#SLP |#SLP2b|#Aud |#AudPeeps,at://did:plc:l72uci4styb4jucsgcrrj5ap/app.bsky.feed.generator/aaal22w2qtrtw
dil art,2023-07-24T23:16:16.799Z,32,0,dilukha.bsky.social,art by dilukha,at://did:plc:lid3vzdprdpwvvfrnborhocg/app.bsky.feed.generator/aaaiwo7ku73du
Open-Source Hardware,2023-07-04T14:33:20.095Z,32,0,adafruit.com,Open-Source Hardware,at://did:plc:segbeysljfhv5rs7rmij7hpp/app.bsky.feed.generator/aaacekox36vpa
Turbo Jerry's Posts,2024-06-27T19:33:43.360Z,31,0,ennuidoofen.bsky.social,,at://did:plc:7bv2ca3yawj662o7qxd5xyt7/app.bsky.feed.generator/aaafvpgpiktma
You lucky bastards,2024-01-19T15:20:55.495Z,31,0,jakevig.bsky.social,Jake Vig Solo,at://did:plc:4biy4v5nhe6h2wh25oveas64/app.bsky.feed.generator/aaanqkdaizoek
Commissions open!,2024-03-13T19:43:34.813Z,31,0,fenarinarsa.com,"Artists and other accounts announcing that their commissions are open!  Does not filter out NSFW (check your ""Moderation"" settings).  Icon created by Flat Icons.",at://did:plc:fb3iwxg23jziddgbtsixx3zu/app.bsky.feed.generator/aaackgdz3xqlg
KubeCon and Co-Lo Events,2025-09-15T04:06:35.103Z,31,0,terrytangyuan.xyz,"Feeds for KubeCon and CloudNativeCon + all co-located events. Sorted by HN Ranking algorithm.   Ping @terrytangyuan.xyz for suggestions and reporting spam accounts (maintained in my ""Blocked"" list).",at://did:plc:wb4chyxecnojex7l6vyha2xf/app.bsky.feed.generator/aaabmyhb54ye6
PsychLaw,2023-09-28T21:37:58.897Z,31,0,anthonyperillo.bsky.social,"For posts on psycholegal issues & the intersection of psychology & law: #PsychLaw, PsychologyLaw,  LegalPsych, Psych and Law, Psychology and Law",at://did:plc:atzau7eojuw52zuc55odurau/app.bsky.feed.generator/aaantkjvurwg2
Popular,2025-01-06T05:13:45.250Z,31,0,edavis.dev,Ranking Hotness with Newton's Law of Cooling,at://did:plc:4nsduwlpivpuur4mqkbfvm6a/app.bsky.feed.generator/popular
s&gess,2024-12-01T20:52:25.165Z,31,0,zig.computer,,at://did:plc:cxuzwp5dzmxkrdr55qh25mgb/app.bsky.feed.generator/aaaak5v53nuk2
Media,2023-07-26T08:45:09.619Z,30,0,fek.bsky.social,Every post Fek has made that contains an image.,at://did:plc:idvc2dxhosi7hckhyw6byali/app.bsky.feed.generator/aaajeokl5mcnk
🗒️ Journalists,2023-12-01T21:56:39.451Z,30,0,aendra.com,All posts by verifiable journalists. Maintained by @aendra.com.,at://did:plc:kkf4naxqmweop7dv4l2iqqf5/app.bsky.feed.generator/journalists
EVs,2023-07-19T14:59:51.486Z,30,0,davidbfox.com,A feed featuring Electric Cars and Ebikes.,at://did:plc:tcvhfoahhoc73kzikoabmevt/app.bsky.feed.generator/aaaecfxvkdum4
🇺🇦 Треди,2025-01-20T07:58:55.248Z,30,0,bsky.one,"Треди (4+ пости) з каталогу BSKY.ONE.  ⚠️⚠️⚠️ Якщо стрічка пуста, включіть українську в налаштуваннях в розділі Content languages.",at://did:plc:dvgliotey33vix3wlltybgkd/app.bsky.feed.generator/threads
Romance Reader,2024-11-15T20:35:49.825Z,30,0,allieiswriting.bsky.social,"Romance Reader talk only, no promo/author talk. Use one of the following to have post included: rombookchat|rombkchat|rombktalk|#rombookchat|#rombkchat|#rombktalk",at://did:plc:qywyjbhivdo4b333ilkf2zsh/app.bsky.feed.generator/aaalfy2ir6dto
Digital 3D Art,2025-07-28T23:44:20.401Z,30,0,bsky.art,"This dedicated feed spotlights the world of digital 3D art, emphasizing advanced software, cutting-edge techniques, and creative workflows. ",at://did:plc:y7crv2yh74s7qhmtx3mvbgv5/app.bsky.feed.generator/digital3dart
🐾 Test 🚨🛠️,2025-11-03T18:09:11.758Z,30,0,furryli.st,Experimental version of the '🐾 Hot' feed. test test  double break,at://did:plc:jdkvwye2lf4mingzk7qdebzc/app.bsky.feed.generator/furry-test
Pics of Pics,2025-01-26T02:01:11.956Z,30,0,so-asano.com,"Like a post with pics, and the feed changes its scenery.",at://did:plc:pxwzal3aspfg2xnbbt2fjami/app.bsky.feed.generator/pics-of-pics
Ass in Thong,2025-08-26T20:57:43.310Z,30,0,realnsfw.social,"use #thong AND #ass to add a post  Must be followed by @blueskybaddies.bsky.social to appear  Main feed: https://bsky.app/profile/did:plc:db645kt5coo7teuoxdjhq34x/feed/aaamkr6xjlwb2",at://did:plc:db645kt5coo7teuoxdjhq34x/app.bsky.feed.generator/aaaexps7d3onq
Small Girls,2025-10-22T02:02:05.867Z,30,0,realnsfw.social,"NSFW #smallgirls feed. NOT just petite! Just small. (petite welcome too <3)  Must be followed by @blueskybaddies.bsky.social to join, then tag #SmallGirl #SmallGirls #SmallWaist etc  https://bsky.app/profile/did:plc:db645kt5coo7teuoxdjhq34x/feed/aaamkr6xjlwb2",at://did:plc:db645kt5coo7teuoxdjhq34x/app.bsky.feed.generator/aaajl2trgd2d4
Top Skeets by Beave ,2024-05-04T04:55:22.632Z,30,0,beaveinflow.bsky.social,Best of Beave Skeets,at://did:plc:kvec6rzfk4af2gjfiu33ccf2/app.bsky.feed.generator/aaakj4nnz7hgi
Leaves is Plants,2025-09-24T22:37:54.149Z,30,0,andy.wrestlejoy.com,"Garden and cowboy-themed posts featuring Hangman Page content  To get plant posts in this feed, you MUST use both a cowboy emoji 🤠 AND a plant emoji together (🌱🌿🍀🌾🌳🌲🌴🌵🌻🌺🌸🌼🌷💐🥀🪴🍂🍁🪷🪻 etc.)  Also includes: #gardensky, #leavesisplants hashtags, and all posts from @hangmanpage.bsky.social",at://did:plc:5kk6tru4mdazgfmgyflvz3k2/app.bsky.feed.generator/gardensky
🐾 DenFur 2024,2025-11-03T18:09:14.459Z,30,0,furryli.st,Furry A feed for all things DenFur! Use #denfur or #denfur2024 to include a post in the feed.  Join the furry feeds by following @furryli.st,at://did:plc:jdkvwye2lf4mingzk7qdebzc/app.bsky.feed.generator/con-denfur
PK's Bangers,2024-11-25T09:03:37.552Z,30,0,professorkiosk.wtf,"Professor Kiosk's ""best"" posts",at://did:plc:plpviiolyyfxmopm6cqloy2b/app.bsky.feed.generator/aaajqswcg7w2k
Pop culture,2025-02-06T22:35:43.059Z,29,0,cxni.bsky.social,Trending content from Pop culture & users of Bluesky.,at://did:plc:mvb2prctcnsv3si64j6p2g7i/app.bsky.feed.generator/aaaif2g4ak4js
Robot Art,2025-07-29T00:44:25.507Z,29,0,aimeecozza.com,"Robot art feed! Full of awesome robotics-themed artwork. To hit this feed, use any of the following: #RobotArt, 🤖🎨, #robot AND #art (I.E. #Robot #Art) or #robots AND #art. No AI works. Do not spam. Rule breakers will be blocked from the feed.",at://did:plc:orwmq33pobteowpzc5gzwwil/app.bsky.feed.generator/aaac5okcsfli6
Liverpool FC News,2024-11-17T02:19:36.056Z,29,0,scouse-git.bsky.social,"A feed from journalists posting about the World's greatest football club, Liverpool FC.  Stay up-to-date with team news, rumours, interviews, and match reports.  (Pro Tip: You can mute individual journalists if you're not interested in their output.)",at://did:plc:zwcvyuffllm3vhufaeq7evv6/app.bsky.feed.generator/aaadpuuwycv36
NSFW Daily Threads +,2025-01-22T02:33:15.958Z,29,0,missmeringue.love,"NSFW Daily Threads + (more inclusive)  includes: monday: massive mammary, masturbation, milf, mombod, monochrome; tuesday: titty, tummy; wagon: wagon; thursday: thigh; friday: femboy, fishnet, flash, foot fetish, fuzzy; saturday: sexy;  sunday: sinful;  -dm me if I am missing your favorites!",at://did:plc:2j4w2o4xmkbheromzo73r5sv/app.bsky.feed.generator/aaaely5dbwl2m
Brunette Babes,2025-08-26T20:56:13.105Z,29,0,realnsfw.social,"Hottest brunette babes on Bluesky 🦋 verified real accounts ✅  (to be featured, link in bio to join RealNSFW list, then use #brunette on any post)  main feed: https://bsky.app/profile/did:plc:db645kt5coo7teuoxdjhq34x/feed/aaamkr6xjlwb2",at://did:plc:db645kt5coo7teuoxdjhq34x/app.bsky.feed.generator/aaaeyd63g2elm
МК Bluesky акаунти,2024-11-29T09:13:17.950Z,29,0,jiggymkd.bsky.social,Feed со македонски Bluesky акаунти.,at://did:plc:bxf4yiwm5pburitexxrwc6ya/app.bsky.feed.generator/aaamgaznvhrbw
SunshineSky,2024-11-18T21:20:43.751Z,29,0,a-marshall-plan.bsky.social,"The FOIA and public records feed for Bluesky! This list returns posts with ""FOIA"", ""#FOIA"", opengov, or ""freedom of information"" in the post text or URL   //v0.2 - rev November 2024 -contact a-marshall-plan@bsky.social for bugs & requests//",at://did:plc:dmae3nbk7qf5n2mb2eod47eu/app.bsky.feed.generator/aaaar3vcno4gy
COPFEED,2024-11-11T07:08:26.383Z,28,0,ketanjoshi.co,a simple feed returning #cop29 posts with at least 1 repost  (coming soon: filtering out spam)  by @ketanjoshi.co,at://did:plc:66lbtw2porscqpmair6mir37/app.bsky.feed.generator/aaabt5mca53su
the malady lingers on,2023-09-06T14:46:11.688Z,28,0,bornmiserable.bsky.social,what I expect to be read aloud at my funeral,at://did:plc:h4j2lwrcd2bxlncqqmnoy7vy/app.bsky.feed.generator/aaagy3sl34xjg
AEW Bottom Feed,2025-09-22T18:42:36.304Z,28,0,andy.wrestlejoy.com,AEW Wrestling posts with the least engagement - discover the overlooked gems from the community,at://did:plc:5kk6tru4mdazgfmgyflvz3k2/app.bsky.feed.generator/aew-bottom
Collage Feed,2024-10-29T00:52:30.209Z,28,0,unbandito.bsky.social,A feed for collage artists. Tracks Unbandito's collage artists list and picks up any post that uses the word collage or the ✂️📰 emojis. Under construction.,at://did:plc:tvxdnawj2x7g6pxaqhmd3n2p/app.bsky.feed.generator/aaalhltsjoeec
Nileo's Resources,2023-09-08T18:37:38.240Z,28,0,nileoart.rip,Cool tips and resources for drawing (and maybe other stuff idk),at://did:plc:rv5zvltua2akdui2me5trtm6/app.bsky.feed.generator/aaahpfh3jnrvi
Deez bangers,2024-11-19T00:18:20.819Z,28,0,dly.bsky.social,D's posts that people seem to like idk,at://did:plc:xccx7ujmsaolft6ukd2oakkx/app.bsky.feed.generator/aaaedsczl53cc
ATProjects,2024-12-10T18:48:48.873Z,28,0,mackuba.eu,Links to projects on GitHub filtered from the main ATProto feed,at://did:plc:oio4hkxaop4ao4wz2pp3f4cr/app.bsky.feed.generator/atproto-links
#milf,2025-09-25T00:56:05.856Z,28,0,missmeringue.love,#milf posts,at://did:plc:2j4w2o4xmkbheromzo73r5sv/app.bsky.feed.generator/milf
nthlwd art,2023-08-15T11:16:58.335Z,28,0,nthlwd.bsky.social,All artwork,at://did:plc:z6nafmwgt4n7sqrraqa7ei4t/app.bsky.feed.generator/aaapusnabinn2
ShibaSky,2023-11-02T22:25:04.585Z,28,0,jakei.bsky.social,"ShibaSky is photos only that have ""shiba"" in the alt text so it *should* only be pictures of Shiba Inu dogs but if not contact @jakei.bsky.social",at://did:plc:vjyot2w7zeomrslomwpfxirl/app.bsky.feed.generator/aaaikaxzix63k
Vonzent Art,2024-10-30T01:27:33.623Z,28,0,vonzent.bsky.social,Vonzent Art  a feed of only the art post  Will only show post starting from 10-29-2024 and onward. Will over time re post old work with proper tags to appear here!,at://did:plc:gj7u6ffipoeb77hnph3vcnqy/app.bsky.feed.generator/aaanv77mn6xnw
子育て,2024-02-12T03:46:52.903Z,28,0,itokonn.bsky.social,お子さんを育てるみなさんのフィードです。お疲れ様です。 ノイズ多めです,at://did:plc:qq4q5nsxhl4m7gmvnf7mdgek/app.bsky.feed.generator/aaah2vpqojaki
Pregnant MILFs,2025-07-29T01:01:03.308Z,27,0,realmilfs.love,"Pregnant moms  Ran by @realmoms.love SW owned Tracking #pregnant #pregnantporn #pregnancyporn #pregnancy #preggo #lactation #futuremilf #pregnantmilf",at://did:plc:x2whmtldm45y65l6gpav5lfz/app.bsky.feed.generator/pregnant
SurfSky🏄,2024-12-19T05:24:25.953Z,27,0,jakei.bsky.social,"Surf Sky is feed for surfers and surfing fans. Inlcude the ""surfsky"" in your post for it to show up in feed.",at://did:plc:vjyot2w7zeomrslomwpfxirl/app.bsky.feed.generator/aaagbvel57k4e
Apple Vision Pro,2023-08-05T05:33:14.740Z,27,0,emmanuel.bsky.nyc,"We just saw the WWDC 2023 stream and the unveiling of the Apple Vision Pro, Apple's first Spatial Computer. This feed is built to connect you to the active conversations surrounding the Apple Vision Pro",at://did:plc:f7gdbr6mkxcukdnjd7vdl4q4/app.bsky.feed.generator/wwdc23avp
"it me, kd",2023-08-22T11:40:40.318Z,27,0,kattsdogma.bsky.social,,at://did:plc:bgwoouqx463ponaj5f4wy5y2/app.bsky.feed.generator/aaab3vh6gtzlc
元 日本語高速反映ふゐゐど,2025-09-19T17:49:59.800Z,27,0,raitako.com,,at://did:plc:rmpcdvowarn4rcz4slzl76k2/app.bsky.feed.generator/ja
Twitch Live Now (18+),2025-08-26T20:55:11.607Z,27,0,realnsfw.social,"twitch links from verified adult creators  (must be followed by me to be featured)",at://did:plc:db645kt5coo7teuoxdjhq34x/app.bsky.feed.generator/aaaeypa2nqiha
BBWsky,2025-08-26T20:55:55.606Z,27,0,realnsfw.social,"NSFW #BBW feed  Must be followed by @realnsfw.social to join, then use any #BBW type tag to add your post.  Main feed: https://bsky.app/profile/did:plc:db645kt5coo7teuoxdjhq34x/feed/aaamkr6xjlwb2",at://did:plc:db645kt5coo7teuoxdjhq34x/app.bsky.feed.generator/aaajl3roiw6qe
Paper Skygest Bookmarks,2025-05-05T14:35:15.989Z,27,0,paper-feed.bsky.social,Posts about papers that you have liked.,at://did:plc:uaadt6f5bbda6cycbmatcm3z/app.bsky.feed.generator/paper-bookmarks
topic blender,2024-03-26T14:32:45.294Z,27,0,why.bsky.team,topic detection based feed,at://did:plc:vpkhqolt662uhesyj6nxm7ys/app.bsky.feed.generator/topicmix
Bookmarks,2025-01-22T22:38:35.455Z,27,0,skymark.me,Your bookmark companion for Bluesky. DM the @skymark.me account to save posts to this feed. You can also manage your bookmarks and collections via the web app (link in bio).,at://did:plc:sy5rzmzyu6rvsxnkgis5v4pq/app.bsky.feed.generator/bookmarks
読んじゃった!みんな読んで！,2023-08-10T18:59:12.553Z,27,0,itokonn.bsky.social,「読んじゃった」漫画や雑誌・小説、 「みんな読んで！」とお勧めしたい記事や作品を集めたfeedです。,at://did:plc:qq4q5nsxhl4m7gmvnf7mdgek/app.bsky.feed.generator/aaaluaujlwqn2
Trust & Safety Feed,2025-06-23T13:25:09.737Z,27,0,iftas.org,"Conversations about Trust and Safety, and community / content moderation. *UPDATE* now restricted to content from https://bsky.app/profile/iftas.org/lists/3lpax4qzrrf24 (DM me for suggestions to add)",at://did:plc:ngve5na356bhaet3bwvf2brr/app.bsky.feed.generator/aaaka26kinvjk
喫茶店（おうち込み）,2023-07-22T21:08:35.212Z,27,0,itokonn.bsky.social,みんなのカフェブレイク,at://did:plc:qq4q5nsxhl4m7gmvnf7mdgek/app.bsky.feed.generator/aaah26bjox7qm
🚀 Over 500,2025-10-15T23:27:14.420Z,26,0,lukesteuber.com,"Posts with more than 500 likes in the past 24 hours, newest to oldest. A good way to check what's trending.   Filtered for spam (hopefully), not taste.  @lukesteuber.com",at://did:plc:muhesxre7yfcuqi5ss2fskjc/app.bsky.feed.generator/aaaoums2lcnaq
Bsky Team Links,2024-06-30T00:51:55.000Z,26,0,mackuba.eu,Posts with links from members of the Bluesky team.,at://did:plc:oio4hkxaop4ao4wz2pp3f4cr/app.bsky.feed.generator/teamlinks
Olimar's Log🌱,2023-11-07T12:55:31.036Z,26,0,radobrien.myatproto.social,"A feed for everything Pikmin related!  For now, posts or alt text must include the words pikmin, olimar, or louie",at://did:plc:kpmeqsgi52jt2vz2ttaj43nq/app.bsky.feed.generator/aaagtskiarx5q
Amateurs Only,2025-08-26T20:55:53.710Z,26,0,realnsfw.social,"Amateur or independent porn creators Must have age verification link Ask to be added to my lists then use #amateur",at://did:plc:db645kt5coo7teuoxdjhq34x/app.bsky.feed.generator/aaaavywzqw6ck
Follow Mentions,2023-11-13T23:28:57.314Z,26,0,flicknow.xyz,"Only posts that directly reply, mention, or quote post you from the people you follow.  If you are having issues with missing posts please consider removing all languages from Content Languages in your Settings ",at://did:plc:wzsilnxf24ehtmmc3gssy5bu/app.bsky.feed.generator/f-mentions
#infosec,2023-05-22T13:44:23.362Z,26,0,skyfeed.xyz,Posts with #infosec from the whole network,at://did:plc:tenurhgjptubkk5zf5qhi3og/app.bsky.feed.generator/h-infosec
Streamers going live,2024-10-26T12:08:36.511Z,26,0,fenarinarsa.com,Streamers going live!  Monitors twitch/youtube links and the following hashtags: #live #artstream #goinglive #furrylive,at://did:plc:fb3iwxg23jziddgbtsixx3zu/app.bsky.feed.generator/aaabrj2rk64zy
X-Files 👽,2024-08-11T21:09:55.294Z,26,0,radobrien.myatproto.social,Bluesky's go to resource for all things X-Files.  The Truth is Out There,at://did:plc:kpmeqsgi52jt2vz2ttaj43nq/app.bsky.feed.generator/aaaezdyjoaupm
miss meringue videos,2025-09-24T16:01:55.050Z,25,0,missmeringue.love,miss meringue nsfw videos,at://did:plc:2j4w2o4xmkbheromzo73r5sv/app.bsky.feed.generator/mmeringuevids
Garbage Cock.,2025-01-08T02:58:31.854Z,25,0,lscrapl.bsky.social,....,at://did:plc:b2vvv3yl4de2cbxfspo7j3ek/app.bsky.feed.generator/aaabix6ueztkw
Knights of Guinevere,2025-10-16T20:38:05.687Z,25,0,fenarinarsa.com,"Posts about Knights of Guinevere, a Glitch show by Dana Terrace, Zach Marcus and John Bailey Owen.",at://did:plc:fb3iwxg23jziddgbtsixx3zu/app.bsky.feed.generator/aaahnrjktbxqq
Funflaps is amazing,2024-12-11T00:54:52.551Z,25,0,xinicit.bsky.social,I hope this gives you the good brain juice,at://did:plc:zzjoncowxyg6a4dqfkvnpi2k/app.bsky.feed.generator/aaaazcvfdhnqq
Discworld QOTD,2023-10-25T20:24:32.626Z,25,0,natureintheory.bsky.social,Discworld QOTDs.  That's it. Just quotes from Discworld by Terry Pratchett. Made because there wasn't one & I'm too lazy to search every time I want to read some :D,at://did:plc:xwa7bqilcayrbrrsy33cxr2c/app.bsky.feed.generator/aaagswrdx5yfs
18+ ND,2023-07-12T10:43:42.064Z,25,0,bossett.social,A feed of people with 18+ and neurodivergent terms in bio. (Credit to @frecksandframes.bsky.social for the idea),at://did:plc:jfhpnnst6flqway4eaeqzj2a/app.bsky.feed.generator/18-plus-nd
#openai,2023-05-22T13:44:19.737Z,25,0,skyfeed.xyz,Posts with #openai from the whole network,at://did:plc:tenurhgjptubkk5zf5qhi3og/app.bsky.feed.generator/h-openai
hourly comics day!,2025-02-01T19:25:40.579Z,25,0,kayleerowena.com,"follows #hourlycomicday, #hourlycomicsday, #hourlycomicday2025, & #hourlycomicsday2025!",at://did:plc:x5llhscdpzmqagpcz5vvxjtv/app.bsky.feed.generator/aaamdm653balg
Slovenija,2025-02-17T18:48:45.759Z,25,0,mclion.eu,Objave v slovenščini in/ali od slovenskih uporabnikov.  Posts in Slovenian or by Slovenian users.   Work in progress.,at://did:plc:uvqobvwjh7jsavdmiq4jn27m/app.bsky.feed.generator/aaajkft5wrycg
Poetry,2024-03-31T19:26:10.132Z,25,0,whistberry.bsky.social,"Simple feed to capture posts with the words poetry, poet or poem in them",at://did:plc:abv47bjgzjgoh3yrygwoi36x/app.bsky.feed.generator/aaafxz2r7xtew
"Absolutely, buddy",2023-08-23T11:00:05.581Z,25,0,itsabbyyep.bsky.social,My posts and/or skeets that are mine by abbycohenwl,at://did:plc:awyncbnck2xzf4obkdqep7ms/app.bsky.feed.generator/aaaovdhpfgmmm
Stand Up Comedy,2025-10-05T20:04:11.161Z,25,0,sweetbee.vip,Anyone can use #StandUpComedy or #StandUpComedian to add a post here,at://did:plc:lcytlkvzs3wslcgbk7i3ygak/app.bsky.feed.generator/aaaoiim2fhpf4
My Moon Pics,2025-02-21T13:11:38.553Z,25,0,numb.comfortab.ly,Pictures of the Moon I shot with my phone camera,at://did:plc:pmyqirafcp3jqdhrl7crpq7t/app.bsky.feed.generator/aaamlsxm7a4no
Space 🔭🌌,2025-05-22T02:07:34.845Z,25,0,sugataai.com,"A Space for Space, The vast unknown, infinite source of Energy and Matter",at://did:plc:xlupw2b5v6f7dm5hpvsco4eq/app.bsky.feed.generator/aaailriy6pxmo
Chez Sandríne,2025-10-25T21:49:42.457Z,25,0,earlgreymemes.club,"Computer, activate holodeck program Chez Sandríne à Marsailles. Load characters: Janeway, Chakotay, Tuvok, Seven, Neelix, Tom, Harry, B'Elanna, the EMH, and Tuvix. Safety protocols... off  Bluesky feed for Star Trek: Voyager #VOY #Voyager #StarTrek  [ID: Janeway sits on a pool table]",at://did:plc:hopmtyvc3dhv62ofiuzii5t7/app.bsky.feed.generator/aaacd335vkara
☠️Kissinger☠️,2023-11-30T15:52:17.381Z,25,0,jakei.bsky.social,"every post/reply with the word ""kissinger"" and some reference to death or dying",at://did:plc:vjyot2w7zeomrslomwpfxirl/app.bsky.feed.generator/aaae7gevpxq26
A Month of Dick 2026 🐋,2025-12-01T00:24:38.035Z,25,0,jacobharr.is,"The feed for The Month of Dick 2026. If you are participating, post to the feed with the whale 🐋 emoji or #md",at://did:plc:ne454cutmmpesxbcvkvz375d/app.bsky.feed.generator/aaahv6i6ejszs
Swordtember!,2023-09-01T12:12:58.705Z,24,0,davis.social,"All mentions of ""swordtember"" with or without the hashtag, in chronological order.",at://did:plc:2gx2noukxzwmj6dkxbmh3qt5/app.bsky.feed.generator/aaafd4cenhgmw
#DevLangDis,2024-11-22T20:56:31.067Z,24,0,afreeparticle.com,Posts tagged with #DevLangDis or #DLD,at://did:plc:l72uci4styb4jucsgcrrj5ap/app.bsky.feed.generator/aaafljqrblbum
Alt Text,2023-06-27T22:24:52.000Z,24,0,retr0.id,Posts with images with alt text. (excluding replies and quotes),at://did:plc:vwzwgnygau7ed7b7wt5ux7y2/app.bsky.feed.generator/alttext
Border Collies,2024-11-14T07:14:23.186Z,24,0,jakei.bsky.social,pictures of border collies,at://did:plc:vjyot2w7zeomrslomwpfxirl/app.bsky.feed.generator/aaacsfwy6umn2
#bouncy #boobs,2025-11-10T17:29:49.261Z,24,0,missmeringue.love,"boobs in motion, including: #tittydrop #tittyfuck #bouncingboobs",at://did:plc:2j4w2o4xmkbheromzo73r5sv/app.bsky.feed.generator/bouncyboobs
Cities: Skylines,2023-09-10T11:48:50.342Z,24,0,fema.monster,Simple feed for CS1 & CS2. Be sure to also check out the Urbanism+ feed in my profile!  #citiesskylines,at://did:plc:lptjvw6ut224kwrj7ub3sqbe/app.bsky.feed.generator/aaaiaksaw4bug
立ち食いそば,2024-03-03T10:45:19.238Z,24,0,bay2501.bsky.social,立ち食いそば（立ち食い蕎麦、立食そば、立食蕎麦、駅そば、駅蕎麦、路麺）のフィードです,at://did:plc:7hkvv6ony3b42zsuu4paznj2/app.bsky.feed.generator/aaajv6fu3p3hy
Fat Gandalf,2023-09-14T12:37:21.101Z,24,0,sofarrsogud.bsky.social,,at://did:plc:hd45ud24roeoli4qe7ot24e3/app.bsky.feed.generator/aaaf7lua7l5cm
#starwars,2023-05-22T13:44:14.395Z,24,0,skyfeed.xyz,Posts with #starwars from the whole network,at://did:plc:tenurhgjptubkk5zf5qhi3og/app.bsky.feed.generator/h-starwars
i repost ,2025-04-28T16:03:45.589Z,24,0,luiscordoba.bsky.social,my mutual reposts!,at://did:plc:gkdzhhasll5lweby2pnakh3c/app.bsky.feed.generator/aaafmb5gbymae
All Photography,2025-07-28T23:28:05.619Z,24,0,sweetbee.vip,"All inclusive photography feed, adding every photography related hashtag. Chronological order  This feed pulls from the whole network, and excludes several lists of content scrapers etc, but I cannot guarantee that there will be none of these. Tage me if needed @sweetbee.vip",at://did:plc:lcytlkvzs3wslcgbk7i3ygak/app.bsky.feed.generator/aaaao3oh7brdk
#Covid,2023-09-24T09:32:03.516Z,24,0,allyann.bsky.social,All things Covid  Image by Pete Linforth from Pixabay,at://did:plc:3sn6bogankaicebzdb7liro3/app.bsky.feed.generator/aaadat3gjy3sk
WebAssembly,2024-11-20T17:52:27.859Z,24,0,rreverser.com,Posts mentioning WebAssembly or related tooling.,at://did:plc:pkzt5mk76dc3fnd7w7l7veyr/app.bsky.feed.generator/aaamxjvejdxbu
Follow All Mentions,2023-11-13T23:23:29.317Z,24,0,flicknow.xyz,"All posts that from people you follow that reply, mention, or quote post you. Includes indirect replies and replies to any quote posts.  If you are having issues with missing posts please consider removing all languages from Content Languages in your Settings ",at://did:plc:wzsilnxf24ehtmmc3gssy5bu/app.bsky.feed.generator/f-allmentions
Bluesky Leaks 👀,2024-08-25T12:29:54.873Z,24,0,j4ck.xyz,See what the Bluesky employees are saying is coming soon!,at://did:plc:4hawmtgzjx3vclfyphbhfn7v/app.bsky.feed.generator/aaag2oy3ufd26
One-Liners,2023-10-26T15:26:08.518Z,24,0,retr0.id,"""one-liners"" only, with like-hotness ranking. (via skyfeed)",at://did:plc:vwzwgnygau7ed7b7wt5ux7y2/app.bsky.feed.generator/aaajaamvmcjey
Bowser's Day,2025-08-05T19:42:28.209Z,24,0,eruprior.bsky.social,Everyday is Bowser's Day!,at://did:plc:ck4pzyn7j444vulars4sqgld/app.bsky.feed.generator/aaahxqgldqtjw
#SSChat,2023-10-21T23:16:35.470Z,24,0,afreeparticle.com,History and Social Studies Educators,at://did:plc:l72uci4styb4jucsgcrrj5ap/app.bsky.feed.generator/aaafkx3slxsju
Art: Shop Vids,2025-07-29T00:27:49.203Z,24,0,wanderlingworld.bsky.social,"Videos by art shop owners of merch, merch creation, packing, shop updates, etc! Filters out AI/NFTs Use #artshop on a video post",at://did:plc:odqmsar3ikz5ubokya4sempk/app.bsky.feed.generator/artshopvids
Fintubers of Bluesky,2024-10-29T13:28:59.624Z,23,0,skyeblaise.tech,The feed bringing you more wonderful Finnish Vtubers into your Bluesky feed!,at://did:plc:igwn63ylvhgsttdq3foc7kkb/app.bsky.feed.generator/aaahvrgf2nbta
Raspberry Pi Pico,2024-12-06T01:00:38.654Z,23,0,gadgetoid.com,"The Raspberry Pi Pico feed, covering Pico and RP2040/RP2350 boards.  Hashtags: #rp2350 #rp2040 #raspberrypipico  Moderated by @gadgetoid.com. If you see something off-topic, let me know!  Discord: https://discord.gg/aVqkDhX9 Pinout: https://pico.pinout.xyz Donate: https://ko-fi.com/gadgetoid",at://did:plc:pmwj4rtm2osjxcaluhktsp2r/app.bsky.feed.generator/pico
HandsOffMyPorn,2024-12-29T20:41:40.356Z,23,0,sweetbee.vip,Stop Project 2025 #StopProject2025  Stop Kosa #StopKosa   #HandsOffMyPorn  https://handsoffmyporn.com/ (not affiliated),at://did:plc:lcytlkvzs3wslcgbk7i3ygak/app.bsky.feed.generator/aaamgz3ufvvhg
Hailey's Kittens,2025-08-26T23:31:21.000Z,23,0,mackuba.eu,Photos of Hailey's two orange kittens 🐈🐈,at://did:plc:oio4hkxaop4ao4wz2pp3f4cr/app.bsky.feed.generator/kittens
Pam's Feed,2023-08-25T12:09:14.360Z,23,0,ennuidoofen.bsky.social,,at://did:plc:7bv2ca3yawj662o7qxd5xyt7/app.bsky.feed.generator/aaac3kgfuy24q
Bandcamp Links,2025-09-08T16:22:36.403Z,23,0,knowtheory.net,,at://did:plc:l5yz32nydpebjlcdfgycmf3x/app.bsky.feed.generator/bandcamp-links
Beagles,2024-11-14T05:06:52.085Z,23,0,jakei.bsky.social,pictures of beagles,at://did:plc:vjyot2w7zeomrslomwpfxirl/app.bsky.feed.generator/aaacsd6tm4tfk
Cooking (gift article),2024-10-17T06:28:51.757Z,23,0,oracularhades.com,"This feed shows gifted articles for cooking from news outlets, currently including: - NYTimes (cooking.nytimes.com)",at://did:plc:wtdzzfgzjpirnk5wvpjutqoy/app.bsky.feed.generator/aaajsjrphr3s2
#skybusty videos,2025-10-03T01:17:22.150Z,23,0,missmeringue.love,videos from the big boob posts,at://did:plc:2j4w2o4xmkbheromzo73r5sv/app.bsky.feed.generator/bigboobvideos
Maine Politics,2024-11-14T01:04:22.286Z,23,0,tilmonedwards.com,Use the #mepolitics to add to the feed,at://did:plc:txfqncx66asrjzitxfur3of6/app.bsky.feed.generator/aaacqkuiyzxrs
Blue’s Sky 🔞🧜🏾‍♀️🦋,2024-12-21T06:31:17.450Z,23,0,bluelasiren.bsky.social,📌 Pin me to your home screen so you can see all my photos and videos all in one place ! 🦋  BlueskyFeedCreator.com,at://did:plc:dynxvhvn6o5yw6mxswxy3wib/app.bsky.feed.generator/bluessky
#tiktok,2023-05-22T13:44:46.474Z,23,0,skyfeed.xyz,Posts with #tiktok from the whole network,at://did:plc:tenurhgjptubkk5zf5qhi3og/app.bsky.feed.generator/h-tiktok
Iditarod,2023-08-04T07:36:46.698Z,23,0,shroderdog.net,Iditarod feed dedicated to mushing and the race. A clean place for #uglydogs without the clutter of other discussions,at://did:plc:xhhnumnbs5wraghiksrikz3q/app.bsky.feed.generator/aaamas7rstwpu
Fun Flaps Rocks,2023-08-22T19:42:33.893Z,23,0,missriss.bsky.social,search link,at://did:plc:moj6trvqbhappapbpf6rkhqo/app.bsky.feed.generator/aaacaqxkrx5y2
Cheers! A Drinks Feed,2024-12-22T17:55:20.346Z,23,0,richardelm.bsky.social,"I created a curated list using Bluesky accounts that post drink, cocktail, or booze related content.  If you are interested, you can pin the Feed to your home view (top of screen). If you have content you feel is related just add Cheers or 🍸",at://did:plc:2ffubl2wgphtrvgqjwt77jvx/app.bsky.feed.generator/aaaab346ifktg
Cosplay Videos,2025-07-29T01:03:07.802Z,23,0,clarabelle.xyz,"Video only feed for the bluesky cosplay community. Show off your best cosplays, your current projects and your total cosplay flops. Use #cosplay in your video posts to show up in the feed.",at://did:plc:geoqe3qls5mwezckxxsewys2/app.bsky.feed.generator/cosplayvideos
#bitcoin,2023-05-22T13:44:10.746Z,23,0,skyfeed.xyz,Posts with #bitcoin from the whole network,at://did:plc:tenurhgjptubkk5zf5qhi3og/app.bsky.feed.generator/h-bitcoin
#zelda,2023-05-22T13:44:01.764Z,23,0,skyfeed.xyz,Posts with #zelda from the whole network,at://did:plc:tenurhgjptubkk5zf5qhi3og/app.bsky.feed.generator/h-zelda
PSO2/PSO2NGS,2024-03-18T23:08:52.871Z,23,0,mary.my.id,"Posts relating to ""Phantasy Star Online 2"" and ""PSO2 New Genesis"" MMORPG  MMORPG『ファンタシースターオンライン2』『PSO2 ニュージェネシス』関連の投稿",at://did:plc:ia76kvnndjutgedggx2ibrem/app.bsky.feed.generator/aaafdu3pn3viw
Mutual Aid ,2024-07-03T23:24:47.282Z,22,0,mayawest.online,survival funds needed,at://did:plc:2qlbivzvdt6hp6dwrd2sx4sf/app.bsky.feed.generator/aaaglqxjcoxli
Modular Synths,2024-11-12T22:19:04.721Z,22,0,null0perat0r.bsky.social,This feed is dedicated to all things #modularsynth related. #makenoise #4ms #sythesizer #experimentalmusic #ambient #noise,at://did:plc:ve7ekf2pwx2uboknh3ufsuaf/app.bsky.feed.generator/aaab5d7htxyyo
best ones ,2025-04-24T19:36:13.784Z,22,0,lanyardigan.bsky.social,best ones,at://did:plc:2ji4cmweqk4lpn6fsyraot7i/app.bsky.feed.generator/aaab5stvmv2xy
"Hi, Bob!",2023-11-11T15:27:50.819Z,22,0,jakei.bsky.social,"Hi, Bob! You're stepping on the joke! You're stepping on the joke. Stop.  The official For All Mankind (2019-, Apple TV) series feed.",at://did:plc:vjyot2w7zeomrslomwpfxirl/app.bsky.feed.generator/aaae2j6erdjno
#startrek,2023-05-22T13:44:08.062Z,22,0,skyfeed.xyz,Posts with #startrek from the whole network,at://did:plc:tenurhgjptubkk5zf5qhi3og/app.bsky.feed.generator/h-startrek
PDX Trending,2025-07-29T00:25:58.002Z,22,0,rockom.bsky.social,A feed of posts that are trending in or about Greater Portland Oregon Metro. ,at://did:plc:fgnkp5yb6fuvxsqpqpnan46u/app.bsky.feed.generator/pdxtrending
Accessible Nudes,2023-07-19T18:56:38.067Z,22,0,jakei.bsky.social,"Every nsfw post from the ""Suggestive Feed"" that includes alt text",at://did:plc:vjyot2w7zeomrslomwpfxirl/app.bsky.feed.generator/aaahb3ejy5jfc
The Game Awards Feed,2025-03-06T00:52:03.348Z,22,0,bskygaming.bsky.social,A feed of all #TheGameAwards posts and related ones  BlueskyFeedCreator.com,at://did:plc:idaapozosdshs3ab246u76yu/app.bsky.feed.generator/thegameawards
BassetHounds,2024-11-14T05:15:57.886Z,22,0,jakei.bsky.social,pictures of basset hounds,at://did:plc:vjyot2w7zeomrslomwpfxirl/app.bsky.feed.generator/aaacsggw6z3dq
Shih Tzus,2024-11-14T05:10:46.791Z,22,0,jakei.bsky.social,pictures of shih tzus,at://did:plc:vjyot2w7zeomrslomwpfxirl/app.bsky.feed.generator/aaacsfaxyg5bc
Wizard Wednesday🧙,2023-08-30T13:55:11.373Z,22,0,radobrien.myatproto.social,"TOMES DOWN 📜 ORBS UP 🔮 THATS THE WAY WE LIKE TO 🤫 searches for wizard wednesday, witch wednesday, and warlock wednesday terms",at://did:plc:kpmeqsgi52jt2vz2ttaj43nq/app.bsky.feed.generator/aaag54ascux7e
#NewsFromMastodon,2025-08-26T23:31:41.100Z,22,0,mackuba.eu,Posts bridged from Mastodon which talk about Bluesky 😈🔥,at://did:plc:oio4hkxaop4ao4wz2pp3f4cr/app.bsky.feed.generator/newsmastodon
📽️ DesiWatch (SubFeed) 📽️,2024-12-22T22:20:34.152Z,22,0,lucidillusions.in,"This is a subfeed of the OG feed, powered by a list of users who've opted for this. DM @lucidillusions.in to be added to the vetted list.   #DesiWatch - OG Feed: https://bsky.app/profile/did:plc:36h6ttx2g23zqr4accilbvo7/feed/aaag467bvkcfg",at://did:plc:36h6ttx2g23zqr4accilbvo7/app.bsky.feed.generator/aaaeld5k5ivja
BOAT STUCK,2023-08-23T13:17:10.996Z,22,0,jakei.bsky.social,BOAT STUCK,at://did:plc:vjyot2w7zeomrslomwpfxirl/app.bsky.feed.generator/aaabkdpych3q6
PSA,2024-01-18T21:43:28.793Z,22,0,mayawest.online,"Reserved for dangers to the community, not interpersonal conflict.",at://did:plc:2qlbivzvdt6hp6dwrd2sx4sf/app.bsky.feed.generator/aaaca2hpxzicg
#caturday,2023-05-22T13:43:56.028Z,22,0,skyfeed.xyz,Posts with #caturday from the whole network,at://did:plc:tenurhgjptubkk5zf5qhi3og/app.bsky.feed.generator/h-caturday
Design Systems,2024-11-27T10:01:08.054Z,21,0,darn.es,"A feed pulling in everything, and everyone, talking about Design Systems  BlueskyFeedCreator.com",at://did:plc:7bb34ozcdu5lm3ogte3gq433/app.bsky.feed.generator/designsystems
Kara's Bangers,2024-11-15T22:45:31.438Z,21,0,deadontheoutside.bsky.social,Kara's Bangers,at://did:plc:rkvoyvi25mcl4juxqppwizkt/app.bsky.feed.generator/aaac5ugbponfw
🇺🇦 #cosplay,2025-01-20T07:58:53.851Z,21,0,bsky.one,"Пости з тегами #cosplay, #косплей, #cosplayer, #cosplaygirl, #укркосплей від профілів з каталогу BSKY.ONE.  ⚠️⚠️⚠️ Якщо стрічка пуста, включіть українську в налаштуваннях в розділі Content languages.",at://did:plc:dvgliotey33vix3wlltybgkd/app.bsky.feed.generator/cosplay
FootSky,2025-08-26T20:55:07.805Z,21,0,realnsfw.social,"(mutuals, then any #foot #feet tags)",at://did:plc:db645kt5coo7teuoxdjhq34x/app.bsky.feed.generator/aaaeye3l5n35w
nicebutnot,2024-04-30T22:27:52.210Z,21,0,jinah.bsky.social,@nicebutnot,at://did:plc:hservfj7uiuq2mjzfb5rr4td/app.bsky.feed.generator/aaalzeypah72a
Philosophy of Science,2025-08-02T08:00:29.707Z,21,0,keithwilson.eu,"Feed for Philosophy of Science on Bluesky. Tag posts with #philsci, #philbio, #philpsy, #hps, etc. to include them in this feed. New hashtags added upon request.  BlueskyFeedCreator.com",at://did:plc:3bybp6nqszlhuan2ch2cmv66/app.bsky.feed.generator/science
Twilight Zone,2024-12-15T19:16:04.653Z,21,0,numb.comfortab.ly,Everything Rod Serling and Twilight Zone,at://did:plc:pmyqirafcp3jqdhrl7crpq7t/app.bsky.feed.generator/aaagcoix34qbg
Isopod Nation,2024-11-20T17:58:31.862Z,21,0,lucidillusions.in,Feed showcasing Isopods of Bluesky.  (pulls any where the term is used)   Avatar from Freepik: https://www.freepik.com/free-photo/zebra-isopod-armadillidium-maculatum-closeup-zebra-isopod-closeup_23479876.htm,at://did:plc:36h6ttx2g23zqr4accilbvo7/app.bsky.feed.generator/aaapcob5yqj6c
#boobs (video only),2025-07-29T00:50:09.008Z,21,0,missmeringue.love,boobs of all sizes,at://did:plc:2j4w2o4xmkbheromzo73r5sv/app.bsky.feed.generator/allboobvideos
Dem Orgs Feed,2024-08-16T11:27:51.298Z,21,0,doclaing.com,Reskeet your favorite Dem organizations & hashtags   ResistanceUnited|wtpBLUE|DemVoice1|onev1|ProudBlue|DemCast|FreshVoices|DemsAct|Harris2024|HarrisWalz2024|VoteBlue|BlueWave|BidenHarris2024|KamalaHarris,at://did:plc:fbcj6zwgvqa63wmcv4muclqe/app.bsky.feed.generator/aaai2ooppsgo2
Блундер,2023-09-22T22:18:16.034Z,21,0,dovgonosyk.bsky.social,"Шукайте собі нормальних пацанів і дівчат у Блускай, а не бомжів у Тіндері.  Фід підтягує усі пости, які містять словосполучення ""шукаю хлопця/дівчину/жінку/роднуліка"" і тд. Або за гештегами #блундер, #знайомства",at://did:plc:qgy7vt74xmouisyslwm3fgfj/app.bsky.feed.generator/aaajtgpr6vzuy
Wizard Wednesday ⚡️,2025-07-29T01:03:42.010Z,21,0,clarabelle.xyz,"the most important day of the week 🍄 Wizard Wednesday, better known as #wizardwednesday",at://did:plc:geoqe3qls5mwezckxxsewys2/app.bsky.feed.generator/wizard
Art Commissions,2025-11-08T16:46:44.360Z,21,0,calpain.bsky.social,A feed for artists to advertise their commissions to potential commissioners. Just add #commissions to your post,at://did:plc:qbsau6rimyl3osulym54bceb/app.bsky.feed.generator/aaadvu6llnbvc
Harpy Nudes,2025-05-15T12:34:51.648Z,21,0,harpy.party,Inaccurate regex search to find posts with images and words to suggest that the images may be nudes,at://did:plc:krrs7hdbwys5nljm6rbwar66/app.bsky.feed.generator/aaagcgyelw7ii
Magic en español ,2025-03-25T22:06:18.385Z,21,0,oeris.bsky.social,Feed con posts de la gente que disfruta de Magic: The Gathering en español.  Si usas hastaghs como #mtg o  #magicthegathering seguramente aparezcas por aquí.  Todavía trabajando en que no aparezcan post que no sean relevantes con MTG en español.,at://did:plc:run7xa4izq3abqqkeiiy6z2t/app.bsky.feed.generator/aaafa43shdyno
Exxxotica,2025-08-26T20:54:09.609Z,21,0,realnsfw.social,"all mentions of ""Exxxotica""",at://did:plc:db645kt5coo7teuoxdjhq34x/app.bsky.feed.generator/aaajpjfnecl3w
Cameltoe,2025-08-26T20:55:10.108Z,21,0,realnsfw.social,"NSFW #cameltoe feed  Must be followed by @blueskybaddies.bsky.social to join  Main feed: https://bsky.app/profile/did:plc:db645kt5coo7teuoxdjhq34x/feed/aaamkr6xjlwb2",at://did:plc:db645kt5coo7teuoxdjhq34x/app.bsky.feed.generator/aaaexll7xttqu
Brosephine Bunny Blurbs,2023-08-29T02:13:45.886Z,21,0,joparkerbear.bsky.social,"funny/clever sentences buried beneath an infinite pile of throwaway lines posted out of loneliness, in addition to an earnest desperation to connect with the outside world and dump my polluted brain trash onto it",at://did:plc:btj7htumgboprmobfodhw7wu/app.bsky.feed.generator/aaad7ue5of5xy
Mayllennial,2025-07-29T00:08:41.724Z,21,0,davis.social,A daily prompt challenge in May with millennial themes.,at://did:plc:2gx2noukxzwmj6dkxbmh3qt5/app.bsky.feed.generator/mayllennial
読んでいる,2023-07-23T23:38:01.216Z,21,0,itokonn.bsky.social,書籍だったりネット記事だったり、みんなが読んでいるもの,at://did:plc:qq4q5nsxhl4m7gmvnf7mdgek/app.bsky.feed.generator/aaahyuedwpmpw
Chonk,2024-03-01T23:32:39.547Z,21,0,jakei.bsky.social,,at://did:plc:vjyot2w7zeomrslomwpfxirl/app.bsky.feed.generator/aaaae4sy3r65q
Kollywood | Tamil Cinema,2024-11-20T17:40:34.273Z,21,0,lucidillusions.in,DesiWatch Sub feed to discuss Tamil Movies and Shows. Use Kollywood in the post for it to appear here.,at://did:plc:36h6ttx2g23zqr4accilbvo7/app.bsky.feed.generator/aaacuvyr36xds
Firehose Test,2023-06-23T21:08:28.000Z,21,0,retr0.id,"All the posts, as they happen. This is basically a load test of my server, I might not be able to keep this up for long.",at://did:plc:vwzwgnygau7ed7b7wt5ux7y2/app.bsky.feed.generator/humans
Fields of Mistria,2024-12-14T02:45:26.146Z,21,0,emmapixels.com,"Unofficial, automatically aggregated Hacker rank feed from the #fieldsofmistria, #fom and #mistria tags, plus posts with the word Mistria",at://did:plc:bix3hv76hqt7fuqewgff46m7/app.bsky.feed.generator/aaakdfkuju5rg
my best,2024-11-10T14:38:49.593Z,21,0,theciscokidder.bsky.social,my bangers,at://did:plc:lp6wfrs3wtfklh6nfr6ksefh/app.bsky.feed.generator/aaabm4x5djh5k
SkyClub,2025-09-15T00:15:53.503Z,20,0,realnsfw.social,Most recent posts over 100 likes from RealNSFW creators,at://did:plc:db645kt5coo7teuoxdjhq34x/app.bsky.feed.generator/aaamphm2y4b3i
underground,2024-12-01T14:16:53.264Z,20,0,cxni.bsky.social,"underground music feed  nettspend osamason xaviersobased bladee playboi carti... etc  (the bot detects keywords like artist names or collective names, it's not a perfect bot, if u see posts unrelated PLEASE hide the post, also share this feed it helps)",at://did:plc:mvb2prctcnsv3si64j6p2g7i/app.bsky.feed.generator/aaadbllk7po26
Finchwing's art feed,2023-07-30T21:02:06.893Z,20,0,finchwing.bsky.social,Finch's art !,at://did:plc:p5pwak3ywzkvnkrxlo2lpehh/app.bsky.feed.generator/aaakqx7l3uziw
Kayaking,2023-07-24T22:22:00.491Z,20,0,andraste.fuckbgp.com,For following kayaking around Bluesky,at://did:plc:3s2iaaxxqnyesuu3np56uv7y/app.bsky.feed.generator/aaaay5uad6y4g
Feeds,2024-05-06T14:34:23.196Z,20,0,wangdora.jp,フィードの話題（日本語） Since : 2023/09/13,at://did:plc:cgl62jlhroosxyjkaffidnon/app.bsky.feed.generator/aaai4wsrywz6w
Printmaking & Art,2024-11-17T17:18:11.748Z,20,0,inkfishmagazine.bsky.social,"Illustrators, illustration, printmakers, screen printing, handmade art and artists, lino, woodcut, etching, engraving, cyanotype, design, textile art, eco art, alternative photography",at://did:plc:umxuuowjv7qzudv7o53akim5/app.bsky.feed.generator/aaadwiaub3wsq
地震bot,2024-02-14T12:12:02.001Z,20,0,mitsugogo.bsky.social,@mitsugogo.bsky.social 管理の地震bot,at://did:plc:6s2r6iub3lobfa7zl2uwm2rc/app.bsky.feed.generator/aaajyatz7q5qu
Pru Posts,2023-08-26T03:58:44.963Z,20,0,prufrockluvsong.bsky.social,"The Pru, the whole Pru, and nothing but the Pru",at://did:plc:ephqjyhfcguwb7drch63q5ym/app.bsky.feed.generator/aaadc5mzkd2g4
Search Link,2024-11-15T14:01:45.328Z,20,0,haliphacks.bsky.social,Search Link,at://did:plc:kla5p6qnfqixl6bgwbttabhh/app.bsky.feed.generator/aaadag4p2jrvk
NFL MEMES,2025-01-10T02:34:35.847Z,20,0,nflmemewar.bsky.social,Largest NFL and Sports  Memes Feed on Bluesky. Use #nflmemes to show up on feed or @nflmemewar.bsky.social,at://did:plc:ursn3unvdh4isjfns7vocd55/app.bsky.feed.generator/aaac4wu2ygd44
Go Birds,2025-09-04T11:07:32.402Z,20,0,bugtype.bsky.social,the Go Birds feed,at://did:plc:pis3ks5avm6t3t7mijhqlpnt/app.bsky.feed.generator/aaag7w7jl3hdi
Inky's Nonsense,2023-09-21T08:22:45.199Z,20,0,ennuidoofen.bsky.social,,at://did:plc:7bv2ca3yawj662o7qxd5xyt7/app.bsky.feed.generator/aaalpydyqtncs
UK Universities' Posts,2025-04-30T17:31:22.584Z,20,0,markrubin.bsky.social,"Post by the official accounts of the UK universities that are listed here: https://bsky.app/profile/did:plc:4jb3re5tvklsvhuc3lkerj5q/lists/3kjiimncpit2o  (If you like the feed, then please 💓 it!)",at://did:plc:4jb3re5tvklsvhuc3lkerj5q/app.bsky.feed.generator/aaajin752vurc
posts by tayy ,2024-07-12T14:31:42.312Z,20,0,gorl.gay,:),at://did:plc:c5lcwcbubqa3rvbjq4awpy7q/app.bsky.feed.generator/aaajylgj63zyk
Funny,2025-07-28T23:28:16.805Z,20,0,sweetbee.vip,"The Place for anything and everything funny  Anyone can add a post with #funny",at://did:plc:lcytlkvzs3wslcgbk7i3ygak/app.bsky.feed.generator/aaaoieyckduhe
Open Science,2025-04-30T17:30:53.780Z,20,0,markrubin.bsky.social,"Covering open science, open research, and open scholarship.  Tags = #OpenScience, #OpenSci, #OpenResearch, #OpenScholarship  (If you like the feed, then please 💓 it!)",at://did:plc:4jb3re5tvklsvhuc3lkerj5q/app.bsky.feed.generator/aaamjgjxzy6vg
Descently Released,2024-12-11T00:59:00.856Z,20,0,xinicit.bsky.social,"Hello, and welcome to my feed!",at://did:plc:zzjoncowxyg6a4dqfkvnpi2k/app.bsky.feed.generator/aaalgnvduqvmc
all my feeds,2025-08-27T00:57:05.910Z,20,0,missmeringue.love,a listing of my feeds,at://did:plc:2j4w2o4xmkbheromzo73r5sv/app.bsky.feed.generator/aaaf7f22jyujm
UNNES JUALAN,2024-06-13T04:46:36.434Z,20,0,unnesmenfess.bsky.social,"Feed ini berisi menfess tentang menjual, jualan, jasa titip, tes ombak, promosi barang maupun jasa.  Jika ada menfess yang menggunakan trigger ""-jualaness"" maka akan otomatis masuk ke dalam feed ini.",at://did:plc:7cwsxcsp2lcy7mnugbuiq5dp/app.bsky.feed.generator/aaaay2j7pjbjy
青空ごはん部のポストのみ,2024-10-03T15:12:38.166Z,20,0,gohanclub.bsky.social,青空ごはん部が投稿したポストのみを表示するためのフィードです。リプライやリポストは除かれますので、当アカウントからのお知らせをご確認いただく際などにご活用ください。,at://did:plc:e2gj6s2ljmyen7msreqed536/app.bsky.feed.generator/aaalwcupdchqe
RNA-seq,2024-12-05T14:00:24.251Z,20,0,stephenturner.us,Posts about RNA-seq,at://did:plc:ppvxhapnptcy5v6cih3ynmzg/app.bsky.feed.generator/aaajmmetanlwi
Live Now,2025-08-26T20:54:49.107Z,20,0,realnsfw.social,"Who is live streaming right now?  Automatically picks up Twitch and other livestreaming links from the whole network",at://did:plc:db645kt5coo7teuoxdjhq34x/app.bsky.feed.generator/aaaewog57uow6
Blacksky Images,2025-02-25T23:00:42.548Z,19,0,rude1.blacksky.team,Trending images from Blacksky,at://did:plc:w4xbfzo7kqfes5zb7r6qv3rw/app.bsky.feed.generator/blacksky-photos
XIV Fan Merch Shops,2025-09-26T02:34:47.655Z,19,0,xivfanmerch.network,"A feed containing awesome fan merch inspired by FFXIV! Populates with #XIVFMN, #FFXIVMerch, and #XIVMerch posts!",at://did:plc:7cxlxnvzlsin43ny575h7mxu/app.bsky.feed.generator/aaakzuve7rqyq
yazirouの絵　Bluefeed用,2025-12-28T20:09:30.036Z,19,0,yazirou.bsky.social,yazirouの絵をまとめています。女体化とショートヘア率高め。 【思い浮かび絵日記　作品保管庫】https://yazirow.sakura.ne.jp/archive/ SNSにアップした絵は最終的にこちらに保管します。,at://did:plc:7suceff6524a2lxgynjfm6vi/app.bsky.feed.generator/192cae65a58193e
JinAh,2023-08-21T13:36:30.134Z,19,0,jinah.bsky.social,JinAh,at://did:plc:hservfj7uiuq2mjzfb5rr4td/app.bsky.feed.generator/aaabsh754dzae
Pop Toys,2025-04-12T13:08:26.583Z,19,0,artwo.xyz,"For all toys collectors and makers 🤖 MOTU, TMNT, Designer Toys, Sofubi, Robots... Trying to ban all the AI crap from this feed... Add #poptoys to your post // Made at BlueskyFeeds.com",at://did:plc:pstq5hnrrjj2yz35rznizmka/app.bsky.feed.generator/pop-toys
Ask Bluesky,2025-07-28T23:28:18.305Z,19,0,sweetbee.vip,"Any posts with #AskBsky, #AskBluesky, or #AskSky",at://did:plc:lcytlkvzs3wslcgbk7i3ygak/app.bsky.feed.generator/aaacieuduapnk
Landscapes,2025-07-28T23:27:57.306Z,19,0,sweetbee.vip,#landscape or #landscapePhotography from the whole network,at://did:plc:lcytlkvzs3wslcgbk7i3ygak/app.bsky.feed.generator/aaaao5atbm33e
Soup,2023-12-01T17:51:56.312Z,19,0,jakei.bsky.social,Soup pictures,at://did:plc:vjyot2w7zeomrslomwpfxirl/app.bsky.feed.generator/aaacplrkihpgi
#GOPDepate,2023-08-23T18:13:17.255Z,19,0,jakei.bsky.social,"#GOPDebate - all posts/replies, by most recent, with #GOPDebate so people can follow the Republican 2024 Presidential Debates. Creator of feed fucking hates them all, this is not an endorsement, fuck those fascist bigots. (yeah its spelled wrong, not worth my time to fix)",at://did:plc:vjyot2w7zeomrslomwpfxirl/app.bsky.feed.generator/aaacj2vr2z56a
MilfSky,2025-08-26T20:54:37.806Z,19,0,realnsfw.social,"(mutuals, then #milf)  icon model: @chloeblossom.bsky.social",at://did:plc:db645kt5coo7teuoxdjhq34x/app.bsky.feed.generator/aaaggcffwsa3k
Leen's Posts,2024-11-14T01:24:31.982Z,19,0,ennuidoofen.bsky.social,,at://did:plc:7bv2ca3yawj662o7qxd5xyt7/app.bsky.feed.generator/aaalmvj26kmvy
Mir's Artist Resources,2025-07-29T00:27:46.404Z,19,0,wanderlingworld.bsky.social,Bookmarking things I find useful for artists. -Mir 🌱 Wanderling World,at://did:plc:odqmsar3ikz5ubokya4sempk/app.bsky.feed.generator/aaamee2h7qlni
#BookSky Vids Chrono,2025-07-29T01:02:38.203Z,19,0,clarabelle.xyz,"Trying to recreate the #booktok experience on #booksky! This is the CHRONOLOGICAL feed for all the videos in the BookSky network - share your mini vid reviews, your unboxing vids, your aesthetic shelfies etc. Currently tracking video posts with the emoji 📚💙, #booktok, #booksky. ",at://did:plc:geoqe3qls5mwezckxxsewys2/app.bsky.feed.generator/bookvidschrono
Trending PixelArt,2025-01-03T18:10:55.649Z,19,0,sweetbee.vip,Trending posts tagged with #PixelArt,at://did:plc:lcytlkvzs3wslcgbk7i3ygak/app.bsky.feed.generator/aaailglu4rs72
Darts Art,2023-08-10T22:50:01.086Z,19,0,zcdartz.bsky.social,ZCDartz art feed,at://did:plc:v54lijfikjdtclzsnfx4ezkz/app.bsky.feed.generator/aaaofkovfoe5q
XLOVLINE : XLOV,2025-07-28T23:20:09.703Z,19,0,archidol.creator.blue,"The Ultimate XLOV Skyline for ELOV!  ⚠️ Please read this thread: https://bsky.app/profile/did:plc:q67sl2eyluz4pihms7bqeygm/post/3lfcexbe3bs2t 🩷 Visit my profile to see more Kpop Skyline Feed @archidol.creator.blue  Post that are not related to XLOV might still appear in this feed.",at://did:plc:q67sl2eyluz4pihms7bqeygm/app.bsky.feed.generator/xlov
NEOLINE : NCT,2025-07-28T23:20:10.646Z,19,0,archidol.creator.blue,"The Ultimate NCT (all units) Skyline for NCTzen!  ⚠️ Please read this thread: https://bsky.app/profile/did:plc:q67sl2eyluz4pihms7bqeygm/post/3lfcexbe3bs2t 💚 Visit my profile to see more Kpop Skyline Feed @archidol.creator.blue  Post that are not related to NCT might still appear in this feed.",at://did:plc:q67sl2eyluz4pihms7bqeygm/app.bsky.feed.generator/aaalj6ix3toqm
BlackWomen in STEM/STEAM,2025-06-26T00:21:22.943Z,19,0,drcaberry.bsky.social,"Welcome to Black Women in STEM/STEAM feed to promote, support, collaborate, network and normalize seeing each other because we know Representation Matters. Use #BlackWomenSTEM|#BlackWomenInSTEM|#BlackWomenSTEAM|#BlackWomenInSTEAM to post here 👷🏾‍♀️👩🏾‍🔧👩🏾‍💻👩🏾‍🔬👩🏾‍🔬👩🏾‍🎓👩🏾‍🏫",at://did:plc:adibdwhbirwo5aujvrc3uayn/app.bsky.feed.generator/aaagbqtz2kzhm
Now Watching,2023-10-12T01:25:09.157Z,19,0,wesmoodykc.bsky.social,"Use #NowWatching (not case sensitive) A place to see what bluesky is Now Watching. If you like this feed and want to see more now watching posts, like, pin, and share on your account. We appreciate you all!",at://did:plc:cjocgic3a5peb5gadxqqfxdc/app.bsky.feed.generator/aaacb2ixpleti
#hARToween 🎨🎃👻,2025-09-26T18:36:51.155Z,19,0,stinasdemons.com,#hARToween,at://did:plc:tcvpjkdcsdotgvcgdf6epyoe/app.bsky.feed.generator/aaabz7pw6oryi
Node Nerds,2024-11-14T15:57:10.652Z,19,0,evanmathis.co,Primarily #sidefx #houdini #blender #unreal and anyone else that actually crafts their art. This feed is a work in progress. Suggestions welcome.,at://did:plc:lycm47nb7zwr2jvl32ckhrfd/app.bsky.feed.generator/aaanrwrfuqhhg
Trending UK News,2025-07-28T23:35:53.104Z,19,0,aendra.com,Trending UK news,at://did:plc:kkf4naxqmweop7dv4l2iqqf5/app.bsky.feed.generator/trending-uk
🔗 Journalist links,2023-12-01T21:55:35.733Z,19,0,aendra.com,Link posts by verifiable journalists. Maintained by @aendra.com.,at://did:plc:kkf4naxqmweop7dv4l2iqqf5/app.bsky.feed.generator/journo-links
🇺🇦 Топ-100 за місяць,2025-01-20T07:58:54.154Z,19,0,bsky.one,"Топ-100 постів за минулий місяць. Оновлення щоночі.  ⚠️⚠️⚠️ Якщо стрічка пуста, включіть українську в налаштуваннях в розділі Content languages.",at://did:plc:dvgliotey33vix3wlltybgkd/app.bsky.feed.generator/top100-month
Black Fiber Folks,2025-01-08T18:42:38.147Z,19,0,knotbadbritt.com,"Representation matters even in the fiber industry. This feed includes an approved list of black creatives and includes Crochet Designers, Knitwear Designers, Yarn Dyers, Makers, and other industry folks. Send me a DM to be added as a featured user.  BlueskyFeedCreator.com",at://did:plc:ps2ntnnmrs6r6xmevnjjqiud/app.bsky.feed.generator/blackfiberfolks
🇺🇦 Pulse 2,2025-01-20T07:58:54.649Z,19,0,bsky.one,"Алгоритм: ❤️ = 1 бал, 🔁 = 3 балів. Кожні 5 хвилин вибирається кілька постів, в залежності від часу та активу. Рахуються ❤️🔁 тільки від профілів з каталогу.",at://did:plc:dvgliotey33vix3wlltybgkd/app.bsky.feed.generator/algo2
Cybersecurity Tips,2025-07-29T00:59:31.808Z,19,0,brainchain.ca,A feed for the Cybersecurity Tips of the Day written by Kate Armstrong (@brainchain.bsky.social ),at://did:plc:tc64ppbzqxgyosog5dqutnkd/app.bsky.feed.generator/cybersectotd
Short Girls 🔞,2025-08-26T20:56:15.109Z,18,0,realnsfw.social,"Must be followed by me, then use any of these: #short #shortgirl #funsize #funsized",at://did:plc:db645kt5coo7teuoxdjhq34x/app.bsky.feed.generator/aaaj54yttsk24
Mirror Selfies,2024-12-29T20:39:38.248Z,18,0,sweetbee.vip,#MirrorSelfie from the whole network,at://did:plc:lcytlkvzs3wslcgbk7i3ygak/app.bsky.feed.generator/aaamg5bkz6sq6
Birdie Posts,2023-08-21T08:50:40.797Z,18,0,birdiegirl.bsky.social,Birdie posts,at://did:plc:j3den4pqjo6kqybjwxywh2hu/app.bsky.feed.generator/aaabqiqcqj7zg
Bushsky 🔞,2025-08-26T20:57:25.212Z,18,0,realnsfw.social,"Must be followed by me, then use any #hairy or #bush tag",at://did:plc:db645kt5coo7teuoxdjhq34x/app.bsky.feed.generator/aaaj532l4pn44
トレンドリンク,2023-08-17T22:46:05.155Z,18,0,matope.bsky.social,24時間以内の・日本語の・URLリンクを含むポストをHacker News Rankingで表示します。,at://did:plc:kzxl37blybhp7kvn2clme7j2/app.bsky.feed.generator/aaaahjxjcxv4m
リスト共有,2024-11-16T09:00:55.184Z,18,0,feed-navi.bsky.expert,⚠️取り扱い注意⚠️ リストの共有は便利な機能ですが、あくまでも作成した人の視点で作成されたリストです  特にモデレーションリストの場合、自分がフォローしているアカウントが含まれる可能性があります（最悪、自分が含まれることも…😨）  他人が作成したリストを、そのまま利用する場合は、登録時や登録後もそのリストに含まれたアカウントの精査が必要です,at://did:plc:hsf6h23omw3jphz27kfeqqy2/app.bsky.feed.generator/aaajctmo5efok
Slimthick,2025-08-26T20:54:52.510Z,18,0,realnsfw.social,"NSFW #SlimThick feed  Must be followed by @realnsfw.social to add a post  Main feed: https://bsky.app/profile/did:plc:db645kt5coo7teuoxdjhq34x/feed/aaamkr6xjlwb2",at://did:plc:db645kt5coo7teuoxdjhq34x/app.bsky.feed.generator/aaaexjmm7w44u
tweeps,2024-12-15T18:21:51.548Z,18,0,capnwatsisname.bsky.social,"people from funny twitter, very incomplete and in progress",at://did:plc:efdtjcx67l6vpztu7muhp64s/app.bsky.feed.generator/aaagxo34wwkzi
What's Dad,2023-07-12T10:42:03.434Z,18,0,bossett.social,A feed of people with 'father' and 'dad' in bio. (As requested by/credit to @sweetbee.vip),at://did:plc:jfhpnnst6flqway4eaeqzj2a/app.bsky.feed.generator/dads
only me 😏,2024-11-13T02:07:42.460Z,18,0,marlebean.bsky.social,did this work lol,at://did:plc:7ehz6ygwahh2y3lgk7dq3xs2/app.bsky.feed.generator/aaacgqxvtud72
#auspol,2023-07-08T10:53:55.047Z,18,0,bossett.social,The feed of #auspol posters. Also captures posters to a list at https://bsky.app/profile/did:plc:jfhpnnst6flqway4eaeqzj2a/lists/3jzy2aybxwz2f,at://did:plc:jfhpnnst6flqway4eaeqzj2a/app.bsky.feed.generator/auspol
Hellaverse (Best of),2025-12-14T13:25:17.835Z,18,0,fenarinarsa.com,"Most liked HAZBIN HOTEL and HELLUVA BOSS fan-arts いいねが最も多いハズビンホテルとヘルヴァボスのファンアート  Enable all languages in your settings to see all posts!  Also check the ""Hellaverse"" and ""Hellaverse (Pics only)"" feeds for realtime updates!",at://did:plc:fb3iwxg23jziddgbtsixx3zu/app.bsky.feed.generator/aaaksqxbolgou
Python Web Frameworks,2024-11-06T21:00:41.582Z,18,0,monorepo.bsky.social,"A feed all about Python web frameworks! Includes Litestar, Django, Flask, FastAPI, Sanic, and more.",at://did:plc:nzcne7wqpb5wsopmxxyegf5q/app.bsky.feed.generator/aaaagpxsctrug
We Do Not Have A Cat,2024-05-06T14:24:48.103Z,18,0,elfprince13.mumak.app,"Variations on ""this is not my cat"" and ""we do not have a cat"". Tag me if you see a post which should be here but got missed by the regex somehow.",at://did:plc:jxcabn5oqg4xlpflgoy4rmxr/app.bsky.feed.generator/aaae4rasq6bis
Bestest,2023-08-23T09:49:06.252Z,18,0,bestestname.bsky.social,Matty's posts,at://did:plc:n3kxj4fonot7lg67tmakj4dn/app.bsky.feed.generator/aaacgs3xfjaw4
🔗Links For You,2025-05-18T20:17:10.454Z,18,0,spacecowboy17.bsky.social,"""Other people also liked"" for posts with links. This feed finds users that liked the same posts with links as you did and shows what other posts with links they liked.",at://did:plc:3guzzweuqraryl3rdkimjamk/app.bsky.feed.generator/links-for-you
Discover Videos,2025-01-26T23:23:42.964Z,18,0,skyfeed.xyz,"The SkyFeed Discover feed, but containing videos only",at://did:plc:tenurhgjptubkk5zf5qhi3og/app.bsky.feed.generator/discover-video
MicroPython,2024-11-03T22:24:07.985Z,18,0,gadgetoid.com,"A feed for all things MicroPython (including the CircuitPython fork), the popular embedded flavour of Python for mischief with microcontrollers. Use tags (or mention) #MicroPython (or #uPython) or #CircuitPython to appear here!  Contact @gadgetoid.com if you do not want to appear in this feed!",at://did:plc:pmwj4rtm2osjxcaluhktsp2r/app.bsky.feed.generator/micropython
Deeks Posts,2023-11-25T15:54:04.290Z,18,0,deeks549.bsky.social,,at://did:plc:nt2ee4i355er6jdyv3wpomef/app.bsky.feed.generator/aaagy2zlggk6i
🇺🇦 #film,2025-01-20T07:58:53.550Z,18,0,bsky.one,"Пости з тегами #film, #movie, #фільм, #укрфільм від профілів з каталогу BSKY.ONE.  ⚠️⚠️⚠️ Якщо стрічка пуста, включіть українську в налаштуваннях в розділі Content languages.",at://did:plc:dvgliotey33vix3wlltybgkd/app.bsky.feed.generator/film
filth_posts!,2024-06-22T23:09:45.515Z,18,0,filth-waste.bsky.social,it's filth_waste's posts!,at://did:plc:jn2yuheybqo5xhu37ol3uuzk/app.bsky.feed.generator/aaaeem6bktoy2
Beauty & Brains,2025-08-31T21:44:15.908Z,18,0,sweetbee.vip,"Women with Opinions™️ who aren't afraid to speak their mind.  (If there is any one person you don't like, just mute or block and you won't see them in the feed. <3)  Feed is built from this starter pack: https://go.bsky.app/FsjBcMM",at://did:plc:lcytlkvzs3wslcgbk7i3ygak/app.bsky.feed.generator/women-with-opin
#SexWorkIsWork,2024-12-29T20:41:26.657Z,18,0,sweetbee.vip,for sex work advocacy  anyone can use the hashtag to be featured,at://did:plc:lcytlkvzs3wslcgbk7i3ygak/app.bsky.feed.generator/aaamg2ik3de3q
Over 30 🔞,2025-08-26T20:55:18.411Z,17,0,realnsfw.social,#over30 & mutuals with me,at://did:plc:db645kt5coo7teuoxdjhq34x/app.bsky.feed.generator/aaaeyay7hvc6c
Face Down Ass Up,2025-08-26T20:56:50.109Z,17,0,realnsfw.social,"(mutuals then #faceDownAssUp)  icon model: @seductivelysoul.art",at://did:plc:db645kt5coo7teuoxdjhq34x/app.bsky.feed.generator/aaaexrn3vakx2
UrbexSky,2024-12-29T20:38:19.073Z,17,0,sweetbee.vip,#urbex from the whole network,at://did:plc:lcytlkvzs3wslcgbk7i3ygak/app.bsky.feed.generator/aaaa73ehgnioc
Underboob,2025-08-26T20:54:58.709Z,17,0,realnsfw.social,"posts mentioning underboobs  currently unmoderated nov 4 2024. @ me if you need me",at://did:plc:db645kt5coo7teuoxdjhq34x/app.bsky.feed.generator/aaaexj3ktisfg
h,2024-01-27T01:28:51.108Z,17,0,megu.dev,h,at://did:plc:sbalnchbqyuqkwpjjy3zry7f/app.bsky.feed.generator/aaaclwy3agx7a
24h de français,2024-11-29T15:33:05.949Z,17,0,fenarinarsa.com,Les posts en français ayant eu le plus d'interactions dans les dernières 24 heures.,at://did:plc:fb3iwxg23jziddgbtsixx3zu/app.bsky.feed.generator/aaak6s3j53nwo
Dark Art Alt Only Feed,2025-07-29T00:44:27.105Z,17,0,aimeecozza.com,"Alt text ver of beautiful sci-fi, fantasy, and other dark art illustration. Gathers from #DarkArt, #MacabreArt, and more. May include blood, body horror, or others. Please browse at your own risk. No AI, No NFT. Violators will be banned from the feed. Spam or abuse the feed and you will be blocked.",at://did:plc:orwmq33pobteowpzc5gzwwil/app.bsky.feed.generator/aaadoylbxh7de
nothing but the worst ,2024-11-20T02:52:48.080Z,17,0,stevesuckington.bsky.social,nothing but the worst,at://did:plc:3w5fhqj3gbndznf6ic3pfn6m/app.bsky.feed.generator/aaaeov2vryvuq
Dispatch of StuSurreal,2024-12-04T22:24:34.767Z,17,0,joparkerbear.bsky.social,official rants and missives,at://did:plc:btj7htumgboprmobfodhw7wu/app.bsky.feed.generator/aaajhkjtuhn46
Poems & Poets,2024-11-17T15:17:52.036Z,17,0,inkfishmagazine.bsky.social,"Poems, Poets, Poetry Magazines & Competitions.",at://did:plc:umxuuowjv7qzudv7o53akim5/app.bsky.feed.generator/aaadvmvh6od6s
Junk of the Heart,2023-09-30T08:35:34.920Z,17,0,ennuidoofen.bsky.social,,at://did:plc:7bv2ca3yawj662o7qxd5xyt7/app.bsky.feed.generator/aaaoms63lvrkk
Royal BlueSky 👑,2024-11-22T21:55:59.784Z,17,0,tartanroyal.bsky.social,"👑 For those who enjoy & study the topic of global monarchies: authors, bloggers, commentators, readers, reporters. Please cite your sources & links. No conspiracy talk. If you wish to be added or deleted from this list, please notify @tartanroyal. Thank you!",at://did:plc:rm6m3yuctmkousoieiy6t3nz/app.bsky.feed.generator/aaabdm3jacorg
7 Random Bangers,2025-07-01T17:19:56.041Z,17,0,francesmeh.reviews,,at://did:plc:2hwwem55ce6djnk6bn62cstr/app.bsky.feed.generator/aaambmia65yde
Overheard,2023-09-04T00:42:12.428Z,17,0,bossett.social,"A feed of posts that people have replied to, or quoted with 'overheard' as the only text (e.g. includes 'Overheard!' but not 'overheard this'). Inspired by @jakei.bsky.social's feed.",at://did:plc:jfhpnnst6flqway4eaeqzj2a/app.bsky.feed.generator/overheard
#gaming,2023-05-22T13:44:47.340Z,17,0,skyfeed.xyz,Posts with #gaming from the whole network,at://did:plc:tenurhgjptubkk5zf5qhi3og/app.bsky.feed.generator/h-gaming
#pantyhose,2025-09-21T06:17:12.406Z,17,0,missmeringue.love,"#pantyhose, #stockings and #heels",at://did:plc:2j4w2o4xmkbheromzo73r5sv/app.bsky.feed.generator/aaaivfkrfflqc
Resistance Updates,2024-01-13T22:28:03.121Z,17,0,habibiwolf.bsky.social,"This feed will take you to links from OTG and not from Western Media so you may need to download Telegram or Instagram to access these posts.   If you're new to making a Telegram account, please make sure to go into settings and lock down all the privacy options (including hiding your phone number.)",at://did:plc:synka4gchwjmophklcsndndf/app.bsky.feed.generator/aaaaibxlkidu4
UK Railways,2024-11-16T19:51:20.415Z,17,0,atmylifeoutside.bsky.social,"A feed to capture Bluesky posts related to UK railways be they modern, heritage or preserved. Simply tag your posts with #UKRailways to be included.",at://did:plc:jnpwkm24yxfuomrdaq3tded4/app.bsky.feed.generator/aaadm2gkdboey
Vol.Army,2025-01-20T07:58:51.752Z,17,0,bsky.one,"Пости від профілів з хендлом на домені vol.army.  ⚠️⚠️⚠️ Якщо стрічка пуста, включіть українську в налаштуваннях в розділі Content languages.",at://did:plc:dvgliotey33vix3wlltybgkd/app.bsky.feed.generator/vol.army
Tidy & Pydy Tuesday,2025-03-13T21:35:19.355Z,17,0,libbyheeren.bsky.social,"A feed to easily see everyone participating in the TidyTuesday / PydyTuesday weekly data science project in R and Python! Feed by Libby Heeren, icon by manshagraphics 😎",at://did:plc:777eanw7giyjd76dwatpch3d/app.bsky.feed.generator/aaajcyvxadl56
NSFW Audio,2025-07-29T14:49:27.003Z,16,0,gonewild.social,"Porn for your ears :x  Anyone can post, use #NSFWaudio, #GWaudio, #GoneWildAudio, #audioPorn, #voiceKink, #NSFWVA, #NSFWvoiceActing, #NSFWvoice, #NSFWASMR, or #eroticAudio",at://did:plc:i5t7odtmmv7gtawckadaf6v4/app.bsky.feed.generator/nsfwaudio
Goddamnit Sam,2023-08-22T21:43:27.045Z,16,0,portmanteauface.bsky.social,My skeets,at://did:plc:57tds76f6hmild5kw32pppdd/app.bsky.feed.generator/aaacbm5qg2h7a
Women in Music (+Enby),2024-09-06T14:46:12.036Z,16,0,sidebangsmusic.com,"Highlighting female and nonbinary musicians, composers, producers, and engineers on Blue Sky. In an industry that is 80%+ male dominated, let's show them some love.  #womeninmusic #enbyinmusic #transinmusic #nbmusicians #enbymusicians #transmusicians #femaleproducers  #enbymusic #transmusic & more",at://did:plc:3m2kspgf4l5vomio76ihjjlk/app.bsky.feed.generator/aaal7vvxwwbli
Heron Image Feed,2023-08-12T13:54:39.087Z,16,0,mxvoid.com,A feed with images of herons (per text found in skeet body or in image alt-text).  Feed avatar image in the public domain courtesy of Dave Pape.,at://did:plc:xwoo7w5rf3cm3qyido5npkoc/app.bsky.feed.generator/aaaogkedr3em2
My Art,2024-11-19T17:32:17.368Z,16,0,gravenmyth.com,Art gallery,at://did:plc:eoadovo46fret2tynyibktqc/app.bsky.feed.generator/aaakkguu347ie
🇺🇦 #photo,2025-01-20T07:58:53.052Z,16,0,bsky.one,"Пости з тегами #photo, #фото, #укрфото від профілів з каталогу BSKY.ONE.  ⚠️⚠️⚠️ Якщо стрічка пуста, включіть українську в налаштуваннях в розділі Content languages.",at://did:plc:dvgliotey33vix3wlltybgkd/app.bsky.feed.generator/photo
Ющенко треди,2023-07-26T21:26:18.936Z,16,0,dovgonosyk.bsky.social,ЮЩЕНКО - ТАК!,at://did:plc:qgy7vt74xmouisyslwm3fgfj/app.bsky.feed.generator/aaaizxi4ffwqc
Long Hair Girls,2025-08-26T20:55:01.012Z,16,0,realnsfw.social,"NSFW #LongHair feed  Must be followed by @blueskybaddies.bsky.social to join  Main feed: https://bsky.app/profile/did:plc:db645kt5coo7teuoxdjhq34x/feed/aaamkr6xjlwb2  model: @seductivelysoul.art",at://did:plc:db645kt5coo7teuoxdjhq34x/app.bsky.feed.generator/aaajl34yzapzg
Memesky,2025-07-28T23:28:14.706Z,16,0,sweetbee.vip,"Your one stop meme shop. The best dank memes on Bluesky  Use any meme hashtag to be featured  #meme #memes #memesky #dankmemes #nsfwmeme etc",at://did:plc:lcytlkvzs3wslcgbk7i3ygak/app.bsky.feed.generator/aaaohmmg6kms2
#accessibility,2023-05-22T13:44:25.075Z,16,0,skyfeed.xyz,Posts with #accessibility from the whole network,at://did:plc:tenurhgjptubkk5zf5qhi3og/app.bsky.feed.generator/h-accessibility
UK Politics 2,2023-09-04T01:16:31.953Z,16,0,johnlf.bsky.social,"UK Politics Feed 2 by @johnlf & @skiptomyloulou  A curated feed via keywords and regular expressions, with non-UK posts removed as much as possible. A work in progress!  Please let either of us know if there any obvious errors in this feed and we will try to resolve ASAP.",at://did:plc:mziptt6o2ngf4scj7jiwacde/app.bsky.feed.generator/aaafq2wqxioh2
fried gold,2023-12-16T20:21:59.483Z,16,0,gupton68.bsky.social,,at://did:plc:3bnoyda3i7sv7k6p3vzmjtvj/app.bsky.feed.generator/aaahguixerquo
Tits + Pits ,2024-04-27T22:30:48.542Z,16,0,literallyjustadog.online,"Pits and Tits feed! include ""pits"" and ""tits"" in your post text and it will be included!",at://did:plc:wpp4lklhvmopw6zcy6qb42ru/app.bsky.feed.generator/aaadqezsrl2jk
🐾 NFC 2025,2025-11-03T18:09:14.661Z,16,0,furryli.st,"Furry A feed for all things NFC! Use #nfc, #nfc25, or #nfc2025 to include a post in the feed.  Join the furry feeds by following @furryli.st",at://did:plc:jdkvwye2lf4mingzk7qdebzc/app.bsky.feed.generator/con-nfc
Pokemon Fan Art,2024-12-06T02:43:16.159Z,16,0,sweetbee.vip,"use either of the following to add your post:  - #PokemonFanArt, or - #Pokemon and #Art  (Trending/Hot order)",at://did:plc:lcytlkvzs3wslcgbk7i3ygak/app.bsky.feed.generator/aaai46bvwaupi
ATProto Top Threads,2025-04-11T23:39:24.877Z,16,0,mackuba.eu,Recent threads (from the past month) that include the largest number of ATProto-related comments,at://did:plc:oio4hkxaop4ao4wz2pp3f4cr/app.bsky.feed.generator/atproto-threads
Virus Evolution,2025-06-16T08:00:39.347Z,16,0,willemsenanouk.bsky.social,"This feed is intended to collect all virus evolution posts. For now, no need to sign up in any way, just tag your posts with #VirEvol (case-insensitive) and your posts will show up here!  BlueskyFeedCreator.com",at://did:plc:ool7yfzo6qmpx4pwzeixmz7r/app.bsky.feed.generator/aaaibs3dnfwus
Natural Girls,2025-08-26T20:57:08.111Z,16,0,realnsfw.social,"Natural girls - may be NSFW/adult/nudity/porn  (Must be on RealGirls list to be featured)",at://did:plc:db645kt5coo7teuoxdjhq34x/app.bsky.feed.generator/aaaex7r6gel2s
debb's bangers,2024-11-15T23:17:51.489Z,16,0,debbshock.blue,,at://did:plc:dxxbkz7sbu4hbes5idlvglpv/app.bsky.feed.generator/aaal2brtlqhec
StinaMarie's Art 😈🎨🦇,2025-02-05T04:54:22.553Z,16,0,stinasdemons.com,StinaMarie's Art,at://did:plc:tcvpjkdcsdotgvcgdf6epyoe/app.bsky.feed.generator/aaabz3t4ni5qs
Climate Journalists,2024-11-26T00:28:59.563Z,16,0,davidsacerdote.bsky.social,Posts by journalists & reporters on this list: https://bsky.app/profile/davidsacerdote.bsky.social/lists/3kikljzd24v2n  Sorted to show recently-popular posts near the top.  Like and pin this feed so you can easily access it,at://did:plc:o4s55v3tsfph6whswxccpsia/app.bsky.feed.generator/aaacqwxlze6me
Jackie's Pesto Manifesto,2024-12-04T23:47:10.249Z,16,0,joparkerbear.bsky.social,None of this is real.,at://did:plc:btj7htumgboprmobfodhw7wu/app.bsky.feed.generator/aaaiisbbcciv6
PNG VTubers Log,2025-06-19T00:25:56.350Z,16,0,aiyoku.xyz,Updates related to the PNG VTubers feed are logged here for future reference.,at://did:plc:kjnet2viyumgkqtjnzo6y4pz/app.bsky.feed.generator/aaagfwnlubbfc
Her Breasts,2025-01-18T21:01:52.355Z,16,0,james.tarnation.lol,Ummm... yeah.,at://did:plc:3m5c2aiko7heyjmwbrkp3ym5/app.bsky.feed.generator/aaahwobxs4zzg
Mardigroan's musings,2023-08-28T19:23:35.262Z,16,0,mardigroan.bsky.social,- Danny's words,at://did:plc:aiszm5s7rajxmnj5t35tm4qh/app.bsky.feed.generator/aaadebecxn2si
I made this for you,2023-09-20T10:31:51.096Z,16,0,nappydolemite.bsky.social,I'm a golden God,at://did:plc:3qiwec4gluyz42jep5y27oab/app.bsky.feed.generator/aaalf7icgj2lm
🧪ATProto.Science💡,2025-11-27T14:58:29.836Z,16,0,atproto.science,"Feed for conversations about ATProto for science! To get on the feed, mention @atproto.science or one of the tags #ATScience #ATProtoScience",at://did:plc:nncebyouba4ex3775syiyvjy/app.bsky.feed.generator/ATProto-Science
SkyHub Furry Feed 🖤🧡🐾,2024-04-18T21:29:44.540Z,16,0,skyhub.bsky.social,"Use 🖤🧡🐾 or 🧡🖤🐾 emoji set or the word ""FurSwer"" in your post or alt text to show up in SkyHub's Furry Feed!",at://did:plc:kogkquurpi7vd6ck2tndcoog/app.bsky.feed.generator/aaalx434mdvwo
Imperial War Museums,2025-02-24T11:59:43.054Z,15,0,curatorian.bsky.social,"An experimental and unofficial feed capturing posts about Imperial War Museums - the museum's five branches (IWM London, IWM Duxford, IWM North, Churchill War Rooms and HMS Belfast) and its collections.",at://did:plc:2deempx6gffnnzlge5tpoe77/app.bsky.feed.generator/aaajickh3qgrq
Bernese Mountain Dogs,2024-11-14T04:54:04.081Z,15,0,jakei.bsky.social,pictures of bernese mountain dogs,at://did:plc:vjyot2w7zeomrslomwpfxirl/app.bsky.feed.generator/aaacsbfeihk2g
Discontinued,2024-10-21T08:23:37.133Z,15,0,markrubin.bsky.social,"This feed has been discontinued! If you're looking for the AcademicSky feed, please visit: https://bsky.app/profile/did:plc:4jb3re5tvklsvhuc3lkerj5q/feed/aaak6p5s2f3cu",at://did:plc:4jb3re5tvklsvhuc3lkerj5q/app.bsky.feed.generator/19262ffebdf541e
SheOnMy,2024-04-27T05:04:00.077Z,15,0,jakei.bsky.social,She ___ on my ___ til I ___ jokes.,at://did:plc:vjyot2w7zeomrslomwpfxirl/app.bsky.feed.generator/aaaffwjlnmpdi
IBS,2023-07-07T18:20:48.818Z,15,0,jakei.bsky.social,every mention of IBS,at://did:plc:vjyot2w7zeomrslomwpfxirl/app.bsky.feed.generator/aaadgfpnuzdnk
#Ebony Porn,2025-09-12T02:17:59.510Z,15,0,realnsfw.social,"to join: 1- be followed by me 2- use any #ebony tag  like & share the feed <3",at://did:plc:db645kt5coo7teuoxdjhq34x/app.bsky.feed.generator/aaaniqryvs7sm
The Toyhouse Community,2025-06-15T03:09:26.152Z,15,0,aiyoku.xyz,"A public feed for any skeets about the character repository platform, Toyhouse, from other users.",at://did:plc:kjnet2viyumgkqtjnzo6y4pz/app.bsky.feed.generator/aaabgq7ls54u6
Wiffle Ball Helmet,2024-04-01T23:59:22.447Z,15,0,ennuidoofen.bsky.social,,at://did:plc:7bv2ca3yawj662o7qxd5xyt7/app.bsky.feed.generator/aaajygjltpaxk
📸 Photographs 📸,2025-01-21T20:14:37.248Z,15,0,lucidillusions.in,Feed collating all my photography work in one place.  You can check more of my work on instagram - https://www.instagram.com/lucidillusions.in/   (Website currently under construction),at://did:plc:36h6ttx2g23zqr4accilbvo7/app.bsky.feed.generator/aaaon6txriltu
batkaren's bullshit,2023-09-22T12:35:24.163Z,15,0,batkaren.bsky.social,just my bullshit / my mom still fucked a bat,at://did:plc:6ljac3gxzqxy56fhx7qu3jqd/app.bsky.feed.generator/aaali652rhjzc
SFF on Screen ,2025-07-29T01:03:39.604Z,15,0,clarabelle.xyz,a feed for discussing and keeping up with all of your favorite science fiction and fantasy television shows!,at://did:plc:geoqe3qls5mwezckxxsewys2/app.bsky.feed.generator/sffonscreen
Dropout TV,2024-11-14T20:25:53.528Z,15,0,radobrien.myatproto.social,"A feed for all things Dropout TV, including all shows and their respective cast members",at://did:plc:kpmeqsgi52jt2vz2ttaj43nq/app.bsky.feed.generator/aaag62dsuomoy
threads da soo,2024-09-08T17:00:33.898Z,15,0,handle.invalid,"siga esse feed e veja todos os meus conteúdos, dicas e materiais sobre tecnologia <3",at://did:plc:yzs7tueazp6ifolzmr3e7kce/app.bsky.feed.generator/aaanfejvkznsg
Philosophy of Perception,2025-08-02T08:00:26.006Z,15,0,keithwilson.eu,"Feed for Philosophy of Perception and the Senses on Bluesky. Tag posts with #PhilPerception, #Multisensory, #CrossModal, or #TheSenses to include them in this feed. Also includes sense-specific tags in ‘#Phil…’ format; e.g. #PhilTaste. Hashtags are case-insensitive; added upon request.",at://did:plc:3bybp6nqszlhuan2ch2cmv66/app.bsky.feed.generator/perception
Mir's Gummy Bear Art,2023-11-22T12:24:47.259Z,15,0,rabbitholer.bsky.social,,at://did:plc:v336bgjhyj5suvc6ds5vkckg/app.bsky.feed.generator/aaaph7msqjcz4
Noskies,2023-06-18T05:10:22.307Z,15,0,flicknow.xyz,Newskies with no likes yet,at://did:plc:wzsilnxf24ehtmmc3gssy5bu/app.bsky.feed.generator/noskies
Philosophy News,2025-11-28T22:49:11.834Z,15,0,keithwilson.eu,"A feed for academic philosophy news and announcements on Bluesky. Tag posts with #PhilAnnounce, #PhilEvent, #PhilCFP, #PhilCFA, #PhilConf, #PhilPaper, #PhilJob, etc. to include them in this feed. Includes posts from 250+ philosophy-related organisations, publications and groups.",at://did:plc:3bybp6nqszlhuan2ch2cmv66/app.bsky.feed.generator/announcements
Cool Art People,2023-12-22T03:59:19.736Z,15,0,nheiraashford.com,Hi everyone! This list is now available as a proper feed! Most who ask to be added will be included. Please bear in mind that I allow NSFW artists to join so as long as they flag their work appropriately!,at://did:plc:yciiu7bu6kuan2sg4s5pydxm/app.bsky.feed.generator/aaai7ksa55gis
Nheira's Art Feed,2024-09-03T02:09:07.535Z,15,0,nheiraashford.com,This is where all of my art-centric content/posts go.,at://did:plc:yciiu7bu6kuan2sg4s5pydxm/app.bsky.feed.generator/aaahvqic5cxbw
Faceless Babes,2025-08-26T20:56:49.911Z,15,0,realnsfw.social,Faceless creators and pics with no face (all verified),at://did:plc:db645kt5coo7teuoxdjhq34x/app.bsky.feed.generator/aaajsyhxofh5e
Top Down,2024-11-18T15:52:29.368Z,15,0,ygrene.bsky.social,My Top Skeets,at://did:plc:mkkvzj3q3pegqam2n7yuxbwy/app.bsky.feed.generator/aaad75xnfxh32
Greensky Unabated,2024-09-09T20:34:53.091Z,15,0,ketanjoshi.co,"A secondary version of Greensky, without any keyword filtering!   Main Greensky feed is here: https://bsky.app/profile/did:plc:66lbtw2porscqpmair6mir37/feed/aaabkznpn5x2g",at://did:plc:66lbtw2porscqpmair6mir37/app.bsky.feed.generator/aaaa3i3mnrjcy
Dark Academia,2025-01-10T01:53:32.648Z,15,0,sweetbee.vip,posts with #DarkAcademia from the whole network,at://did:plc:lcytlkvzs3wslcgbk7i3ygak/app.bsky.feed.generator/aaae32lulcox2
Side Bangs Greatest Hits,2024-11-20T05:23:55.981Z,15,0,sidebangsmusic.com,"greatest and worst moments tbh  note: it isn't ""weird"" to like, comment, or repost old content, this is a new platform. say hi!",at://did:plc:3m2kspgf4l5vomio76ihjjlk/app.bsky.feed.generator/aaal7wb6wnb6g
Belgian accounts (EN),2025-07-26T17:14:58.502Z,15,0,pixeline.be,"Post from Belgians - or folks living in Belgium,  in English.",at://did:plc:v4zpi74gy7enfiwke7hmoxv5/app.bsky.feed.generator/aaaarywbbwbzu
Anti-Capitalism,2025-01-25T22:20:33.552Z,15,0,sweetbee.vip,#anticapitalism & #anti-capitalism from the whole network,at://did:plc:lcytlkvzs3wslcgbk7i3ygak/app.bsky.feed.generator/aaad6myq4rucs
TBTL Tens Community Feed,2024-11-15T17:55:08.931Z,14,0,linh.social,Posts from members of the TBTL Tens Community list,at://did:plc:zz27ueqtx4v7pm5gjavvg4hx/app.bsky.feed.generator/aaadb5jmndujg
Application Security,2024-11-15T16:16:00.941Z,14,0,null0perat0r.bsky.social,All things related to application security. #cybersecurity #pentesting #appsec #redteam #hacking #cybersec #infosec #reverseengineering #mobilesecurity #apisecurity #cloudsecurity #genaisecurity,at://did:plc:ve7ekf2pwx2uboknh3ufsuaf/app.bsky.feed.generator/aaab5h76l4qua
Labradors,2024-11-14T04:52:11.392Z,14,0,jakei.bsky.social,pictures of labradors,at://did:plc:vjyot2w7zeomrslomwpfxirl/app.bsky.feed.generator/aaacsau6stbq4
BernieMemes,2023-10-08T19:18:42.327Z,14,0,jakei.bsky.social,"Bernie Sanders Memes - if yours aren't showing up, ping @jakei.bsky.social with the post and I'll try to fix it / improve the feed.",at://did:plc:vjyot2w7zeomrslomwpfxirl/app.bsky.feed.generator/aaabegq2eys6s
Потрібна підтримка,2023-08-11T22:22:08.478Z,14,0,dovgonosyk.bsky.social,Гештеґ #потрібнапідтримка,at://did:plc:qgy7vt74xmouisyslwm3fgfj/app.bsky.feed.generator/aaaol5tslnq22
DWeb Camp 2024,2024-08-05T18:53:11.628Z,14,0,atproto.com,Conversation about DWeb Camp 2024. Shows posts from the last 7 days.   #DWebCamp,at://did:plc:ewvi7nxzyoun6zhxrhs64oiz/app.bsky.feed.generator/aaancxhvd5lxu
MILF Monday,2025-07-29T01:01:03.504Z,14,0,realmilfs.love,"Mondays are no longer BLAH when you have MILF Monday to look forward to! 🍒🍒  Ran by @realmilfs.love SW owned Tracking #milfmonday to be featured ",at://did:plc:x2whmtldm45y65l6gpav5lfz/app.bsky.feed.generator/milfmonday
New Game +,2025-07-29T00:14:16.805Z,14,0,trezy.codes,"Video game release and pre-release announcements!  Opt in with 🆕🎮, 🆕🕹️, or 🆕👾. Opt out with #Private, #NoFeed or #NoNewGamePlus.  Discuss at trezy.studio/discord. Support the feed at ko-fi.com/trezycodes.",at://did:plc:4jrld6fwpnwqehtce56qshzv/app.bsky.feed.generator/new-game-plus
AT Hiring,2025-07-29T00:06:00.911Z,14,0,atprotocol.dev,A feed for jobs and contract work posted looking to hire people to work on ATproto apps,at://did:plc:lehcqqkwzcwvjvw66uthu5oq/app.bsky.feed.generator/atprotohiring
Halloween Art Feed,2025-11-13T19:40:05.977Z,14,0,eruprior.bsky.social,"My custom art feed for Pumpkin season, mostly NSFW so watch out! It's spooky month!",at://did:plc:ck4pzyn7j444vulars4sqgld/app.bsky.feed.generator/aaahbtlj6agum
harpy party,2024-08-17T16:12:57.593Z,14,0,harpy.party,harpy posts,at://did:plc:krrs7hdbwys5nljm6rbwar66/app.bsky.feed.generator/aaaoo2u6cedre
GoneWild Audio,2025-07-29T14:42:01.505Z,14,0,gonewild.social,NSFW audios from verified adult creators.,at://did:plc:i5t7odtmmv7gtawckadaf6v4/app.bsky.feed.generator/gwaudio
Napoli,2023-09-28T12:05:10.561Z,14,0,francesko.bsky.social,Tutto su Napoli | Everything about Napoli,at://did:plc:2e722nqdw6bw7x3nd4o5wzz5/app.bsky.feed.generator/aaanrskapzlfc
community SW questions,2023-11-09T18:04:56.032Z,14,0,skysluts.bsky.social,"feed for sex workers to better find community questions to each other  currently pulls for: SWask, ask SW, poll for SWers, variants of ""question for SWers,"" and ☂️❓ (either order)",at://did:plc:obohy3wpq7gxswymfyxnonlq/app.bsky.feed.generator/aaalmpwcg3vcu
"""Listening to today""",2025-05-27T02:33:41.749Z,14,0,dryad.technology,My daily music recommendation posts,at://did:plc:2aebn3xk5t63net43eeepire/app.bsky.feed.generator/listening-to
ePaper,2025-03-19T23:00:28.857Z,14,0,baileytownsend.dev,"A feed about any and all electronic paper displays. Eink, Epaper, epd, etc  BlueskyFeedCreator.com",at://did:plc:rnpkyqnmsw4ipey6eotbdnnf/app.bsky.feed.generator/eink
Hot Blondes,2025-08-26T20:55:30.410Z,14,0,realnsfw.social,"NSFW hot blondes feed  To join 1 - must be followed by @realnsfw.social 2 - use any #blonde hashtag on any post  main feed: https://bsky.app/profile/did:plc:db645kt5coo7teuoxdjhq34x/feed/aaamkr6xjlwb2",at://did:plc:db645kt5coo7teuoxdjhq34x/app.bsky.feed.generator/aaajly4yeumdi
Unofficial MTG Feed,2025-06-03T16:14:38.651Z,14,0,trickjarrett.com,Unofficial Bluesky feed of Magic: The Gathering posts. Captured by searching for hashtags and related keywords. Created by @trickjarrett.com (#wotcstaff)  BlueskyFeedCreator.com,at://did:plc:d5ivhdbpnlm36oxfqr3kvyrm/app.bsky.feed.generator/mtg
acab includes,2023-12-14T22:38:02.829Z,14,0,jakei.bsky.social,"every ""acab includes..."" joke",at://did:plc:vjyot2w7zeomrslomwpfxirl/app.bsky.feed.generator/aaacrgdihcjrq
All about Exeter,2024-01-25T14:21:39.944Z,13,0,food404.bsky.social,Every post tagged with #Exeter #exetersky #exeteruk and including 'Exeter' in the post.  Some might not be relevant to the city of Exeter.,at://did:plc:k74echabm4mcd6dxjiwow526/app.bsky.feed.generator/aaaebtcojjble
Gran Turismo,2023-11-22T09:00:44.355Z,13,0,tdassise.bsky.social,Gran Turismo games news.,at://did:plc:zrorfsettofvnoguuyk6cart/app.bsky.feed.generator/aaapl5mwxvofa
Colored Hair Girls,2025-08-26T20:54:37.613Z,13,0,realnsfw.social,"NSFW colored hair feed  To join 1 - must be followed by @blueskybaddies.bsky.social 2 - use any #ColoredHair #DyedHair hashtag on any post  main feed: https://bsky.app/profile/did:plc:db645kt5coo7teuoxdjhq34x/feed/aaamkr6xjlwb2",at://did:plc:db645kt5coo7teuoxdjhq34x/app.bsky.feed.generator/aaaj3d6gw2npi
What's Hot #PortfolioDay,2024-11-25T21:07:04.753Z,13,0,davis.social,"7 days of history for #PortfolioDay, sorted in descending order by hacker news ranking algorithm",at://did:plc:2gx2noukxzwmj6dkxbmh3qt5/app.bsky.feed.generator/aaaee5vornawu
Top Trending Videos,2025-04-14T14:28:22.086Z,13,0,bluefacts.app,Most popular videos on Bluesky over the last 24 hours. Updated hourly.    https://bluefacts.app/top-video-posts  Don't forget to ❤️ this feed!,at://did:plc:j3qij7oqe6gie2x56gk5s6tx/app.bsky.feed.generator/top-videos
Topless,2025-08-26T20:57:27.915Z,13,0,realnsfw.social,"\#topless posts from my following  boobs titties in here nipples too hot girls hotties sexy ladies breasts",at://did:plc:db645kt5coo7teuoxdjhq34x/app.bsky.feed.generator/aaalyo3la5fus
#web3,2023-05-22T13:44:30.880Z,13,0,skyfeed.xyz,Posts with #web3 from the whole network,at://did:plc:tenurhgjptubkk5zf5qhi3og/app.bsky.feed.generator/h-web3
Bikini Babes,2025-08-26T20:55:27.713Z,13,0,realnsfw.social,"Hottest babes wearing the hottest bikinis 👙  (to be featured, link in bio to join RealNSFW list, then use any #bikini hashtag)",at://did:plc:db645kt5coo7teuoxdjhq34x/app.bsky.feed.generator/aaapgafdkl634
#succession,2023-05-22T13:44:03.578Z,13,0,skyfeed.xyz,Posts with #succession from the whole network,at://did:plc:tenurhgjptubkk5zf5qhi3og/app.bsky.feed.generator/h-succession
Bangers💥,2024-11-19T01:07:04.621Z,13,0,msfoxifurnasty.bsky.social,these are ok i guess,at://did:plc:qpaecp6vknbnc77svofj4dvg/app.bsky.feed.generator/aaaed4kso7mnw
#Labia,2025-08-26T20:57:17.613Z,13,0,realnsfw.social,"must be followed by me, then use #labia",at://did:plc:db645kt5coo7teuoxdjhq34x/app.bsky.feed.generator/aaanipssktjwg
Gamedev Discussion,2024-01-24T12:35:25.513Z,13,0,genrouthier.bsky.social,"Game development posts. It can be sharing tips and tricks of the trade(s), musings on the state of the industry, links to resources etc.  If you want to be included on this list, please @ me. Once added, use 🎮 in your post for it to be picked up by the feed.  Please stay pertinent when you share!",at://did:plc:6trrqcvrpocdlgmvh6amf53v/app.bsky.feed.generator/aaanb6jpioc3q
GermanShepherds,2024-11-14T04:46:31.086Z,13,0,jakei.bsky.social,Posts of German Shepherds,at://did:plc:vjyot2w7zeomrslomwpfxirl/app.bsky.feed.generator/aaacr7oegwwa2
Lucky Mud 🧊,2024-11-21T02:29:13.077Z,13,0,jacobharr.is,"The feed for reading ""Cat's Cradle"" by Kurt Vonnegut together from December 1-14, 2024. To take part, get in touch with harrisj.bsky.social!",at://did:plc:ne454cutmmpesxbcvkvz375d/app.bsky.feed.generator/aaaeyw67q4qm4
yeah ok,2025-03-15T02:19:25.451Z,13,0,capnwatsisname.bsky.social,*finger guns*,at://did:plc:efdtjcx67l6vpztu7muhp64s/app.bsky.feed.generator/aaajpf6pskcva
Swarm to Bluesky,2024-05-15T21:48:30.905Z,13,0,wangdora.jp,https://wangdora.jp/?other/swarm_to_bluesky Since : 2023/08/18,at://did:plc:cgl62jlhroosxyjkaffidnon/app.bsky.feed.generator/aaaaq2k2zd3ay
Bluesky昆虫部,2024-02-12T09:36:16.447Z,13,0,orthoptera-jp.bsky.social,昆虫の画像付きポストを見たい人、見てほしい人向けのフィードです。ポストに「#Bluesky昆虫部」が含まれると表示されます。最大7日分まで参照できます。,at://did:plc:ttd4wl6tv3ogazd24qz5fxxk/app.bsky.feed.generator/aaajyt57iwina
Blazette Streams,2025-01-28T23:29:46.751Z,13,0,blazettemidnight.bsky.social,"Stay up to date with when I go Live, Stream Schedules, and Announcements. Filter out my personal posts. Only pure content.",at://did:plc:qg7b7c6snlyq6z32occlgqib/app.bsky.feed.generator/aaaeoe6h5nkey
Is there an app ?,2024-11-28T21:56:21.462Z,13,0,mark.speaker.blue,This feed helps developers find app ideas some may ideas may be completely new. Other ideas are already built but the posts may suggest ways to improve the existing apps.,at://did:plc:s6s4hpwxtluk26gg6tuajaho/app.bsky.feed.generator/aaahexwv2wska
Public Radio & TV,2024-11-15T18:15:38.940Z,13,0,andrew.kuklewicz.com,"Public media organizations, including the shows, radio and television stations you love, here's the list: https://bsky.app/profile/did:plc:s6gll6t354s3k3634icndgof/lists/3layome4hsi2e  Also find #pubmedia journalists here: go.bsky.app/MWHaGo5   Please reach out with additions! @beginsinwonder.com",at://did:plc:s6gll6t354s3k3634icndgof/app.bsky.feed.generator/aaada2f3wrcy6
Desmos,2023-07-09T21:18:17.205Z,13,0,afreeparticle.com,Any mention of the word desmos,at://did:plc:l72uci4styb4jucsgcrrj5ap/app.bsky.feed.generator/aaad2xhe3zs3i
RealKink,2025-08-26T20:57:12.411Z,13,0,realnsfw.social,"Kinksky, but only verified creators <3",at://did:plc:db645kt5coo7teuoxdjhq34x/app.bsky.feed.generator/aaai3ani43q3i
#EduGuardians,2024-11-11T21:32:57.909Z,13,0,afreeparticle.com,#EduGuardians,at://did:plc:l72uci4styb4jucsgcrrj5ap/app.bsky.feed.generator/aaab2iqzu3ky6
Fractal Image Feed,2023-09-15T14:25:05.649Z,13,0,mxvoid.com,All image skeets that mention fractals.,at://did:plc:xwoo7w5rf3cm3qyido5npkoc/app.bsky.feed.generator/aaajusltuakeu
Radical News,2025-07-29T00:21:01.203Z,13,0,fema.monster,Radical News,at://did:plc:lptjvw6ut224kwrj7ub3sqbe/app.bsky.feed.generator/radicalnews
Christmas Art Feed ,2025-12-25T14:52:35.535Z,13,0,eruprior.bsky.social,"My custome art feed for Christmas, mostly NSFW, curated from various artists on Bluesky. Merry Christmas and Happy Holidays 🎅🎄",at://did:plc:ck4pzyn7j444vulars4sqgld/app.bsky.feed.generator/aaap5bxirxu3u
#art,2023-05-22T13:43:57.917Z,13,0,skyfeed.xyz,Posts with #art from the whole network,at://did:plc:tenurhgjptubkk5zf5qhi3og/app.bsky.feed.generator/h-art
Scottish Terriers,2024-11-14T04:48:06.085Z,13,0,jakei.bsky.social,pictures of scottish terriers,at://did:plc:vjyot2w7zeomrslomwpfxirl/app.bsky.feed.generator/aaacr7ynppo5q
#MonsterFuckers,2025-08-26T20:55:23.911Z,13,0,realnsfw.social,"(link in bio to be added to feed lists, then #monsterfuckers)",at://did:plc:db645kt5coo7teuoxdjhq34x/app.bsky.feed.generator/aaaavzwgt3cqw
#KleurInDeNatuur,2024-02-19T13:42:47.166Z,13,0,christinaroland.bsky.social,KleurInDeNatuur een foto evenement in februari,at://did:plc:nadndjxu4frhmwexuxd6uryy/app.bsky.feed.generator/aaaee34y43mg6
マクドナルド,2025-07-03T07:45:23.541Z,13,0,wangdora.jp,マクドナルド（日本語）/ MacDonald (Japanese) Since : 2023/07/26,at://did:plc:cgl62jlhroosxyjkaffidnon/app.bsky.feed.generator/aaajjadrvflna
feeder,2024-11-22T21:23:09.372Z,13,0,weeder.bsky.social,posts to surprise and delight,at://did:plc:6ixhocm5tk3fsqbclrbq36mf/app.bsky.feed.generator/aaakauts3eb4m
Struggalo Posts ,2024-11-14T20:12:23.139Z,12,0,outonthemoors.bsky.social,,at://did:plc:rzgxnxi42gyskrxw247ofmee/app.bsky.feed.generator/aaacytkq3tawq
#altgov,2025-03-02T05:48:10.652Z,12,0,allyann.bsky.social,Posts with the hashtag #altgov and #altgov accounts,at://did:plc:3sn6bogankaicebzdb7liro3/app.bsky.feed.generator/aaaeiwqgi5frc
Davis' Pinned Posts,2023-07-22T20:53:03.379Z,12,0,davis.social,Pinned posts of @davis.social :),at://did:plc:2gx2noukxzwmj6dkxbmh3qt5/app.bsky.feed.generator/davis-pinned-po
Vidful,2025-03-02T13:39:12.550Z,12,0,so-asano.com,A feed with videos you may like.,at://did:plc:pxwzal3aspfg2xnbbt2fjami/app.bsky.feed.generator/vidful
#HigherEd,2023-08-14T14:40:20.240Z,12,0,afreeparticle.com,Collecting all posts tagged with #HigherEd,at://did:plc:l72uci4styb4jucsgcrrj5ap/app.bsky.feed.generator/aaapkwfart7u2
Urbanism Resources,2023-11-22T14:33:53.174Z,12,0,fema.monster,A resource feed of Urbanism feeds/varients/adjacent feeds and resources.,at://did:plc:lptjvw6ut224kwrj7ub3sqbe/app.bsky.feed.generator/aaaf4nhihipag
Babygirl 🔞,2025-08-26T20:57:12.210Z,12,0,realnsfw.social,"NSFW #BabyGirl & #DaddysGirl feed  Must be followed by @realnsfw.social to join  Main feed: https://bsky.app/profile/did:plc:db645kt5coo7teuoxdjhq34x/feed/aaamkr6xjlwb2",at://did:plc:db645kt5coo7teuoxdjhq34x/app.bsky.feed.generator/aaajlzj45tpp4
Pokies aka Braless,2025-08-26T20:57:35.407Z,12,0,realnsfw.social,"Nipple bumps or #pokies aka #braless feed  Must be followed by @realnsfw.social to add a post  Main feed: https://bsky.app/profile/did:plc:db645kt5coo7teuoxdjhq34x/feed/aaamkr6xjlwb2  icon model: @seductivelysoul.art",at://did:plc:db645kt5coo7teuoxdjhq34x/app.bsky.feed.generator/aaaexmtazjuiq
Gamer Girls,2025-08-26T20:55:46.012Z,12,0,realnsfw.social,"NSFW gamer girls ;)  use any gaming related hashtag to be featured (if I'm following you)  icon model: @clarabelle.xyz",at://did:plc:db645kt5coo7teuoxdjhq34x/app.bsky.feed.generator/aaaeyiebcpk4k
March Madness,2024-03-22T23:46:24.568Z,12,0,parkermolloy.com,The 2024 NCAA Men's Basketball Tournament,at://did:plc:hf7ezrajxadu7v3tzcyij424/app.bsky.feed.generator/aaagq6oq554go
AEW+,2024-01-05T11:41:27.913Z,12,0,parkermolloy.com,A feed for AEW enthusiasts,at://did:plc:hf7ezrajxadu7v3tzcyij424/app.bsky.feed.generator/aaanszj33casa
#cats,2023-05-22T13:44:02.595Z,12,0,skyfeed.xyz,Posts with #cats from the whole network,at://did:plc:tenurhgjptubkk5zf5qhi3og/app.bsky.feed.generator/h-cats
VShojo,2025-07-22T02:05:26.941Z,12,0,aiyoku.xyz,A public feed that shows off ANY skeets about VShojo and its various talents.,at://did:plc:kjnet2viyumgkqtjnzo6y4pz/app.bsky.feed.generator/aaacz53gtup36
やったー！ハッピー!,2023-07-23T20:50:31.908Z,12,0,itokonn.bsky.social,やったー！ハッピー!等人々が喜んでいるものを集めたpostです。 喜びを分かち合いましょう,at://did:plc:qq4q5nsxhl4m7gmvnf7mdgek/app.bsky.feed.generator/aaah3nfeihvmq
bangerz,2024-11-29T02:59:21.753Z,12,0,nahyoudoit.bsky.social,bangerz,at://did:plc:gyuvrzxt4plzvqybm7wx3ruj/app.bsky.feed.generator/aaahlwql5hajy
Software Talk,2025-11-27T03:31:28.130Z,12,0,brittanyellich.com,A feed from folks that build/maintain software.,at://did:plc:4hodhjl2kposuchzvpiviwps/app.bsky.feed.generator/software-talk
💎 Bangers of the Week,2025-10-16T05:32:26.422Z,12,0,lukesteuber.com,"Bluesky’s most-liked posts, reposts, and replies from the past week, starting at the top  @lukesteuber.com",at://did:plc:muhesxre7yfcuqi5ss2fskjc/app.bsky.feed.generator/aaaow5aqkfvia
Cluster VR,2025-09-26T17:53:26.955Z,12,0,aiyoku.xyz,"Skeets about Cluster, the JP metaverse platform, will appear in this feed. They must contain links from their official website and the following tags: #Cluster & #WorldCraft.  BlueskyFeedCreator.com Donate: https://blueskyfeedcreator.com/p/aiyoku.xyz/aaahrtgmcch3y#donate",at://did:plc:kjnet2viyumgkqtjnzo6y4pz/app.bsky.feed.generator/aaahrtgmcch3y
Sky Twins Baseball,2023-07-14T13:05:49.840Z,12,0,labuzamovies.com,A feed of Twins Beat writers and fans.,at://did:plc:sfkls3k5pk3jkwmj2epqra42/app.bsky.feed.generator/aaaeb2uz5ibiw
日本語高速反映ふゐゐど,2025-09-19T15:32:58.412Z,12,0,ja-stats.blue,日本語を発見次第、すぐに追加してくれます。  github: https://github.com/bluesky-ja-stats/ja-feed,at://did:plc:4obritwv62ohd6yeodt5q33z/app.bsky.feed.generator/ja-posts
Firehose,2023-11-09T03:17:14.863Z,12,0,flicknow.xyz,The firehose of all Bluesky posts.  Mainly intended to check how up to date my feeds are ,at://did:plc:wzsilnxf24ehtmmc3gssy5bu/app.bsky.feed.generator/firehose
for you,2024-02-15T01:01:43.475Z,12,0,flicknow.xyz,posts from users that would be a great match for you 🩵,at://did:plc:wzsilnxf24ehtmmc3gssy5bu/app.bsky.feed.generator/mark
#CAWX,2024-12-11T04:22:02.956Z,12,0,davidsacerdote.bsky.social,California Weather Experience  Uses a combo of this list: https://bsky.app/profile/davidsacerdote.bsky.social/lists/3kmi6ztjd5s2y  And posts containing cawx as a seperate word,at://did:plc:o4s55v3tsfph6whswxccpsia/app.bsky.feed.generator/aaajha45llkui
Femdom Videos 👑💅🏻🙏,2025-07-29T01:03:20.306Z,12,0,clarabelle.xyz,"video posts featuring bluesky's Goddesses, Mistresses, Dominas, Mommies, Daddies, Princesses, Queens, Deities and other supreme femme beings. worship and pay your respects accordingly!   more NSFW feeds 👉🏻 clarabelle.club/feeds  use #femdom to post directly to feed (dommes ONLY)",at://did:plc:geoqe3qls5mwezckxxsewys2/app.bsky.feed.generator/femdomvids
alexisposting ,2025-01-11T06:00:12.654Z,12,0,amutepiggy.bsky.social,,at://did:plc:opytet572euebuzzufm4inyf/app.bsky.feed.generator/aaafh4abgv5o4
topic dev,2024-02-14T17:00:33.678Z,12,0,why.bsky.team,topic detection based feed,at://did:plc:vpkhqolt662uhesyj6nxm7ys/app.bsky.feed.generator/topic-dev
🇺🇦 Pulse 1,2025-01-20T07:58:54.454Z,12,0,bsky.one,"Алгоритм: ❤️ = 1 бал, 🔁 = 3 балів, у стрічці пости які набрали 10+ балів за 5 годин. Рахуються ❤️🔁 тільки від профілів з каталогу.",at://did:plc:dvgliotey33vix3wlltybgkd/app.bsky.feed.generator/algo1
My Posts,2023-08-21T13:32:22.498Z,12,0,natesmith.dev,@natesmith.dev's posts sorted by most recent,at://did:plc:ymhwlftqc2ialnv34cqw3ikl/app.bsky.feed.generator/aaabsjo37p7sk
OnlyEngineers,2025-10-03T21:32:14.458Z,12,0,missmeringue.love,posts from spicy lady engineers!,at://did:plc:2j4w2o4xmkbheromzo73r5sv/app.bsky.feed.generator/OnlyEngineers
🎸 Frances Plays,2025-12-03T01:42:53.231Z,12,0,francesmeh.reviews,All my guitar posts in one place,at://did:plc:2hwwem55ce6djnk6bn62cstr/app.bsky.feed.generator/aaajhhq3bw6x6
FediSky,2024-10-21T08:51:53.093Z,12,0,newsmastfoundation.org,"Discover New Social - a dynamic, emerging online ecosystem and the future of social media.  This Feed connects conversations between key New Social thought leaders and builders ⁂ Follow @ap.brid.gy to to interact.  Curated by @newsmastfoundation.org",at://did:plc:vnycpb2e4lh4tc7oyr3n2jvh/app.bsky.feed.generator/aaahqhbueoh6m
Juni's shirts,2024-10-24T05:22:38.291Z,12,0,literallyjustadog.online,The shirts I've made!,at://did:plc:wpp4lklhvmopw6zcy6qb42ru/app.bsky.feed.generator/aaaltonu5fd46
MenorahSky,2024-12-20T01:16:47.658Z,12,0,jakei.bsky.social,Pictures of menorahs to celebrate hanukkah,at://did:plc:vjyot2w7zeomrslomwpfxirl/app.bsky.feed.generator/aaai7qz2evob4
🐾 FC 2025,2025-11-03T18:09:09.256Z,12,0,furryli.st,"Furry A feed for all things FC! Use #fc, #fc25, or #fc2025 to include a post in the feed.  Join the furry feeds by following @furryli.st",at://did:plc:jdkvwye2lf4mingzk7qdebzc/app.bsky.feed.generator/con-fc
DamnPortlanders,2024-11-21T19:35:36.298Z,12,0,rockom.bsky.social,This community is both read-at-your-own-risk and post-at-your-own-risk.   #DamnPortlanders #FNNLC #SNNLC #ThankfulThurs #dpdx #damnpdx,at://did:plc:fgnkp5yb6fuvxsqpqpnan46u/app.bsky.feed.generator/aaacyelwvpego
Guys Gone Wild,2025-07-29T14:46:13.406Z,12,0,gonewild.social,Gone Wild Masc & Men - Media posts only,at://did:plc:i5t7odtmmv7gtawckadaf6v4/app.bsky.feed.generator/gonewild-masc
Kink Art,2025-07-29T14:49:13.204Z,12,0,gonewild.social,"Whole network (anyone can post)  #kinkArt #kinkyart #fetishArt #BDSMart",at://did:plc:i5t7odtmmv7gtawckadaf6v4/app.bsky.feed.generator/kinkart
#nft,2023-05-22T13:43:59.807Z,12,0,skyfeed.xyz,Posts with #nft from the whole network,at://did:plc:tenurhgjptubkk5zf5qhi3og/app.bsky.feed.generator/h-nft
Shelfies,2023-11-21T20:31:08.759Z,11,0,andraste.fuckbgp.com,for all your bookshelf needs,at://did:plc:3s2iaaxxqnyesuu3np56uv7y/app.bsky.feed.generator/aaapjhwtmhmve
Uranium Glass,2024-02-29T17:23:14.531Z,11,0,andraste.fuckbgp.com,a feed for uranium glass,at://did:plc:3s2iaaxxqnyesuu3np56uv7y/app.bsky.feed.generator/aaaplyjrv2mvo
Couples Gone Wild,2025-07-29T14:45:12.610Z,11,0,gonewild.social,"#CouplesGW #CouplesGoneWild  Creators - babesky.com/request",at://did:plc:i5t7odtmmv7gtawckadaf6v4/app.bsky.feed.generator/couples-gone-wi
SchnauzerSky,2024-11-14T07:25:21.982Z,11,0,jakei.bsky.social,pictures of schnauzers,at://did:plc:vjyot2w7zeomrslomwpfxirl/app.bsky.feed.generator/aaactdpbr244i
my best stuff,2024-11-17T19:58:42.342Z,11,0,rebrafsim.bsky.social,,at://did:plc:ofbhd4x65yjzuoh27ceq3n76/app.bsky.feed.generator/aaab23k2b5q3a
#Feminism,2024-12-02T13:47:58.957Z,11,0,afreeparticle.com,Posts tagged with #Feminism from the last week,at://did:plc:l72uci4styb4jucsgcrrj5ap/app.bsky.feed.generator/aaaiph5jixf4e
300,2023-09-04T21:36:11.000Z,11,0,retr0.id,posts that exactly meet the character count limit,at://did:plc:vwzwgnygau7ed7b7wt5ux7y2/app.bsky.feed.generator/threehundred
Spooky Market,2025-10-31T19:32:05.268Z,11,0,davis.social,,at://did:plc:2gx2noukxzwmj6dkxbmh3qt5/app.bsky.feed.generator/spookymarket
Melody's Artfeed,2024-03-10T23:14:05.505Z,11,0,meloteaart.bsky.social,Feed of all my artwork! 🎃,at://did:plc:e3bifqysymfkfgjw7kaxm5vy/app.bsky.feed.generator/aaaoyrs6vtea2
Olena's Art Feed ✨,2024-11-19T08:22:28.431Z,11,0,natureintheory.bsky.social,Olena Shmahalo's Art Feed ✨,at://did:plc:xwa7bqilcayrbrrsy33cxr2c/app.bsky.feed.generator/aaadycj4x6e72
Web Dev|Design|UX,2024-07-30T07:53:29.138Z,11,0,pixeline.be,"Gathers English posts with ""web dev"", ""web design"", ""ux"", ""smashingmagazine"" or a link to a codepen in their body",at://did:plc:v4zpi74gy7enfiwke7hmoxv5/app.bsky.feed.generator/aaadsmq4vscnq
Super Bowl LIX,2025-02-09T23:23:16.448Z,11,0,blueskyfeedcreator.com,"This feed collects discussion about the NFL Superbowl using #superbowl, #superbowlLIX, #nfl, #afc, #nfc. It is not affiliated with the NFL.  BlueskyFeedCreator.com",at://did:plc:45xkjogf53hfcwmpoj5afahn/app.bsky.feed.generator/superbowl
Flower Friday Family 🐦,2024-11-23T00:17:30.849Z,11,0,drawstickpeople.bsky.social,"Same #flowerfridayfamily from 🐦but @ a new 🏡  Tag #flowerfridayfamily   We share our own photos (artwork, too) of 🌺, 🪴, 🌳, 🍂🌿, growing & freshly picked veggies & fruit  We don't care if our pics are new or old  We care that we're kind because we're a family  Pls alt text your photos",at://did:plc:tuhlyhkol7yxkh5q3mykjqe4/app.bsky.feed.generator/flowerfriday
旅画像,2025-02-01T23:15:19.351Z,11,0,itokonn.bsky.social,旅に出た人たちの画像を集めています。国内外問わず。,at://did:plc:qq4q5nsxhl4m7gmvnf7mdgek/app.bsky.feed.generator/aaairb6ebfj7u
Bot Hunt,2024-11-15T22:34:15.742Z,11,0,bonnicula.bsky.social,experimental: searching for GFX bots based on Regex,at://did:plc:7dl6s4wfcygfxzxok46z5gtu/app.bsky.feed.generator/aaanswmiktaws
Pro Cycling Clips,2025-07-28T23:21:29.309Z,11,0,kris.to,"A video feed about Pro Cycling 🎥 🚴🚴‍♀️🚴‍♂️. Subscribe to @labeler.procycling.social to get a label.  Post with #procycling or any pro cycling keyword in your post or alt-text to be included. ",at://did:plc:542d7hnrdfvkldeieefmajxl/app.bsky.feed.generator/procyclingvideo
JUST BLAZE,2024-11-21T03:23:43.396Z,11,0,blazettemidnight.bsky.social,Just Blaze Posts,at://did:plc:qg7b7c6snlyq6z32occlgqib/app.bsky.feed.generator/aaaezigq7nir6
政治(日本),2025-09-08T07:15:53.208Z,11,0,ubanis.com,政治用語が含まれるフィードです,at://did:plc:lmftezsq52hi53taz762s7pc/app.bsky.feed.generator/aaamedtqwva6m
Feature Requests,2024-02-14T07:44:55.455Z,11,0,markrubin.bsky.social,Feature requests for BlueSky  Tag = #featurerequest,at://did:plc:4jb3re5tvklsvhuc3lkerj5q/app.bsky.feed.generator/aaafiqdkvenk6
#DigitalHumanities,2025-04-29T10:09:45.479Z,11,0,literaturegeek.bsky.social,This feed just captures #digitalhumanities hashtagged posts.,at://did:plc:quschouau47zm4f3ntsw7j5y/app.bsky.feed.generator/aaadoni6ojq3s
April's Art Feed,2023-07-13T17:53:57.557Z,11,0,april-prime.bsky.social,Please browse my art at your leisure,at://did:plc:rurabrmfzfbq7kplsl3l57hb/app.bsky.feed.generator/aaacqkraiawuu
UKR,2023-06-14T12:52:10.088Z,11,0,oleksanovyk.com,BSKY.ONE Test feed,at://did:plc:rq6jsdmsptn4m7tfz7cd7nyv/app.bsky.feed.generator/test1
Duke's Least Worst,2024-11-17T02:11:52.142Z,11,0,uncleduke1969.bsky.social,,at://did:plc:2cz6x3e7thlqjc5cxa2hnbsn/app.bsky.feed.generator/aaadpxkw36ag6
MILF Videos,2025-07-29T01:01:03.202Z,11,0,realmilfs.love,"Videos of real MILFs, verified content creators  Ran by @realmilfs.love SW owned Tracking #MILF #mombod #realMILF #realMILFs #milfporn #pregnancyporn ",at://did:plc:x2whmtldm45y65l6gpav5lfz/app.bsky.feed.generator/milfvideos
nicboone art archives,2023-08-07T13:15:00.896Z,11,0,nicboone.bsky.social,archiving my work on bluesky until curated gallery tabs get added,at://did:plc:iql72o4jcrlztbrn2f2l4w7v/app.bsky.feed.generator/aaancx5akkbl2
womenalsopoll,2023-10-23T11:18:46.778Z,11,0,ashleykirzinger.bsky.social,Women also poll,at://did:plc:nd3beschhh3zzxsdoxxnntcb/app.bsky.feed.generator/aaaeruj3mm6ew
Pure Unadultered Cringe,2023-09-22T00:05:32.946Z,11,0,pogue.omg.lol,The worst jokes you've ever read in your life. Abandon all hope ye who enter here!,at://did:plc:cipv3arp27zug6ugyk7fv76o/app.bsky.feed.generator/aaalwrbsobvdk
Girls in Dresses,2025-08-26T20:55:05.624Z,11,0,realnsfw.social,"Girls wearing dresses  (link in bio to be added to RealNSFW list, then use any #dress hashtag)",at://did:plc:db645kt5coo7teuoxdjhq34x/app.bsky.feed.generator/aaaexu4bfxl3g
Redwall,2024-09-04T23:52:29.211Z,11,0,zig.computer,Posts about the late Brian Jacques' iconic Redwall series. Come explore Mossflower Woods with us! 🌼⚔️,at://did:plc:cxuzwp5dzmxkrdr55qh25mgb/app.bsky.feed.generator/aaal62ymqt2cy
Rottweilers,2024-11-14T05:30:55.093Z,11,0,jakei.bsky.social,pictures of rottweilers,at://did:plc:vjyot2w7zeomrslomwpfxirl/app.bsky.feed.generator/aaacsjvf53szq
Great Danes,2024-11-14T05:33:19.376Z,11,0,jakei.bsky.social,pictures of great danes,at://did:plc:vjyot2w7zeomrslomwpfxirl/app.bsky.feed.generator/aaacskak42mmi
Ñ Light,2024-10-25T12:04:08.708Z,11,0,ealmuina.xyz,Posts de solo texto en español // Text-only posts in Spanish.,at://did:plc:qinqxdwwxgme6r4lgmkry5qu/app.bsky.feed.generator/light_spanish
Latinasky 🔞,2025-08-26T20:56:30.007Z,11,0,realnsfw.social,"(to be featured, be followed by me then use any #latina type hashtag)",at://did:plc:db645kt5coo7teuoxdjhq34x/app.bsky.feed.generator/aaanirbntmy3c
Grand Theft Auto - GTA,2023-12-03T12:26:52.007Z,11,0,tdassise.bsky.social,"Tracking GTA-related keywords - ""GTA"", ""Gran Theft Auto"", ""San Andreas"", ""[Vice|Liberty] City"", ""GTA [IVX]"", ""GTA [1-9]""",at://did:plc:zrorfsettofvnoguuyk6cart/app.bsky.feed.generator/aaac6vzjli6yw
BookSky 💙📚 ad free,2025-10-12T19:53:45.077Z,11,0,clarabelle.xyz,Ad free version of the main #BookSky you know and love! An exclusive for our Patreon supporters who keep BookSky running - thank you. 📚 More #BookSky feeds 👉🏻 booksky.club,at://did:plc:geoqe3qls5mwezckxxsewys2/app.bsky.feed.generator/bookskyelite
GILFsky,2025-08-26T20:54:47.507Z,11,0,realnsfw.social,"(mutuals, then #GILF)",at://did:plc:db645kt5coo7teuoxdjhq34x/app.bsky.feed.generator/aaaniukdf6rjq
Golden Hour,2025-10-05T17:40:34.458Z,10,0,sweetbee.vip,"Golden hour photography  #goldenHour photo posts from the whole network",at://did:plc:lcytlkvzs3wslcgbk7i3ygak/app.bsky.feed.generator/aaaoxwrsm7rku
Black VTubers Log,2025-08-08T03:01:30.705Z,10,0,aiyoku.xyz,News and other updates related to the Black VTubers feed are logged in here.,at://did:plc:kjnet2viyumgkqtjnzo6y4pz/app.bsky.feed.generator/aaafqfkg3mvxy
Dad Jokes,2023-08-21T00:43:42.353Z,10,0,rabbitholer.bsky.social,Dad Jokes? Dad Jokes!,at://did:plc:v336bgjhyj5suvc6ds5vkckg/app.bsky.feed.generator/aaabkuir2uzy2
Prime tweets,2023-09-21T10:30:11.636Z,10,0,pessimusprime.bsky.social,,at://did:plc:7nvnng43seboe73s5khzmkfw/app.bsky.feed.generator/aaaloenm2yxgs
Mature 🔞,2025-08-26T20:56:34.909Z,10,0,realnsfw.social,"(mutuals, then #mature)",at://did:plc:db645kt5coo7teuoxdjhq34x/app.bsky.feed.generator/aaanirki5y2go
Breeze Development,2025-01-22T09:32:49.550Z,10,0,srbilyon.stormynights.games,,at://did:plc:qixfuvpejk5g4tc25ny7cz64/app.bsky.feed.generator/aaalkjtialpha
That #Arch Tho,2025-08-26T20:54:15.211Z,10,0,realnsfw.social,"NSFW, #arch  (I must be following you for your post to appear)",at://did:plc:db645kt5coo7teuoxdjhq34x/app.bsky.feed.generator/aaaeykcn26hgu
アーマード・コア,2023-08-30T13:17:49.538Z,10,0,matope.bsky.social,\bAC6\b|\bARMORED +CORE\b|\bアーマード・+コア\b for lang:ja,at://did:plc:kzxl37blybhp7kvn2clme7j2/app.bsky.feed.generator/aaaejf6ka6py2
ModPhys,2023-07-24T00:01:41.074Z,10,0,afreeparticle.com,Any post tagged with #ModPhys,at://did:plc:l72uci4styb4jucsgcrrj5ap/app.bsky.feed.generator/aaaimdpuxroas
Emojis,2023-11-03T19:58:28.660Z,10,0,retr0.id,Emojis Only (may also include a few things that aren't emojis...) - via skyfeed,at://did:plc:vwzwgnygau7ed7b7wt5ux7y2/app.bsky.feed.generator/aaajnkoz5cmts
FPL Major News,2024-11-20T05:21:36.287Z,10,0,fpljared.football,"FPL News at a Glance  Journalists | Creators  Posts with major engangement from FPL focused Journalists, Data Pages and FPL Creators  Injury News | Press Conferences | Line up News  24/7 FPL at: FPL Feed on BlueSky - https://bsky.app/profile/did:plc:7ohsa3mwvom7qufgubq5ktae/feed/aaadnwadpd7ga",at://did:plc:7ohsa3mwvom7qufgubq5ktae/app.bsky.feed.generator/aaadrwiuscsoe
#a11y,2023-05-22T13:44:24.235Z,10,0,skyfeed.xyz,Posts with #a11y from the whole network,at://did:plc:tenurhgjptubkk5zf5qhi3og/app.bsky.feed.generator/h-a11y
#EDS,2024-12-18T11:19:10.152Z,10,0,allyann.bsky.social,"Finds #EDS, #EhlersDanlosSyndrome, #hEDS, #HyperEhlersDanlosSyndrome, #VascularEhlersDanlosSyndrome, #vEDS, and the longer forms of Ehlers Danlos Syndrome, Hyper Ehlers Danlos Syndrome and Vascular Ehlers Danlos Syndrome",at://did:plc:3sn6bogankaicebzdb7liro3/app.bsky.feed.generator/aaailjvijwgs2
Thurlinda's Findings,2024-05-29T23:27:38.966Z,10,0,ennuidoofen.bsky.social,,at://did:plc:7bv2ca3yawj662o7qxd5xyt7/app.bsky.feed.generator/aaamnliwe64w4
ChainJokes,2023-08-06T00:55:58.213Z,10,0,jakei.bsky.social,"Feed of popular ""chain jokes"" that always show up, like ""She __ on my __ it I ___ "" and ""ACAB includes...""  Tag @jakei.bsky.social to add more joke formats.",at://did:plc:vjyot2w7zeomrslomwpfxirl/app.bsky.feed.generator/aaaklc3gkmsp4
MedFoodSky🐦,2024-11-26T18:04:54.550Z,10,0,drawstickpeople.bsky.social,"Medsky Community Cooks, Bakes, Grills, Roasts, & Assembles  Here the healthcare (clinical & research) community shares food from our kitchens & our 💞  Tag posts #medfoodsky #medsoupsky #medbakesky #medcooksky #doctorswhocook #scientistswhocook  Alt Text so everyone can enjoy",at://did:plc:tuhlyhkol7yxkh5q3mykjqe4/app.bsky.feed.generator/medfoodsky
BFC530,2024-11-14T11:26:59.295Z,10,0,afreeparticle.com,Posts tagged with #BFC530,at://did:plc:l72uci4styb4jucsgcrrj5ap/app.bsky.feed.generator/aaacu3azlgb6q
Art: 2D Animation Vids,2025-07-29T00:27:48.008Z,10,0,wanderlingworld.bsky.social,2D animation and 2D animation process videos by artists. Filters out AI/NFT keywords.,at://did:plc:odqmsar3ikz5ubokya4sempk/app.bsky.feed.generator/2danimationvids
What's Wiggling,2023-07-08T16:37:07.785Z,10,0,afreeparticle.com,Worm Science (All posts tagged with 🪱 in the What's Science feed),at://did:plc:l72uci4styb4jucsgcrrj5ap/app.bsky.feed.generator/aaadnvickxhwg
Cinema 4D | #C4D,2024-12-10T20:17:19.848Z,10,0,natureintheory.bsky.social,"For 3D art made in & posts about Maxon Cinema 4D  Catches: Cinema 4D, #C4D, #Cinema4D, #Redshift, #RedshiftRender  NO AI or NFTs",at://did:plc:xwa7bqilcayrbrrsy33cxr2c/app.bsky.feed.generator/aaadyfvtyymgm
miss meringue NGL,2025-07-29T00:49:56.206Z,10,0,missmeringue.love,answers to NGLs and other Q and A,at://did:plc:2j4w2o4xmkbheromzo73r5sv/app.bsky.feed.generator/missmeringueqan
MNUFC,2023-09-21T13:09:24.712Z,10,0,adamwells.bsky.social,Last 7 days of posts containg MNUFC on Bluesky,at://did:plc:y5ic56o5qj2r2vbuguzqmdjy/app.bsky.feed.generator/aaalr3ll5smtw
🇺🇦 Відео,2025-01-20T07:58:55.552Z,10,0,bsky.one,"📺 Відео-стрічка з усіма постами від профілів з каталогу BSKY.ONE.  ⚠️⚠️⚠️ Якщо стрічка пуста, включіть українську в налаштуваннях в розділі Content languages.",at://did:plc:dvgliotey33vix3wlltybgkd/app.bsky.feed.generator/videos
Clara's SFW feeds,2025-07-29T01:03:10.305Z,10,0,clarabelle.xyz,"all of the nice, wholesome feeds that you can look at during the workday",at://did:plc:geoqe3qls5mwezckxxsewys2/app.bsky.feed.generator/sfwfeeds
Digital Humanities+ jobs,2025-04-29T10:09:36.077Z,10,0,literaturegeek.bsky.social,"Not working well? Checks DH+ list + #s (#LISJobs, #LISJob, #GLAMJobs, #ArchiveJobs, #MuseumJobs, #AcademicSky, #STS) for posts mentioning hiring, ad, search committee",at://did:plc:quschouau47zm4f3ntsw7j5y/app.bsky.feed.generator/aaahw2a6yog3k
enjoy the process,2024-06-30T03:18:21.901Z,10,0,capnwatsisname.bsky.social,All posts by Katie Didn't,at://did:plc:efdtjcx67l6vpztu7muhp64s/app.bsky.feed.generator/aaaboubzwgwgu
元 Pinned SkyLine - ja,2025-10-03T14:50:05.969Z,10,0,raitako.com,,at://did:plc:rmpcdvowarn4rcz4slzl76k2/app.bsky.feed.generator/pinned-timeline
Maddie's Posts,2024-04-18T20:41:18.016Z,10,0,madrigal.bsky.social,i hope you are satisfied with this collection of my words and thoughts,at://did:plc:ld6amztvyqa6dkyfpuw7agz3/app.bsky.feed.generator/aaapf3fwo3rya
C107,2025-11-30T22:53:15.431Z,10,0,fenarinarsa.com,コミックマーケットとCOMITIAとスパコミについての投稿,at://did:plc:fb3iwxg23jziddgbtsixx3zu/app.bsky.feed.generator/aaagozy76zrdk
Philosophy of Cog Sci,2025-11-28T23:05:05.832Z,10,0,keithwilson.eu,"Feed for philosophy of psychology and the cognitive sciences on Bluesky. Tag posts with #philpsy, #philcogsci, #cogsci, #neurosky, etc. to include them in the feed. (Tags are case-insensitive.)  BlueskyFeedCreator.com Donate: https://blueskyfeedcreator.com/p/keithwilson.eu/cogsci#donate",at://did:plc:3bybp6nqszlhuan2ch2cmv66/app.bsky.feed.generator/cogsci
🧠✨️AuDHD,2023-08-08T19:33:11.538Z,10,0,handle.invalid,AuDHD,at://did:plc:lelg6d2guxp3nvcnx7d52ejt/app.bsky.feed.generator/aaal66afhqi6o
BBC micro:bit,2025-01-19T20:21:29.760Z,10,0,carlosperate.bsky.social,"Feed showing posts about the BBC micro:bit.  Tags: #microbit, #bbcmicrobit, #makecode  To report any posts, or exclude your account from the feed contact @carlosperate.bsky.social. This feed is not endorsed, sponsored or associated with the Micro:bit Educational Foundation.",at://did:plc:q7m5ssgqflnf2rh3zfz6hygp/app.bsky.feed.generator/microbit
James' Photos,2024-08-22T13:31:50.502Z,10,0,james.tarnation.lol,All of James' photos 📸. Most recent first.,at://did:plc:3m5c2aiko7heyjmwbrkp3ym5/app.bsky.feed.generator/aaahupzbygk52
我在惊悚游戏里封神,2025-12-27T14:39:54.736Z,10,0,arkaingel.bsky.social,我在惊悚游戏里封神 / 我在无限游戏里封神 / 惊封 IBecameaGodinaHorrorGame / JingFeng  I Became a God in a Horror Game กลายเป็นท่านเทพในเกมสยองขวัญ Bai Liu / Bai Six / TaiLiu / Xieta  GHG not included pick another keyword I'm sick of it ✌,at://did:plc:wntgeu7raa7v5t6v32u4dxdb/app.bsky.feed.generator/aaajttr6qdrlm
NSFW Bluesky (Latest),2025-07-29T14:49:32.803Z,9,0,gonewild.social,"New NSFW posts from the whole network  (wip)",at://did:plc:i5t7odtmmv7gtawckadaf6v4/app.bsky.feed.generator/aaaiouvbnnq52
Gone Wild Trending,2025-10-22T01:56:33.761Z,9,0,gonewild.social,Trending posts from the GoneWild feed.,at://did:plc:i5t7odtmmv7gtawckadaf6v4/app.bsky.feed.generator/gwhot
So True,2023-10-26T15:25:02.852Z,9,0,retr0.id,posts that are so true (made with skyfeed),at://did:plc:vwzwgnygau7ed7b7wt5ux7y2/app.bsky.feed.generator/aaagywsxkze2g
Assholes,2025-08-26T20:54:19.006Z,9,0,realnsfw.social,#asshole (link in bio to join),at://did:plc:db645kt5coo7teuoxdjhq34x/app.bsky.feed.generator/aaanip7bh6syi
Splatball Art,2024-04-10T10:07:03.239Z,9,0,lekroox.bsky.social,Keep up to date on all the Splatball art out there in the bskyverse.,at://did:plc:vn6gkzli46dvgaoibhojynzb/app.bsky.feed.generator/aaajo2g52cqpo
Trending NSFW Videos,2025-10-22T17:22:36.760Z,9,0,gonewild.social,Top trending NSFW posts from the whole network (last 8 hours),at://did:plc:i5t7odtmmv7gtawckadaf6v4/app.bsky.feed.generator/nsfwvidshot
Physics,2023-06-27T20:23:27.559Z,9,0,afreeparticle.com,Any mention of physics,at://did:plc:l72uci4styb4jucsgcrrj5ap/app.bsky.feed.generator/aaap6gzsvt6dg
Tea,2023-10-16T09:47:50.109Z,9,0,crowgirl42.bsky.social,"Collocates all messages with 'tea,' 'tealist,' or 'teafeed' in main text.",at://did:plc:hngo2tdxmimlip4yk3paxag4/app.bsky.feed.generator/aaab5pvtxjzlc
🔞 Riding,2025-08-26T20:56:16.912Z,9,0,realnsfw.social,posts tagged with #riding,at://did:plc:db645kt5coo7teuoxdjhq34x/app.bsky.feed.generator/aaanitf4xolus
#NDIS,2023-10-09T13:10:31.518Z,9,0,allyann.bsky.social,"A feed for all things #NDIS.  Picks up ""#NDIS"" and ""NDIS"".",at://did:plc:3sn6bogankaicebzdb7liro3/app.bsky.feed.generator/aaabevsmtkplm
Creative Commons,2023-09-26T18:08:41.845Z,9,0,mxvoid.com,Unofficial feed with all mentions of Creative Commons or Creative Commons licenses.,at://did:plc:xwoo7w5rf3cm3qyido5npkoc/app.bsky.feed.generator/aaaf5de734eee
#iTeachPhysicsBreakroom🎢,2023-10-01T22:38:33.877Z,9,0,afreeparticle.com,Anything anyone in the #iTeachPhysics community posts (Originally a Twitter chat moderated by @BlackPhysicists)  Message @afreeparticle.com to join or be taken off  Current list here (DO NOT SUBSCRIBE):  https://bsky.app/profile/did:plc:l72uci4styb4jucsgcrrj5ap/lists/3jyuuwjevlo26,at://did:plc:l72uci4styb4jucsgcrrj5ap/app.bsky.feed.generator/aaaowcpaibulg
Pickathon,2023-08-10T13:22:32.574Z,9,0,rockom.bsky.social,"Posts relating to the musical festival Pickathon in Happy Valley, Oregon at Pendarvis Farm.",at://did:plc:fgnkp5yb6fuvxsqpqpnan46u/app.bsky.feed.generator/aaajia6umocvc
#bluesky,2023-05-22T13:43:49.369Z,9,0,skyfeed.xyz,Posts with #bluesky from the whole network,at://did:plc:tenurhgjptubkk5zf5qhi3og/app.bsky.feed.generator/h-bluesky
🆕 Gone Wild 🔞,2025-07-29T14:49:27.106Z,9,0,gonewild.social,"New, permanent home for the main #GoneWild feed Find your favorite lewds, nudes, & porn here All genders welcome, verified adult content creators only (babesky.com/request to join)",at://did:plc:i5t7odtmmv7gtawckadaf6v4/app.bsky.feed.generator/gonewild
#innovation,2023-05-22T13:44:43.218Z,9,0,skyfeed.xyz,Posts with #innovation from the whole network,at://did:plc:tenurhgjptubkk5zf5qhi3og/app.bsky.feed.generator/h-innovation
First 20,2023-06-18T13:28:43.036Z,9,0,flicknow.xyz,First 20 posts from new users,at://did:plc:wzsilnxf24ehtmmc3gssy5bu/app.bsky.feed.generator/first20
Biblically Accurate Feed,2023-11-15T14:59:53.258Z,9,0,elfprince13.mumak.app,it's full ꙮf eyes,at://did:plc:jxcabn5oqg4xlpflgoy4rmxr/app.bsky.feed.generator/aaanjcnkf75ig
🚀 Over 2000,2025-10-15T23:17:43.121Z,9,0,lukesteuber.com,"Posts with more than 2,000 likes, spam-filtered (hopefully), across all of Bluesky over the past 24 hours — newest to oldest.   See what’s viral, plus a bunch of posts from famous people who always get that many likes.  @lukesteuber.com",at://did:plc:muhesxre7yfcuqi5ss2fskjc/app.bsky.feed.generator/aaaouj7mhcsuq
ChonkBangers,2024-03-01T23:33:12.460Z,9,0,jakei.bsky.social,Truck Feed sorted by most likes in the last 7 days,at://did:plc:vjyot2w7zeomrslomwpfxirl/app.bsky.feed.generator/aaaeubuibcham
LACU,2023-08-10T01:39:17.931Z,9,0,jakei.bsky.social,"LA Comedy Underground (The Blue Sky edition)  Posts only, no replies or reposts, from people on the list-- tag @jakei.bsky.social to be added.",at://did:plc:vjyot2w7zeomrslomwpfxirl/app.bsky.feed.generator/aaagdjtiuutmm
OnlyNerds,2025-10-03T22:30:55.261Z,9,0,missmeringue.love,posts from spicy nerds!,at://did:plc:2j4w2o4xmkbheromzo73r5sv/app.bsky.feed.generator/OnlyNerds
百鬼夜行,2023-09-23T16:35:19.969Z,9,0,itokonn.bsky.social,百鬼夜行シリーズのタイトルとなっている妖怪の名前を集めた,at://did:plc:qq4q5nsxhl4m7gmvnf7mdgek/app.bsky.feed.generator/aaaftj7phbrr4
SkaterSky🛹,2023-12-14T01:39:10.557Z,9,0,jakei.bsky.social,Posts about skateboarding - include the 🛹 emoji to get in the feed for sure.,at://did:plc:vjyot2w7zeomrslomwpfxirl/app.bsky.feed.generator/aaabh7mrtk5qk
Top of the Hops,2024-09-06T22:04:50.905Z,9,0,joparkerbear.bsky.social,Top of the Bunny with Glasses,at://did:plc:btj7htumgboprmobfodhw7wu/app.bsky.feed.generator/aaaonxcqlbupc
Tofu93 Art,2023-07-10T22:07:23.745Z,9,0,tofu93.bsky.social,Digital art pieces done by Tofu93.,at://did:plc:hefbcq4ju4qsvgufnixxsble/app.bsky.feed.generator/aaacxomsbh7ku
Garak,2025-10-25T21:53:24.357Z,9,0,earlgreymemes.club,"Elim Garak, a simple tailor, formerly an agent of the Obsidian Order, exiled to Terok Nor. Everything he says is true, even the lies. #DS9 #StarTrek  (all mentions of Garak and Garashir)  [ID: Garak doing jazz hands]",at://did:plc:hopmtyvc3dhv62ofiuzii5t7/app.bsky.feed.generator/aaan2yy4i4x72
Greyhounds,2024-11-14T04:55:37.576Z,9,0,jakei.bsky.social,pictures of grehounds,at://did:plc:vjyot2w7zeomrslomwpfxirl/app.bsky.feed.generator/aaacsbtubdypg
Red Pandas,2023-07-27T17:49:04.211Z,9,0,jakei.bsky.social,Red Pandas - any post with a photo that mentions red pandas,at://did:plc:vjyot2w7zeomrslomwpfxirl/app.bsky.feed.generator/aaajt53uj3z6i
English Setters,2024-11-14T05:28:31.677Z,9,0,jakei.bsky.social,pictures of english setters,at://did:plc:vjyot2w7zeomrslomwpfxirl/app.bsky.feed.generator/aaacsi4ggxmh6
NSFW Roleplay,2025-10-22T01:30:32.859Z,9,0,gonewild.social,[WIP],at://did:plc:i5t7odtmmv7gtawckadaf6v4/app.bsky.feed.generator/roleplay
NZ / AO (town names only,2024-12-07T19:21:06.959Z,9,0,oracularhades.com,"This feed includes NZ town names and the keyword ""kikorangi"". Posts from those NOT on the NZ list will appear here. If you want NZ-only, see this https://bsky.app/profile/oracularhades.com/post/3lbnvoariik2g",at://did:plc:wtdzzfgzjpirnk5wvpjutqoy/app.bsky.feed.generator/aaafxifzm6w64
Spoon Exchange ,2025-06-04T06:25:34.550Z,9,0,lukesteuber.com,"Take a spoon, leave a spoon  This feed is automatically generated based on words and phrases that might indicate someone who could use a kind word. You wouldn't believe how many shouts in the dark there are by people that don't get seen; let's go see them.   Use 🥄 or #SpoonExchange to flag for sure!",at://did:plc:muhesxre7yfcuqi5ss2fskjc/app.bsky.feed.generator/aaadtbcd2mhuk
WoodyLuvsCoffee Posts,2023-08-22T22:33:32.576Z,9,0,woodyluvscoffee.bsky.social,Caffeinated Skeets,at://did:plc:5loqawak6t5imxu3my4gg6wi/app.bsky.feed.generator/aaacbxtkugc3m
Nextflow,2024-12-05T10:08:31.558Z,9,0,stephenturner.us,Posts mentioning Nextflow or nf-core. By @stephenturner.us (https://blog.stephenturner.us/),at://did:plc:ppvxhapnptcy5v6cih3ynmzg/app.bsky.feed.generator/aaacvt4zblego
TheFabFeed,2024-02-21T20:57:38.370Z,9,0,lasassypants.bsky.social,Only the Sassy People,at://did:plc:f5xfh2q4gy2mojsicriqv5nm/app.bsky.feed.generator/aaad4g6sqsi72
UK Political Commentary,2024-08-26T20:23:09.576Z,9,0,supergm.bsky.social,"A loosely defined collection of UK journalists, policy analysts, podcasters, thinktanks and interesting folk maintained by @SuperGM.bsky.social",at://did:plc:5rsybfgedqs6e2n2njngvn3t/app.bsky.feed.generator/aaai74vduq3cq
VTubers Guide Log,2025-06-15T03:31:11.552Z,9,0,aiyoku.xyz,Updates regarding the VTubers Guide To Bluesky are being logged in this feed.,at://did:plc:kjnet2viyumgkqtjnzo6y4pz/app.bsky.feed.generator/aaagbuppu5h2e
WWE Wrestling Top Posts,2025-09-22T18:45:09.803Z,9,0,andy.wrestlejoy.com,The top posts in WWE Wrestling in the last 24 hours,at://did:plc:5kk6tru4mdazgfmgyflvz3k2/app.bsky.feed.generator/top-wwe
The VStream Community,2025-06-15T03:16:09.756Z,9,0,aiyoku.xyz,Formely an exclusive feed for VTubers who streamed their content on VStream.   Include #VStreamer within YOUR posts to have them appear in the results.,at://did:plc:kjnet2viyumgkqtjnzo6y4pz/app.bsky.feed.generator/aaan35stpu2be
Pixel Art,2023-08-02T23:15:27.145Z,9,0,genrouthier.bsky.social,A curated list of pixel artists.,at://did:plc:6trrqcvrpocdlgmvh6amf53v/app.bsky.feed.generator/aaalp6xqesnas
Stewsday!,2024-02-21T00:47:29.091Z,9,0,eepy.bsky.social,"A feed dedicated to stew on tuesdays! Use the word ""stewsday"" in the post body and the feed should pick it up. Regex: \bstewsday\b | \bstewsdays\b keywords: stew, cooking, food, soup",at://did:plc:5rw2on4i56btlcajojaxwcat/app.bsky.feed.generator/aaaowe2yv7ylm
#nowplaying,2023-05-22T13:43:58.867Z,8,0,skyfeed.xyz,Posts with #nowplaying from the whole network,at://did:plc:tenurhgjptubkk5zf5qhi3og/app.bsky.feed.generator/h-nowplaying
Feed Requests,2023-05-26T21:25:47.929Z,8,0,skyfeed.xyz,All posts using the #FeedRequest hashtag,at://did:plc:tenurhgjptubkk5zf5qhi3og/app.bsky.feed.generator/h-feedrequest
Network Engineering,2024-12-18T18:59:11.850Z,8,0,andraste.fuckbgp.com,,at://did:plc:3s2iaaxxqnyesuu3np56uv7y/app.bsky.feed.generator/aaap4ab2qyvie
Sky Mall,2025-11-14T22:27:59.666Z,8,0,cyaneyed.lol,A feed for shopping from other users on Bluesky. Once added to the Sky Mall list people will be able to post to the feed using the shopping or moneybag emoji or #shop  BlueskyFeedCreator.com Donate: https://blueskyfeedcreator.com/p/cyaneyed.lol/aaaih4idks7so#donate,at://did:plc:nmm26ltnxjx4oskwzdue4xvq/app.bsky.feed.generator/aaaih4idks7so
#iTeachWL,2023-08-01T13:41:27.450Z,8,0,afreeparticle.com,World Language Education feed.  Anyone can post with #iTeachWL  EduSky list can post with 🌐,at://did:plc:l72uci4styb4jucsgcrrj5ap/app.bsky.feed.generator/aaalekj2bjox2
ditchpony ,2024-11-21T15:29:35.972Z,8,0,ditchpony.bsky.social,ditchpony posts,at://did:plc:e7cj3zz5x64obhphxxlbsngg/app.bsky.feed.generator/aaadmwu6el4wa
The Elusive Follows,2023-07-17T21:29:40.158Z,8,0,bossett.social,A highly curated list of people that share an elusive quality.,at://did:plc:jfhpnnst6flqway4eaeqzj2a/app.bsky.feed.generator/elusive
WriteFreely and Friends,2024-10-22T13:25:50.080Z,8,0,write.as,Posts about WriteFreely (a federated blogging platform) and related projects and topics.,at://did:plc:h5tboav2wqdufmagx2242xzl/app.bsky.feed.generator/aaako4fep4ebi
#EastCoastKin Feed,2025-01-17T19:30:05.458Z,8,0,andraste.fuckbgp.com,any posts or replies that use the hashtag #EastCoastKin in the past 3 days,at://did:plc:3s2iaaxxqnyesuu3np56uv7y/app.bsky.feed.generator/aaahlphqylb52
Top Links,2025-05-11T16:06:53.147Z,8,0,theblue.report,"The most popular links on Bluesky from the past hour, day, and week—each shown with the top post that shared it.",at://did:plc:zrcqicmkxum6tir6ahthppif/app.bsky.feed.generator/toplinks
Hits and Shits,2024-11-20T03:04:26.872Z,8,0,xinicit.bsky.social,Classics and Not So Classics,at://did:plc:zzjoncowxyg6a4dqfkvnpi2k/app.bsky.feed.generator/aaaepbpvxlzxw
Aesthetic,2025-01-10T04:44:20.350Z,8,0,sweetbee.vip,,at://did:plc:lcytlkvzs3wslcgbk7i3ygak/app.bsky.feed.generator/aaae5bln54hhw
Resin Art,2023-09-12T18:59:50.359Z,8,0,onidraws.bsky.social,Feed for my resin art ! I usually make FFXIV job stones !,at://did:plc:odjok6e7bvrpcxwoslzn3erc/app.bsky.feed.generator/aaaisposrocv2
don't worry about it ,2025-11-08T12:17:47.158Z,8,0,mayawest.online,"Menus for services, bundles, sales and promotions",at://did:plc:2qlbivzvdt6hp6dwrd2sx4sf/app.bsky.feed.generator/aaaf4kbnfhnro
#hARToween25,2025-10-02T19:23:28.749Z,8,0,stinasdemons.com,hARToween 2025 Art Challenge Feed,at://did:plc:tcvpjkdcsdotgvcgdf6epyoe/app.bsky.feed.generator/aaaiov74iilqk
Flash & Short Fiction,2024-11-17T15:14:14.730Z,8,0,inkfishmagazine.bsky.social,"Writers of flash fiction and short fiction, editors, magazines & competitions.",at://did:plc:umxuuowjv7qzudv7o53akim5/app.bsky.feed.generator/aaadvlwfkknyw
skeets in retrograde ,2025-01-04T06:05:33.647Z,8,0,lscrapl.bsky.social,,at://did:plc:b2vvv3yl4de2cbxfspo7j3ek/app.bsky.feed.generator/aaac7z6ramc6s
Foof,2024-06-30T03:07:23.434Z,8,0,capnwatsisname.bsky.social,Foof,at://did:plc:efdtjcx67l6vpztu7muhp64s/app.bsky.feed.generator/aaanbwd6ggptg
seacreatures,2023-05-26T17:37:29.263Z,8,0,why.bsky.team,sea creatures!,at://did:plc:vpkhqolt662uhesyj6nxm7ys/app.bsky.feed.generator/seacreatures
#DHmakes firehose,2025-04-29T10:09:53.680Z,8,0,literaturegeek.bsky.social,"Last 7 days of all #DHmakes posts! For just #DHmakes media posts (no replies, no no-media posts) see the ""#DHmakes media posts"" feed instead. #DHmakes is a way for digital humanities -ish folks to share/chat/ask questions about crafting, making, etc. (but the crafting doesn't need to be DH-related!)",at://did:plc:quschouau47zm4f3ntsw7j5y/app.bsky.feed.generator/aaadokeexl2vo
🇺🇦 #sims,2025-01-20T07:58:52.647Z,8,0,bsky.one,"Пости з тегами #sims, #сімс, #thesims, сімс 2, сімс 3, сімс 4 від профілів з каталогу BSKY.ONE.  ⚠️⚠️⚠️ Якщо стрічка пуста, включіть українську в налаштуваннях в розділі Content languages.",at://did:plc:dvgliotey33vix3wlltybgkd/app.bsky.feed.generator/sims
Robo Justin,2024-11-18T03:45:30.338Z,8,0,capnwatsisname.bsky.social,my posts,at://did:plc:efdtjcx67l6vpztu7muhp64s/app.bsky.feed.generator/aaad2wolqd6v4
What's Dad Media,2023-07-23T19:08:19.659Z,8,0,bossett.social,A feed of images from people with 'father' and 'dad' in bio. (For @clarabelle.xyz's birthday & 1k followers),at://did:plc:jfhpnnst6flqway4eaeqzj2a/app.bsky.feed.generator/dads-media
atprotocol.dev follows,2024-11-06T16:39:57.988Z,8,0,atprotocol.dev,"A feed based on the list of accounts that the @atprotocol.dev follows.  The account follows people with custom domains set as handles. These tend to be early adopter / dev types, but the posts are extremely random.",at://did:plc:lehcqqkwzcwvjvw66uthu5oq/app.bsky.feed.generator/aaaaeu7e54ije
みんなのスターターパック,2024-12-11T08:57:49.555Z,8,0,feed-navi.bsky.expert,私の推しメン、推しフィード  BlueskyFeedCreator.com,at://did:plc:hsf6h23omw3jphz27kfeqqy2/app.bsky.feed.generator/starterpack
🔁,2023-07-19T18:11:19.827Z,8,0,jcsalterego.bsky.social,Your Reposts. See more at https://goodfeeds.co/reposts,at://did:plc:vc7f4oafdgxsihk4cry2xpze/app.bsky.feed.generator/reposts-emoji
#bathsky 🫧,2025-07-29T00:49:58.805Z,8,0,missmeringue.love,"swimsuits optional  #bath #baths #bathsky #bathtime #bubblebath #bubbles #shower #soapy #suds #tub #toweltuesday and #wethair",at://did:plc:2j4w2o4xmkbheromzo73r5sv/app.bsky.feed.generator/bath
"""Tweets"" By The Tony ™",2024-11-30T04:07:56.548Z,8,0,tonysadowski.bsky.social,"This is my Bluesky search link. There are many like it, but this one is mine.",at://did:plc:qdswpo7ddjjmici4kwcfwql7/app.bsky.feed.generator/aaahwk3gppdls
🆕 Cymru | Wales New,2024-11-26T14:43:54.064Z,8,0,jaz.co.uk,"Conversations about Cymru | Sgyrsiau am Gymru  (bilingual Welsh English feed, ffrwd ddwyieithog Cymraeg Saesneg)  This feed is curated by @jaz.co.uk (@jaz.toot.wales.ap.brid.gy) - please DM for issues/removals etc.",at://did:plc:zqeneaobrxkk4u2dc255sobg/app.bsky.feed.generator/aaaetxbagpsqi
Cape Town #capetown ,2023-09-05T12:02:35.416Z,8,0,zayney.bsky.social,A feed pulling all mentions of Cape Town / #capetown.,at://did:plc:nz2huaaaa6gwpxxgjowjuurm/app.bsky.feed.generator/aaagddhg7chzk
Formula 1,2025-05-16T07:23:48.946Z,8,0,oracularhades.com,"A feed for Formula 1, includes references to F1 and driver names.",at://did:plc:wtdzzfgzjpirnk5wvpjutqoy/app.bsky.feed.generator/aaalaszlzx77s
Jvesdale,2023-10-07T23:24:58.559Z,8,0,jvesdale.bsky.social,An outlet for my thoughts,at://did:plc:uwmbiqmefiokory6iii3iedx/app.bsky.feed.generator/aaaoysez5jph6
Bummer T. Feeds,2023-08-28T16:57:08.186Z,8,0,vibesbummer.bsky.social,,at://did:plc:ywbu4pxoizwl27eddlaqvjbe/app.bsky.feed.generator/aaad5ewriqhlq
feed-1,2025-01-26T00:06:04.448Z,8,0,so-asano.com,自分の Like とか他ユーザの Like で変動するフィードです,at://did:plc:pxwzal3aspfg2xnbbt2fjami/app.bsky.feed.generator/feed-1
#css,2023-05-22T13:44:31.733Z,8,0,skyfeed.xyz,Posts with #css from the whole network,at://did:plc:tenurhgjptubkk5zf5qhi3og/app.bsky.feed.generator/h-css
All things Yarn,2024-12-27T02:57:22.845Z,8,0,allyann.bsky.social,"All things Yarn  Picks up keywords and emojis:   🧶, #crochet, #knitting, #yarn",at://did:plc:3sn6bogankaicebzdb7liro3/app.bsky.feed.generator/aaaama765gp5y
#LauteWissenschaft,2024-01-18T16:19:29.830Z,8,0,drkeichhorn.bsky.social,"Dieser Feed versammelt Beitrage, in denen Wissenschaft laut wird für die Verteidigung der Demokratie.",at://did:plc:l4lyvq6o3i5p3o373fvq2ebw/app.bsky.feed.generator/aaab2xhlao6si
Hermitcraft,2025-07-29T01:00:25.208Z,8,0,verdverm.com,The Hermits,at://did:plc:2jtyqespp2zfodukwvktqwe6/app.bsky.feed.generator/hermitcraft
User and Agents,2025-10-21T17:24:26.260Z,8,0,bmann.ca,A feed from User & Agents,at://did:plc:2cxgdrgtsmrbqnjkwyplmp43/app.bsky.feed.generator/userandagents
Popular Nearby,2025-08-11T11:53:10.312Z,8,0,so-asano.com,Discover popular posts closely related to what you've liked.,at://did:plc:pxwzal3aspfg2xnbbt2fjami/app.bsky.feed.generator/popular-nearby
🍽️ staging area,2024-11-15T23:55:07.303Z,8,0,clarabelle.xyz,where the new chefs prove themselves 🫡,at://did:plc:geoqe3qls5mwezckxxsewys2/app.bsky.feed.generator/aaadeenm4y7ma
Great Art!,2025-05-16T17:23:51.050Z,8,0,davis.social,Great art from great artists,at://did:plc:2gx2noukxzwmj6dkxbmh3qt5/app.bsky.feed.generator/aaaotbveo7yv6
I wrote this bullshit,2023-12-25T23:57:59.491Z,8,0,armyvet1972.bsky.social,a bunch of shit I tweeted. skeeted. bleated. whatever.,at://did:plc:lqmk3yojyhz5tnoe5e6zzpma/app.bsky.feed.generator/aaakgy4o2cnzk
What's Science 🕷️,2023-07-09T15:10:33.646Z,7,0,afreeparticle.com,Spider posts from What's Science (posts that have the word spider or 🕷️ or 🕸️),at://did:plc:l72uci4styb4jucsgcrrj5ap/app.bsky.feed.generator/aaadyc65yc2za
Blinky McBlinksALot,2024-11-15T02:37:48.454Z,7,0,armyvet1972.bsky.social,All of Blinky's skeets,at://did:plc:lqmk3yojyhz5tnoe5e6zzpma/app.bsky.feed.generator/aaac3kqvwbz62
TravelSky,2025-10-06T22:13:46.360Z,7,0,sweetbee.vip,"developing a better travel feed :)  suggestions welcome. work in progress",at://did:plc:lcytlkvzs3wslcgbk7i3ygak/app.bsky.feed.generator/aaaoihasjsgc4
Damn That's Interesting,2025-02-08T06:07:01.048Z,7,0,sweetbee.vip,Things that are #interesting  #DamnThatsInteresting,at://did:plc:lcytlkvzs3wslcgbk7i3ygak/app.bsky.feed.generator/aaaoiknaqs65g
#chatgpt,2023-05-22T13:43:51.327Z,7,0,skyfeed.xyz,Posts with #chatgpt from the whole network,at://did:plc:tenurhgjptubkk5zf5qhi3og/app.bsky.feed.generator/h-chatgpt
LGBT,2024-06-09T09:34:04.170Z,7,0,matope.bsky.social,LGBT関連の用語を含む日本語の投稿を集めています。,at://did:plc:kzxl37blybhp7kvn2clme7j2/app.bsky.feed.generator/aaaigrhew562u
東京都知事選挙2024,2024-07-01T14:45:43.137Z,7,0,matope.bsky.social,2024年7月7日投開票の東京都知事選挙の情報を追いかけるフィードです。,at://did:plc:kzxl37blybhp7kvn2clme7j2/app.bsky.feed.generator/aaag2wz3nzvf6
SensualSky,2025-08-26T20:55:36.007Z,7,0,realnsfw.social,"Sensual posts from verified creators ✅  (to be featured, link in bio to join RealNSFW list, then use any #sensual type hashtag)",at://did:plc:db645kt5coo7teuoxdjhq34x/app.bsky.feed.generator/aaaopskgrel5c
Pebble Watch,2025-11-26T20:52:19.435Z,7,0,numb.comfortab.ly,"Everything about Pebble smartwatches, new and classic.",at://did:plc:pmyqirafcp3jqdhrl7crpq7t/app.bsky.feed.generator/aaal7ep22vnyu
ATProto(ja),2025-06-20T10:02:06.042Z,7,0,mkizka.dev,ATプロトコルに関する日本語投稿を検索するフィードです。  検索キーワードはSkyFeedから確認できます。,at://did:plc:4gow62pk3vqpuwiwaslcwisa/app.bsky.feed.generator/aaajqi3o376z6
Hellaverse (Random),2024-05-18T22:13:37.658Z,7,0,fenarinarsa.com,"666 random pics from HAZBIN HOTEL and HELLUVA BOSS ハズビンホテルとヘルヴァボスから６６６枚のランダム画像  Discover artists!  Enable all languages in your settings to see all posts!  Also check the ""Hellaverse"" and ""Hellaverse (Pics only)"" feeds for realtime updates!",at://did:plc:fb3iwxg23jziddgbtsixx3zu/app.bsky.feed.generator/aaad6saten24e
SwiftieSky,2025-01-25T10:07:59.549Z,7,0,bornbaker.bsky.social,"Welcome to your Taylor Swift happy place! Whether you're a Day One fan or just started your journey, join us for easter egg hunts, theory sharing, and celebrating every magical moment together. #swiftiesky to land in the feed!",at://did:plc:pirasihrz5waalyz2k2xkqle/app.bsky.feed.generator/aaajrskervqzy
Toe Beans,2025-03-27T02:37:46.398Z,7,0,just-some-feeds.bsky.social,"Toe beans of cats, dogs and other animals, hopefully // Made at BlueskyFeeds.com",at://did:plc:eubjsqnf5edgvcc6zuoyixhw/app.bsky.feed.generator/toe-beans
Midnight Tips,2024-11-20T02:25:51.295Z,7,0,blazettemidnight.bsky.social,"Ever have questions about my behind the scenes, need content creation advice, or need help from someone who plays with tech often. Follow for my Midnight Tips.",at://did:plc:qg7b7c6snlyq6z32occlgqib/app.bsky.feed.generator/aaaeowdjhbwpw
Allhailjerry,2025-04-14T16:57:51.476Z,7,0,allhailjerry.myatproto.social,,at://did:plc:xmlxuck3ds7hbgl37iuut3kr/app.bsky.feed.generator/aaafaaongqdyc
#Whats4Dinner,2024-11-08T03:12:30.483Z,7,0,allyann.bsky.social,"Picks up posts with the hashtag #whatsfordinner, #whats4dinner, #dinner",at://did:plc:3sn6bogankaicebzdb7liro3/app.bsky.feed.generator/aaagueus2rreq
ANJEM (ANTAR-JEMPUT),2024-06-13T04:45:49.463Z,7,0,unnesmenfess.bsky.social,"Feed ini berisi menfess tentang mencari ataupun menawarkan jasa antar-jemput.  Jika ada menfess yang menggunakan kata ""anjem"" maka akan otomatis masuk ke dalam feed ini.",at://did:plc:7cwsxcsp2lcy7mnugbuiq5dp/app.bsky.feed.generator/aaaa7yntxqccs
めちゃくちゃあたる占い,1970-01-01T00:00:00.000Z,7,0,so-asano.com,はじめから遊びたい時だけこのフィードを購読してください,at://did:plc:pxwzal3aspfg2xnbbt2fjami/app.bsky.feed.generator/uranai-5
"Devon, UK",2024-01-25T14:11:46.596Z,7,0,food404.bsky.social,Any posts about the county of Devon using #Devon or #DevonUK,at://did:plc:k74echabm4mcd6dxjiwow526/app.bsky.feed.generator/aaaebwmku7crm
Nudibranch Image Feed,2023-09-11T13:46:54.267Z,7,0,mxvoid.com,All skeets with images that mention nudibranchs in the body text or alt-text.  Feed image of Chromodoris annae CC-BY Elias Levy.,at://did:plc:xwoo7w5rf3cm3qyido5npkoc/app.bsky.feed.generator/aaailcp4zi4p4
rstats ,2023-06-23T20:08:45.482Z,7,0,grrrck.xyz,rstats,at://did:plc:72jpccg3u3vbohc67rqrplei/app.bsky.feed.generator/aaaovofiqlwe6
Chihuahuas,2024-11-14T04:49:19.677Z,7,0,jakei.bsky.social,pictures of chihuahuas,at://did:plc:vjyot2w7zeomrslomwpfxirl/app.bsky.feed.generator/aaacsaem5dxps
PoodleSky,2024-11-05T06:57:55.384Z,7,0,jakei.bsky.social,"Most recent posts that have a picture and ""poodle"" in the post or alt text",at://did:plc:vjyot2w7zeomrslomwpfxirl/app.bsky.feed.generator/aaapwg7oj2jhy
GildedAgeHBO,2023-11-05T18:21:30.173Z,7,0,jakei.bsky.social,"The Gilded Age (HBO) Feed - catches all mentiones of #GildedAge, #TheGildedAge, ""Gilded Age"" and some main character names. Contact @jakei.bsky.social to suggest more keywords.",at://did:plc:vjyot2w7zeomrslomwpfxirl/app.bsky.feed.generator/aaakdc7rbsqyq
Wholesome,2024-10-31T05:03:13.477Z,7,0,jakei.bsky.social,"Wholesome content tagged by users. Reply just the word ""wholesome"" to a post/reply and it will appear in this feed. Please don't be a dick, I will have to mute you from the feed, I don't want to do that.",at://did:plc:vjyot2w7zeomrslomwpfxirl/app.bsky.feed.generator/aaan4ikdwzlei
TeaseStation,2025-08-26T20:54:39.706Z,7,0,realnsfw.social,"Videos tagged “sexually suggestive”, but not nude or explicit  icon model: @seductivelysoul.art",at://did:plc:db645kt5coo7teuoxdjhq34x/app.bsky.feed.generator/tease
Dead Serious Mick,2024-06-24T15:31:38.810Z,7,0,ennuidoofen.bsky.social,,at://did:plc:7bv2ca3yawj662o7qxd5xyt7/app.bsky.feed.generator/aaaevxvp2bgus
essential,2024-12-15T19:14:00.746Z,7,0,capnwatsisname.bsky.social,experts,at://did:plc:efdtjcx67l6vpztu7muhp64s/app.bsky.feed.generator/aaabjgry5prly
ND,2023-07-19T07:11:47.982Z,7,0,bossett.social,A feed of people with neurodivergent terms in bio. (Credit to @samkelly.bsky.social for reminding me that there are people without 18+ in bio),at://did:plc:jfhpnnst6flqway4eaeqzj2a/app.bsky.feed.generator/nd
BookSky Fiction MegaFeed,2025-10-12T23:31:28.078Z,7,0,clarabelle.xyz,"General purpose #booksky fiction feed pulling from a number of popular hashtags; spam, ads and bots excluded. Unlock secret #booksky feeds with no ads at patreon.com/BookSky",at://did:plc:geoqe3qls5mwezckxxsewys2/app.bsky.feed.generator/fiction
OTD in History,2023-08-26T12:23:41.946Z,7,0,unbandito.bsky.social,"On This Day in History. Accepting submissions from anywhere, any year, on today's calendar date. Use the 📅🗃️ emojis to be included in the feed.",at://did:plc:tvxdnawj2x7g6pxaqhmd3n2p/app.bsky.feed.generator/aaamhb7u3k3m4
poyozo #art,2025-08-24T06:27:46.206Z,7,0,poyozo.bsky.social,Blueskyに投稿した絵まとめ,at://did:plc:rn3t75domztvexxjrfpyncq5/app.bsky.feed.generator/aaajd34lagbgo
Streams,2025-03-27T03:51:02.196Z,7,0,stream.place,A feed of all livestreams that have been broadcast on Stream.place,at://did:plc:rbvrr34edl5ddpuwcubjiost/app.bsky.feed.generator/all-streams
Swim Jeans ,2023-08-22T13:48:49.956Z,7,0,shortsleevesuit.bsky.social,,at://did:plc:bmvl67povgevf645aj6vfpje/app.bsky.feed.generator/aaab5d3sxupgm
Wordle,2023-12-14T00:15:10.951Z,7,0,jakei.bsky.social,"Wordle - only posts of people sharing their wordle scores (post must start with ""Wordle"" as appears in a copy/pasted score)",at://did:plc:vjyot2w7zeomrslomwpfxirl/app.bsky.feed.generator/aaaglkxcg5phs
Tuvix,2025-10-25T21:53:59.155Z,7,0,earlgreymemes.club,"Tuvix, a hybrid individual created as the result of a transporter accident, combining Tuvok, Neelix, their uniforms, and a symbiogenetic alien orchid. #VOY #StarTrek  (all mentions of Tuvix)  [ID: portrait of Tuvix in hybrid costume]",at://did:plc:hopmtyvc3dhv62ofiuzii5t7/app.bsky.feed.generator/aaakugwqw3gpo
Bar Rescue!,2024-04-07T22:46:14.761Z,7,0,literallyjustadog.online,Skeets about Bar rescue and Jon Taffer!,at://did:plc:wpp4lklhvmopw6zcy6qb42ru/app.bsky.feed.generator/aaakxifi7wttc
Urbanism+ Live Testing,2025-07-29T00:20:43.102Z,7,0,fema.monster,"Urbanism+ recreated on Graze. New features are being testing here and on other feeds. Check them out if you like, but expect me to break things.",at://did:plc:lptjvw6ut224kwrj7ub3sqbe/app.bsky.feed.generator/urbanism
My Feed,2024-11-21T16:28:21.179Z,7,0,wheeltod.bsky.social,my stuff,at://did:plc:jpsxdd3bnniiqcujxiwlen75/app.bsky.feed.generator/aaae7c4tw3fwo
Worf,2025-10-25T21:48:05.360Z,7,0,earlgreymemes.club,"Worf, Son of Mogh, House of Martok, Son of Sergey, House of Rozhenko, Bane to the Duras Family, Slayer of Gowron. #TNG #DS9 #StarTrek  (all mentions of Worf)  [ID: portrait of Worf]",at://did:plc:hopmtyvc3dhv62ofiuzii5t7/app.bsky.feed.generator/aaakbzonqfajm
righteaous gemstones,2023-12-14T00:35:36.062Z,7,0,jakei.bsky.social,"posts that mention ""righteous gemstones"" or some of the characters or some hashtags, if your post doesn't show up tag me and tell me what keyword(s) to add",at://did:plc:vjyot2w7zeomrslomwpfxirl/app.bsky.feed.generator/aaad3fv4ioyaw
PNWtok,2025-07-29T00:26:05.806Z,7,0,rockom.bsky.social,Videos in or about the Pacific Northwest,at://did:plc:fgnkp5yb6fuvxsqpqpnan46u/app.bsky.feed.generator/pnwtok
Seto baby ,2025-07-17T23:57:51.441Z,7,0,gorl.gay,HLs seto poasts,at://did:plc:c5lcwcbubqa3rvbjq4awpy7q/app.bsky.feed.generator/aaaixo7xcrnu6
Queer Photographers 🌈📷,2023-07-13T22:44:43.007Z,7,0,biblioqueer.bsky.social,A feed for queer photographers! Include 🌈📷 for your posts to show up here.,at://did:plc:6qswqt6prj5ch3jwjyqedexs/app.bsky.feed.generator/aaafck5v2dvuk
BSFC How Tos,2025-01-09T20:26:13.647Z,7,0,blueskyfeedcreator.com,This feed collects posts from Bluesky Feed Creator about how to use its service.,at://did:plc:45xkjogf53hfcwmpoj5afahn/app.bsky.feed.generator/bsfchowto
️🇺🇦 ️Defence Assistance️️️️️️️️️️️,2023-09-22T21:38:47.536Z,7,0,igyver.bsky.social,The feed is designed to capture the latest information on helping to defend Ukraine.,at://did:plc:63rbf5hl4kakwv3llwa33gmt/app.bsky.feed.generator/aaahwhiknf2fc
Astro,2025-07-13T17:37:06.141Z,7,0,otterlord.dev,Follow the conversation around @astro.build,at://did:plc:dfpvdx5gjxeqtrye4jj76unc/app.bsky.feed.generator/aaaptjthiy5zc
納涼,2023-07-25T15:33:12.512Z,7,0,itokonn.bsky.social,かき氷やアイスクリーム、冷たい飲み物等の画像を集めたfeedです。見るものだけでも涼しくしたい。,at://did:plc:qq4q5nsxhl4m7gmvnf7mdgek/app.bsky.feed.generator/aaaikzouf5vok
AT Protocol,2025-04-30T01:42:16.487Z,7,0,mary.my.id,"Posts relating to AT Protocol, the protocol powering Bluesky",at://did:plc:ia76kvnndjutgedggx2ibrem/app.bsky.feed.generator/aaafdvg7t35rw
Top Health Papers,2025-07-29T00:36:20.204Z,7,0,healthpapers.bsky.social,"Most liked, commented, and reposted articles about health research in the last 7 days Searched mostly by DOI, Pubmed and others identifiers.  #medsky #research #Health",at://did:plc:hlnkzvj34hh7bqwmlbwz3ibd/app.bsky.feed.generator/seven-days-top
Atmosphere Buddies,2025-11-23T15:06:55.432Z,7,0,mackuba.eu,Following feed filtered to only people on non-Bluesky PDSes,at://did:plc:oio4hkxaop4ao4wz2pp3f4cr/app.bsky.feed.generator/atmosphere
archidol,2025-07-28T23:20:09.515Z,7,0,archidol.creator.blue,archidol-related posts,at://did:plc:q67sl2eyluz4pihms7bqeygm/app.bsky.feed.generator/archidol
Hot Girls,2025-08-26T20:54:11.509Z,7,0,realnsfw.social,#hot (must be on my RealGirls list to be featured),at://did:plc:db645kt5coo7teuoxdjhq34x/app.bsky.feed.generator/aaaavyb6c7aiq
FOSS Funding Friday,2025-01-24T00:05:00.659Z,7,0,gadgetoid.com,"A feed of FOSS projects that need cold hard cash!  Use hashtag #0xfff or #FOSSFundingFriday to get here!",at://did:plc:pmwj4rtm2osjxcaluhktsp2r/app.bsky.feed.generator/0xfff
Jullika - art posts ♡,2024-10-27T14:01:43.211Z,7,0,jullika.bsky.social,Feed for art only posts <3,at://did:plc:qxion6yjatwpgpl6idbocahm/app.bsky.feed.generator/aaajfspwrszs2
🖼️,2023-07-19T18:11:18.624Z,7,0,jcsalterego.bsky.social,Your Media. See more at https://goodfeeds.co/media,at://did:plc:vc7f4oafdgxsihk4cry2xpze/app.bsky.feed.generator/media-emoji
DotNet,2023-08-03T10:10:59.092Z,7,0,icooper.bsky.social,Stored search for .NET folks,at://did:plc:sg2dsgl6msq4fmxrfvvlhc3w/app.bsky.feed.generator/aaaflu5lpsdaw
Durham Uni Psychology,2025-05-24T19:13:05.652Z,7,0,markrubin.bsky.social,"Posts from psychologists at Durham University, UK.  The views expressed in this feed may represent personal views and do not represent the views of Durham University.  (If you like the feed, then please 💓 it!)",at://did:plc:4jb3re5tvklsvhuc3lkerj5q/app.bsky.feed.generator/aaack76l7jrdu
Music Shares,2024-09-17T01:54:44.681Z,7,0,wademinter.com,"A feed of music shared from Apple Music, Spotify, Bandcamp, and YouTube Music",at://did:plc:c7vyv3rfip6mejhnzairvkd3/app.bsky.feed.generator/aaapxqapqpqpk
Cambridge Pi Jam,2025-02-18T14:15:49.452Z,7,0,gadgetoid.com,An unofficial feed for the Cambridge Raspberry Pi Jam,at://did:plc:pmwj4rtm2osjxcaluhktsp2r/app.bsky.feed.generator/camjam
Long Posts,2023-07-30T15:56:35.057Z,7,0,eepy.bsky.social,A feed of all the posts that reach the character limit,at://did:plc:5rw2on4i56btlcajojaxwcat/app.bsky.feed.generator/aaakrhf7zccj2
feeder,2025-01-20T11:48:49.245Z,7,0,dak.myatproto.social,,at://did:plc:piswk46uuf4lsb2ms7lu2b76/app.bsky.feed.generator/aaaihct52zljg
Swiss music scene,2025-07-29T16:49:09.207Z,7,0,hilk.eu,The Swiss music scene on Bluesky,at://did:plc:giaakn4axmr5dhfnvha6r6wn/app.bsky.feed.generator/aaaarp5ht24xk
Monkey Time Traveler,2024-05-14T21:52:58.458Z,7,0,ennuidoofen.bsky.social,,at://did:plc:7bv2ca3yawj662o7qxd5xyt7/app.bsky.feed.generator/aaahr7mkepps6
TolkienSky (English),2024-04-12T16:28:01.195Z,7,0,elfprince13.mumak.app,"A mixture of Tolkien-related terms.  Please let me know if you see posts that shouldn't be in here, but are, or posts that aren't in here but should be. I'll try to refine the regex over time.",at://did:plc:jxcabn5oqg4xlpflgoy4rmxr/app.bsky.feed.generator/aaamz2gvlfd7a
造形美,2024-02-11T15:29:30.323Z,6,0,neohimeism.bsky.social,みなさんが何かに感じている造形美を集めたフィードです（直近7日分）。 画像付きポストのみ拾います。  動植物、風景、人、建築物、芸術、ファッション、お菓子、フィギュアなど、たぶん色々流れてくるので、誰かが感じている造形美を幅広く吸いたいときに。,at://did:plc:3nwkfnr3kw464kdmywbkeuqs/app.bsky.feed.generator/aaajpnfk7klpw
The Void Wire Service,2023-12-02T20:59:41.765Z,6,0,mxvoid.com,"The latest news, opinions, and reports being shouted into the void.  Be advised, this feed contains feels",at://did:plc:xwoo7w5rf3cm3qyido5npkoc/app.bsky.feed.generator/aaallzi2xjj2o
Oni's art,2024-04-23T10:02:36.584Z,6,0,onidraws.bsky.social,my art gallery !,at://did:plc:odjok6e7bvrpcxwoslzn3erc/app.bsky.feed.generator/aaadffumzekqw
#ai,2023-05-22T13:43:50.444Z,6,0,skyfeed.xyz,Posts with #ai from the whole network,at://did:plc:tenurhgjptubkk5zf5qhi3og/app.bsky.feed.generator/h-ai
RyanKamos Artwork,2024-09-03T12:56:21.809Z,6,0,ryan-kamos.bsky.social,"Hello, here you can follow all my art content :)",at://did:plc:2lpt6woqyi2rdkwsphuev5e2/app.bsky.feed.generator/aaalhh5bavc4o
Graze Social Mentions,2025-07-29T00:17:51.308Z,6,0,graze.social,Who's said what now?,at://did:plc:i6y3jdklpvkjvynvsrnqfdoq/app.bsky.feed.generator/mentions
SLUDGEPIT,2025-05-01T23:07:46.285Z,6,0,wolfehorror.itch.io,"Official feed for #SLUDGEPIT hosted by @wolfehorror all day February 17th 2025, for more info and full guidelines visit  https://wolfehorror.com/sludgepit/  A new LGBTQIA2S+ pitch event for the dark, taboo, morally gray, and stigmatized for author to author support & connections.",at://did:plc:dqcbuwje65ujprevjdba33dg/app.bsky.feed.generator/aaapygkhn3pxc
Solo Travel,2025-02-08T05:53:51.555Z,6,0,sweetbee.vip,Anyone can use #soloTravel to add a post here,at://did:plc:lcytlkvzs3wslcgbk7i3ygak/app.bsky.feed.generator/aaaoihuptm2gk
Goated Vibes,2023-10-07T23:27:00.444Z,6,0,retr0.id,skyfeed builder is lowkey goated when quickly creating a feed for a specific meme format is the vibe,at://did:plc:vwzwgnygau7ed7b7wt5ux7y2/app.bsky.feed.generator/aaaayprltlk7i
APOD,2023-09-11T21:49:51.456Z,6,0,unbandito.bsky.social,A simple chronological feed of posts from the Astronomy Picture of the Day bot by @shinyakato.dev,at://did:plc:tvxdnawj2x7g6pxaqhmd3n2p/app.bsky.feed.generator/aaainfiuspapg
📽️ Film (Unboxd),2025-11-16T02:31:53.455Z,6,0,francesmeh.reviews,"Love the 📽️ Film feed but feel like all the Letterboxd love is a bit much today? This is the feed for you.  It's the same filmsky content you've come to love — movie news & reviews, trailers, etc — but no Letterboxd chatter.  Don't forget to give this feed a ❤️",at://did:plc:2hwwem55ce6djnk6bn62cstr/app.bsky.feed.generator/film-unboxed
Tusk art,2025-02-24T18:13:48.157Z,6,0,tuskito.bsky.social,My art,at://did:plc:2hbj625jol5pfwsjv357ndsl/app.bsky.feed.generator/aaaja6q4wmxzq
Discover Northsky,2025-12-11T11:13:19.631Z,6,0,transrights.northsky.social,Discover posts from Northsky Social accounts!,at://did:plc:23cnpffmuf4vkpsnwhgyvljw/app.bsky.feed.generator/NorthskySocial
Graze Nation 🐮,2025-08-23T19:09:38.004Z,6,0,clarabelle.xyz,a feed of Graze Nation feed builders! 🫡 we work hard and ban the bots so you don't have to.,at://did:plc:geoqe3qls5mwezckxxsewys2/app.bsky.feed.generator/GrazeNation
🗝 kaylee rowena's art 🗝,2023-07-28T23:47:40.729Z,6,0,kayleerowena.com,follow this feed to see just my art posts! 🫀,at://did:plc:x5llhscdpzmqagpcz5vvxjtv/app.bsky.feed.generator/aaaj7odqn6lkc
Spreading 🔞,2025-08-26T20:57:43.505Z,6,0,realnsfw.social,"(mutuals, then #spreading)",at://did:plc:db645kt5coo7teuoxdjhq34x/app.bsky.feed.generator/aaaniqnyoegu2
SardonicTart,2024-11-13T11:24:35.887Z,6,0,outonthemoors.bsky.social,My posts feed,at://did:plc:rzgxnxi42gyskrxw247ofmee/app.bsky.feed.generator/aaackkaxo7pmk
Project 2025 Top Quotes,2024-08-13T06:02:38.158Z,6,0,project2025.bsky.social,"@project2025 quotes with most likes, replies, and reposts",at://did:plc:vcjmhmo4nlilj5ye7gqvdba3/app.bsky.feed.generator/aaaeuqy53be4i
家の猫（茶トラ）,2024-02-18T17:05:46.982Z,6,0,yazirou.bsky.social,ちゅ～るよりかつおぶしのほうが反応がいい 我が家の茶トラ,at://did:plc:7suceff6524a2lxgynjfm6vi/app.bsky.feed.generator/aaal2kcrjejii
Botany Britain & Ireland,2025-01-29T12:48:15.762Z,6,0,bsbibotany.bsky.social,Let's find out more about the wild plants blooming across Britain and Ireland!,at://did:plc:l5qdqxst4ylza5myy6lbytwa/app.bsky.feed.generator/aaaa7jt664c4k
#그림러_블친소,2024-10-17T17:34:14.166Z,6,0,ssogari.dev,블루스카이로 이주한 그림러 분들의 블친소를 모았습니다,at://did:plc:mnxfyl5dylsvl5ldfvtphtqa/app.bsky.feed.generator/aaajxcvkoxusk
lmaooo,2024-03-17T08:13:37.067Z,6,0,jakei.bsky.social,something funny enough someone wrote lmao/lmfao with 3 o's or more,at://did:plc:vjyot2w7zeomrslomwpfxirl/app.bsky.feed.generator/aaabtbrpm3g54
Fil du Québec,2024-11-16T20:41:59.405Z,6,0,beaudoin.social,"Un premier fil algorithmique centré sur le Québec, nos intérêts, notre politique, nos passions...  BlueskyFeedCreator.com",at://did:plc:6f4ass3v2q2zykb36gccmtqy/app.bsky.feed.generator/qc-algo
#straya,2024-10-18T22:17:39.038Z,6,0,jakei.bsky.social,"Scans for most recent posts/replies with ""#straya""",at://did:plc:vjyot2w7zeomrslomwpfxirl/app.bsky.feed.generator/aaaj5asq3ys2w
papersky Latest,2024-12-10T16:02:12.752Z,6,0,papersky.app,Latest posts containing DOIs.,at://did:plc:4wpgom4wzwrqsak6g35dt2au/app.bsky.feed.generator/latest
格ゲー,2024-03-05T13:11:02.242Z,6,0,ubanis.com,格闘ゲームっぽい画像を集めます(日本),at://did:plc:lmftezsq52hi53taz762s7pc/app.bsky.feed.generator/aaahhnd2qubay
Trending health papers ,2025-07-29T00:36:26.705Z,6,0,healthpapers.bsky.social,"Most liked, commented, and reposted articles about health research Searched mostly by DOI, Pubmed and others identifiers.  #medsky #research #Health",at://did:plc:hlnkzvj34hh7bqwmlbwz3ibd/app.bsky.feed.generator/trendingpapers
VSky Directory Tracker,2025-07-16T16:06:23.744Z,6,0,aiyoku.xyz,This specific feed is meant to help Aiyoku catch any inquiries related to the VSky Custom Feeds Directory on Bluesky.  More info: https://aiyoku.xyz/community/library/vsky-custom-feeds-directory-rules/  Feed image is an interaction circle image generated from Skircle.,at://did:plc:kjnet2viyumgkqtjnzo6y4pz/app.bsky.feed.generator/aaaljoejzkgss
Le Monde news feed,2025-07-28T23:19:38.681Z,6,0,devingaffney.com,Trending content from Le Monde,at://did:plc:jijwtzgroy76samnivlqrpec/app.bsky.feed.generator/lemonde-test
Mir's Art,2025-07-29T00:27:46.210Z,6,0,wanderlingworld.bsky.social,Art posted by Mir wanderlingworld.bsky.social,at://did:plc:odqmsar3ikz5ubokya4sempk/app.bsky.feed.generator/aaacadg5lwypu
Castle Regulars,2024-02-09T02:16:42.941Z,6,0,bonnicula.bsky.social,Known faces around the castle,at://did:plc:7dl6s4wfcygfxzxok46z5gtu/app.bsky.feed.generator/aaaa5ml24jvxy
Pie Guy,2025-02-05T11:53:20.748Z,6,0,ennuidoofen.bsky.social,,at://did:plc:7bv2ca3yawj662o7qxd5xyt7/app.bsky.feed.generator/aaanl43imdq2m
British Babes,2025-08-26T20:55:51.413Z,6,0,realnsfw.social,"NSFW #british girls feed  Must be followed by @blueskybaddies.bsky.social to join  Main feed: https://bsky.app/profile/did:plc:db645kt5coo7teuoxdjhq34x/feed/aaamkr6xjlwb2",at://did:plc:db645kt5coo7teuoxdjhq34x/app.bsky.feed.generator/aaajl2kkt763u
Bonnicula Gallery,2023-07-25T05:48:40.818Z,6,0,bonnicula.bsky.social,Media tab for tagged Bonnicula art,at://did:plc:7dl6s4wfcygfxzxok46z5gtu/app.bsky.feed.generator/aaaiy3xlruiv4
Guide Bluesky 🦋 FR,2024-11-18T18:55:47.765Z,6,0,melgribouille.bsky.social,"Un fil d'actu pour regrouper un tas d'astuces et info expliquées de façon simple pour faciliter la découverte et naviguer confortablement dans Bluesky. La plupart des posts sont des mini threads, n'hésitez pas à dérouler !  #BSguide  BlueskyFeedCreator.com",at://did:plc:v6eeitv6yqh4iwzi2ebg6ibj/app.bsky.feed.generator/bsguide
Black VTubers: Charity,2025-08-30T08:00:35.107Z,6,0,aiyoku.xyz,This feed is meant to compile mutual aid & charity related posts from Black VTubers.  BlueskyFeedCreator.com,at://did:plc:kjnet2viyumgkqtjnzo6y4pz/app.bsky.feed.generator/bvt-mutual-aid
Team Watch,2025-01-18T15:03:56.452Z,6,0,mackuba.eu,Feed with all replies from Bluesky team members  (plz don't ban me),at://did:plc:oio4hkxaop4ao4wz2pp3f4cr/app.bsky.feed.generator/teamwatch
My precious,2024-12-28T21:28:42.645Z,6,0,kalvinmacleod.bsky.social,Precious,at://did:plc:7um6cygepxtnieeqlat6crrn/app.bsky.feed.generator/aaaeez754tysi
Games & History,2023-10-22T23:33:18.429Z,6,0,lhaasis.bsky.social,Interested in Games & History? Interessiert an digitalen Spielen & Geschichte? This is your feed.  Use #histogames#gaminghistory or #historicalgamestudies if you'd like to make sure your post ends up in the feed.   #histogames | Historical Games Studies | Digitale Spiele & Geschichte | History,at://did:plc:fncb35b5lcyhvug2ahjjolya/app.bsky.feed.generator/aaappaoodpdzu
Formula 1 (Videos),2025-01-20T06:25:23.151Z,6,0,robpc.com,"Lights out and away we go! All the conversation about Formula 1 / F1.  Videos show up if they mention F1 or any number of related terms such as driver's names, track names, and many more. To opt-out use the terms ""nofeed"" or ""nof1"" in your post.",at://did:plc:gkvpokm7ec5j5yxls6xk4e3z/app.bsky.feed.generator/formula-one-video
GWAS 🧬,2024-12-05T20:04:29.757Z,6,0,stephenturner.us,"Genome wide association studies: all posts mentioning ""GWAS""",at://did:plc:ppvxhapnptcy5v6cih3ynmzg/app.bsky.feed.generator/aaajqajncj5bg
Kitty videos,2025-05-08T21:39:30.649Z,6,0,mackuba.eu,"Paul's and Hailey's cat videos, and some others (manually updated)",at://did:plc:oio4hkxaop4ao4wz2pp3f4cr/app.bsky.feed.generator/kitty-vids
PUGS,2023-10-10T17:22:39.228Z,6,0,kimmymonte.bsky.social,my stuff,at://did:plc:5rnmu5xtzqwc2c4u22abl2ka/app.bsky.feed.generator/aaabw5bxhz3yw
Giant Viruses,2025-06-16T08:00:41.047Z,6,0,willemsenanouk.bsky.social,"This is a (semi-curated) feed for posts related to giant viruses and Nucleocytoviricota at large.  Just tag your post with #giantVirus or any of the classes, orders, families, or genera of Nucleocytoviricota (w/or without #, e.g. #Megaviricetes). **I will sometimes add relevant posts manually...",at://did:plc:ool7yfzo6qmpx4pwzeixmz7r/app.bsky.feed.generator/aaalq4pvfxnnk
Based,2023-07-02T18:10:16.005Z,6,0,jakei.bsky.social,"every reply that is just the word ""based"" and the skeet it's replying to",at://did:plc:vjyot2w7zeomrslomwpfxirl/app.bsky.feed.generator/aaabsqkh2rh4u
AoNZ (no keywords),2024-11-23T09:22:55.053Z,6,0,oracularhades.com,A version of https://bsky.app/profile/oracularhades.com/feed/aaalback5hldm that doesn't have keywords - it's just everyone!,at://did:plc:wtdzzfgzjpirnk5wvpjutqoy/app.bsky.feed.generator/aaafquykk2hho
MeTooHistory,2023-10-03T13:30:41.997Z,6,0,drkeichhorn.bsky.social,"Feed zur Vernetzung gegen Machtmissbrauch in den Geschichtswissenschaften. Beiträge müssen ""metoohistory"" enthalten, um im Feed zu landen.",at://did:plc:l4lyvq6o3i5p3o373fvq2ebw/app.bsky.feed.generator/aaapjfa6etllg
DDLG,2025-08-26T20:56:35.314Z,6,0,realnsfw.social,"DDLG kink   #DDLG from the whole network  (excludes other kinks I personally don't want to see)",at://did:plc:db645kt5coo7teuoxdjhq34x/app.bsky.feed.generator/aaanh5hi6mfmk
Girls with Freckles,2025-08-26T20:56:09.606Z,6,0,realnsfw.social,"Must be following me, then use #freckles on any post",at://did:plc:db645kt5coo7teuoxdjhq34x/app.bsky.feed.generator/aaaj54ghqvjzc
Side Bangs,2024-09-08T17:14:42.397Z,6,0,sidebangsmusic.com,Side Bangs skeets,at://did:plc:3m2kspgf4l5vomio76ihjjlk/app.bsky.feed.generator/aaampjaqast6g
UK Politics ♀️,2024-10-17T18:10:24.110Z,6,0,supergm.bsky.social,UK Politics feed with only female voices. For those that want a break from Boysky  Run by @supergm,at://did:plc:5rsybfgedqs6e2n2njngvn3t/app.bsky.feed.generator/aaajxc5l2uhvk
Kiosk Loves Corn Dogs,2024-12-01T01:35:25.451Z,6,0,professorkiosk.wtf,I love the corn dog,at://did:plc:plpviiolyyfxmopm6cqloy2b/app.bsky.feed.generator/aaah7wev65uf2
Cooking & Food Feeds 🍽️,2025-02-14T00:18:50.756Z,6,0,clarabelle.xyz,"directory of all my #foodsky, cooking and gardening feeds! see individual feed descriptions for how to post to them.",at://did:plc:geoqe3qls5mwezckxxsewys2/app.bsky.feed.generator/aaaadq7b34p5u
feed gen 5th,2023-09-27T05:43:28.150Z,6,0,so-asano.com,feed gen 5th. that's all.,at://did:plc:pxwzal3aspfg2xnbbt2fjami/app.bsky.feed.generator/fg-sample-5
SFF + SpecFic Ad Free 🪐,2025-10-12T23:32:00.379Z,6,0,clarabelle.xyz,"Science fiction, fantasy, weird fiction and speculative fiction #BookSky feed with as many ads as possible removed! Currently only available to Patreon members. Join us at patreon.com/BookSky",at://did:plc:geoqe3qls5mwezckxxsewys2/app.bsky.feed.generator/SFF
JASTIP (JASA TITIP),2024-06-13T04:44:55.056Z,6,0,unnesmenfess.bsky.social,"Feed ini berisi menfess tentang mencari ataupun menawarkan jasa titip barang.  Jika ada menfess yang menggunakan kata ""jastip"" maka akan otomatis masuk ke dalam feed ini.",at://did:plc:7cwsxcsp2lcy7mnugbuiq5dp/app.bsky.feed.generator/aaaa72f566lee
Infrared photography,2025-01-12T16:01:59.652Z,6,0,a.qsr.li,Posts tagging #infraredphotography or #irphotography. Hopefully those will be mostly infrared pictures :).,at://did:plc:zakkxiiz42pmt4xcdubzpiyf/app.bsky.feed.generator/aaal5xmgbgeh4
Haunted Jennifer's Posts,2024-04-01T23:55:05.176Z,6,0,ennuidoofen.bsky.social,,at://did:plc:7bv2ca3yawj662o7qxd5xyt7/app.bsky.feed.generator/aaajycxuilmly
Fiber Folk,2025-01-08T19:17:57.751Z,6,0,knotbadbritt.com,Let's build community and follow more Fiber Folks on Bluesky! I'll be keeping this list updated as more creatives join. Send me a message to be added or have a suggestion of who should be added.  BlueskyFeedCreator.com,at://did:plc:ps2ntnnmrs6r6xmevnjjqiud/app.bsky.feed.generator/fiberfolk
My Art!!,2023-08-14T22:05:59.570Z,6,0,reilukah.bsky.social,"Reilukah's Art ONLY feed  I try to label my actual NSFW work, there's not much but they can appear here.",at://did:plc:bzrneq7hkfbyjmqztnnexujc/app.bsky.feed.generator/aaaitti2kx6u2
🐳Gladis/Orcas/SalmonHats,2024-12-09T05:47:25.606Z,6,0,jakei.bsky.social,Mentions of Gladys/Gladis & Orcas sinking ships or wearing salmons as hats,at://did:plc:vjyot2w7zeomrslomwpfxirl/app.bsky.feed.generator/aaabr5kmrsdts
猫にゃん名作シリーズ,2025-12-01T05:19:18.932Z,6,0,barine.co,いわゆるハイライト。,at://did:plc:q57l5d4iz2uzezutebljzrd2/app.bsky.feed.generator/19897747ec95348
npckc🎮dev,2025-02-20T02:40:56.256Z,6,0,npckc.net,a feed for my game dev-related posts! 🎮️  you can also follow my newsletter (npckc.net/#newsletter) or patreon (patreon.com/npckc) for news 📖,at://did:plc:nbzzbakkvt7s2322eu4hihry/app.bsky.feed.generator/aaacksn7cwcho
Dems on Climate,2024-12-27T16:26:02.252Z,6,0,davidsacerdote.bsky.social,What Democrats are saying about climate  Based on this list of staffers and elected officials https://bsky.app/profile/davidsacerdote.bsky.social/lists/3lcj7k6d7jt2t  Like & Pin this feed so you and ohters can find it easily.,at://did:plc:o4s55v3tsfph6whswxccpsia/app.bsky.feed.generator/aaalifvvd3zuk
#bigboobs,2025-07-29T00:49:50.507Z,6,0,missmeringue.love,"big boobs by newest. minor filtering  #bigboobs #bigtits #hugeboobs #hugetits",at://did:plc:2j4w2o4xmkbheromzo73r5sv/app.bsky.feed.generator/bigboobsnew
RealNSFW Memes,2025-08-26T20:54:25.715Z,6,0,realnsfw.social,"Memes posted by verified adult creators  (link in bio to be added to RealNSFW, then use any hashtag containing ""meme"" to add your post)",at://did:plc:db645kt5coo7teuoxdjhq34x/app.bsky.feed.generator/aaaeq5uon37mm
Photography Corner,2023-10-25T09:13:25.377Z,6,0,shroderdog.net,"Photo enthusiast feed. Post pics with info on ISO, fstop, shutter speed, etc for others to find. Tag photo, photography, or pic along with ISO, fstop shutter speed and/or lens filter to appear in the feed. Beta release. Reach out if shit feels wrong.",at://did:plc:xhhnumnbs5wraghiksrikz3q/app.bsky.feed.generator/aaabpcwvfmmtu
cluelessxmarty,2023-08-16T14:59:33.885Z,6,0,starsetbyte.lol,"wife romcom feed for marty, and clueless, on vhs for those interested",at://did:plc:mzx7sybipkgt4dgi5n6vdzpa/app.bsky.feed.generator/aaabymwb27hek
Terrible mistakes,2023-10-21T19:59:33.189Z,6,0,lettuce.bsky.social,My shameful posts,at://did:plc:iospu3tavlzqplkpbgpiz6nb/app.bsky.feed.generator/aaafjks2ddefk
Zuri,2024-09-11T01:13:35.379Z,6,0,oracularhades.com,,at://did:plc:wtdzzfgzjpirnk5wvpjutqoy/app.bsky.feed.generator/aaan5iqj2c324
posts by Juno ,2024-10-20T14:32:46.474Z,6,0,gorl.gay,,at://did:plc:c5lcwcbubqa3rvbjq4awpy7q/app.bsky.feed.generator/aaakuutz3xaia
Just Kristen's posty's,2024-11-27T03:28:29.450Z,6,0,kmoney202.bsky.social,,at://did:plc:kiobkk5pp3zdi2icfi5u3qbn/app.bsky.feed.generator/aaagxf5jfetng
Girls with Toys 🔞,2025-08-26T20:54:22.706Z,6,0,realnsfw.social,"(ask to be added to my RealGirls list, then use any #dildo or #vibrator etc hashtag)",at://did:plc:db645kt5coo7teuoxdjhq34x/app.bsky.feed.generator/aaaavzitzeqog
#music,2023-05-22T13:44:16.171Z,6,0,skyfeed.xyz,Posts with #music from the whole network,at://did:plc:tenurhgjptubkk5zf5qhi3og/app.bsky.feed.generator/h-music
Write.as Links,2024-10-22T13:27:50.797Z,6,0,write.as,Write.as links and posts from around the atmosphere.,at://did:plc:h5tboav2wqdufmagx2242xzl/app.bsky.feed.generator/aaali2clfts54
Moshu Madness,2025-07-29T00:25:55.511Z,6,0,rockom.bsky.social,"All ""Moshu"", All the time.   Red panda pictures and videos. ",at://did:plc:fgnkp5yb6fuvxsqpqpnan46u/app.bsky.feed.generator/moshu-madness
🇺🇦 #podcast,2025-01-20T07:58:52.752Z,6,0,bsky.one,"Пости з тегами #podcast, #подкаст, #укрподкаст від профілів з каталогу BSKY.ONE.  ⚠️⚠️⚠️ Якщо стрічка пуста, включіть українську в налаштуваннях в розділі Content languages.",at://did:plc:dvgliotey33vix3wlltybgkd/app.bsky.feed.generator/podcast
Cries for Attention,2024-11-30T18:28:46.360Z,6,0,ennuidoofen.bsky.social,,at://did:plc:7bv2ca3yawj662o7qxd5xyt7/app.bsky.feed.generator/aaah4uijf72l6
Skeets of Dan,2023-09-30T18:24:34.131Z,6,0,downwithdan.bsky.social,all the Dan skeets,at://did:plc:otjqtwtgkoijkucppmxiq5fy/app.bsky.feed.generator/aaaoqltxpri5i
#솔샇,2025-12-28T08:00:38.631Z,6,0,arkaingel.bsky.social,#솔샇 / 솔샇 / 솔음사헌 #포샇 / 포샇 #SolSah / SolSah / SoleumSaheon #PodoSah / PodoSah,at://did:plc:wntgeu7raa7v5t6v32u4dxdb/app.bsky.feed.generator/aaaf7u4gg7c72
#PAXAus,2023-09-30T21:14:28.027Z,6,0,bossett.social,A feed for PAXAus!,at://did:plc:jfhpnnst6flqway4eaeqzj2a/app.bsky.feed.generator/paxaus
【Bluesky初心者講座】,2024-02-21T06:06:20.068Z,6,0,bay2501.bsky.social,Bluesky初心者用の設定注意点,at://did:plc:7hkvv6ony3b42zsuu4paznj2/app.bsky.feed.generator/aaaltgoebtknk
#politics,2023-05-22T13:44:22.349Z,6,0,skyfeed.xyz,Posts with #politics from the whole network,at://did:plc:tenurhgjptubkk5zf5qhi3og/app.bsky.feed.generator/h-politics
Mrs. Cannoli Finder,2023-06-24T00:10:15.000Z,6,0,retr0.id,A feed that will eventually find a wife for Mr. Cannoli,at://did:plc:vwzwgnygau7ed7b7wt5ux7y2/app.bsky.feed.generator/mrscannoli
TM's DeliciousBritsFoods,2024-02-19T08:59:45.190Z,6,0,tmaehara.bsky.social,,at://did:plc:dqxsa5cjfrzulhalom4kuyd2/app.bsky.feed.generator/aaaiqwjhlzavy
Feeds on Bluesky,2025-04-16T19:27:17.084Z,6,0,bluefacts.app,Never miss a feed again! This feed shows all posts which contain a link to a Bluesky feed.  Create your own feed: https://bluefacts.app/feed-builder,at://did:plc:j3qij7oqe6gie2x56gk5s6tx/app.bsky.feed.generator/feeds
#Transitsky News,2025-11-10T23:18:54.160Z,6,0,fema.monster,transitsky-news,at://did:plc:lptjvw6ut224kwrj7ub3sqbe/app.bsky.feed.generator/transitsky-news
#TransitSky Trending,2025-11-10T22:47:30.455Z,6,0,fema.monster,#TransitSky resorted by trending posts.,at://did:plc:lptjvw6ut224kwrj7ub3sqbe/app.bsky.feed.generator/transitsky
"My best, oy vey",2024-11-18T16:28:13.255Z,6,0,itsabbyyep.bsky.social,"Most liked posts of mine own, buddy",at://did:plc:awyncbnck2xzf4obkdqep7ms/app.bsky.feed.generator/aaaeacnurw62m
SkyFeed,2023-05-21T10:33:08.835Z,5,0,skyfeed.xyz,Posts that mention SkyFeed,at://did:plc:tenurhgjptubkk5zf5qhi3og/app.bsky.feed.generator/skyfeed
Banjo-Kazooie,2024-09-21T19:45:39.649Z,5,0,davis.social,All mentions of Banjo-Kazooie!,at://did:plc:2gx2noukxzwmj6dkxbmh3qt5/app.bsky.feed.generator/aaaj37edencck
Nikon ZF,2024-09-24T15:35:27.526Z,5,0,andraste.fuckbgp.com,,at://did:plc:3s2iaaxxqnyesuu3np56uv7y/app.bsky.feed.generator/aaacjkutymmjm
#btc,2023-05-22T13:44:28.856Z,5,0,skyfeed.xyz,Posts with #btc from the whole network,at://did:plc:tenurhgjptubkk5zf5qhi3og/app.bsky.feed.generator/h-btc
Pacific Crest Trail,2025-02-08T05:54:45.153Z,5,0,sweetbee.vip,,at://did:plc:lcytlkvzs3wslcgbk7i3ygak/app.bsky.feed.generator/aaaoih2bmhzje
#GTChat,2024-11-16T01:31:46.590Z,5,0,afreeparticle.com,Posts tagged with #GTChat,at://did:plc:l72uci4styb4jucsgcrrj5ap/app.bsky.feed.generator/aaadffxdkptvw
Chakotay,2025-10-25T21:52:30.661Z,5,0,earlgreymemes.club,"Chakotay was a 24th century human and Starfleet officer before joining the Maquis, later joining the crew of the starship USS Voyager as First Officer under Captain Janeway during their seven year journey back to Earth  (all mentions of Chakotay)  ID: Chakotay against a purple/white background",at://did:plc:hopmtyvc3dhv62ofiuzii5t7/app.bsky.feed.generator/aaakv2cwpsop4
SLTChat,2024-11-11T00:06:15.995Z,5,0,afreeparticle.com,For School Leadership Team Chat. Picks up any post with: SLTChat,at://did:plc:l72uci4styb4jucsgcrrj5ap/app.bsky.feed.generator/aaabramvi3msk
Music Sky,2025-02-08T06:04:03.853Z,5,0,sweetbee.vip,Everything about music across Bluesky  Anyone can use #music to add a post,at://did:plc:lcytlkvzs3wslcgbk7i3ygak/app.bsky.feed.generator/aaaoij4or5zfo
"Someone said ""Tankie""",2024-11-25T23:50:47.263Z,5,0,handle.invalid,Someone said the word  BlueskyFeedCreator.com,at://did:plc:dtn24gefohi7kioijopa7e4q/app.bsky.feed.generator/tankie
What's Cold,2023-12-11T21:52:42.483Z,5,0,mxvoid.com,"Three-day-old skeets with 0 likes, 0 reskeets, and 0 replies.  Snowflake feed image dedicated to the public domain courtesy of Chris Martin.",at://did:plc:xwoo7w5rf3cm3qyido5npkoc/app.bsky.feed.generator/aaaowgv5izupw
BonusEruptus 2025 movies,2024-12-28T05:30:52.348Z,5,0,bonuseruptus.bsky.social,Tracking my movies watched for 2025,at://did:plc:5fmou4emwcgbhslcnm6vdieu/app.bsky.feed.generator/aaaaxprtb4y7i
Saskatchewan,2024-10-27T01:53:18.623Z,5,0,schmutzie.com,"This feed collects posts from: - Saskatchewan people & other accounts - posts & alt text that mention Saskatchewan and related keywords - posts that contain the 🌾 emoji",at://did:plc:ekew4wtc2m4ctroumek7kr4l/app.bsky.feed.generator/saskatchewan
XOULLINE : Xnghan&Xoul,2025-07-30T11:14:43.905Z,5,0,archidol.creator.blue,"#SEUNGHAN #XngHan  Beta mode",at://did:plc:q67sl2eyluz4pihms7bqeygm/app.bsky.feed.generator/xnghan
Cy Art,2023-07-20T12:27:37.964Z,5,0,cytricacid.art,A feed just for my art!,at://did:plc:47qviy5p44nc73elkae5turh/app.bsky.feed.generator/aaahivw5jl5us
#AmITheAsshole,2025-02-08T06:05:14.858Z,5,0,sweetbee.vip,Am I The Asshole?,at://did:plc:lcytlkvzs3wslcgbk7i3ygak/app.bsky.feed.generator/aaaoikfdrizue
Urbanism+ Pics,2025-01-18T08:52:45.047Z,5,0,fema.monster,,at://did:plc:lptjvw6ut224kwrj7ub3sqbe/app.bsky.feed.generator/aaaf4j63zrro4
Tuvok,2025-10-25T21:48:50.955Z,5,0,earlgreymemes.club,"Tuvok, husband to T'pel, father of four, Starfleet dropout, mildmeld extraordinaire, junior science officer aboard the USS Excelsior under Captain Sulu, chief of security aboard the USS Voyager under Captain Janeway. #VOY #StarTrek  (all mentions of Tuvok)  [ID: portrait of Tuvok]",at://did:plc:hopmtyvc3dhv62ofiuzii5t7/app.bsky.feed.generator/aaakb6igf5dv6
Best of Blinky,2024-11-15T02:47:40.664Z,5,0,armyvet1972.bsky.social,Greatest Hits,at://did:plc:lqmk3yojyhz5tnoe5e6zzpma/app.bsky.feed.generator/aaac3nxlalnka
Miniskirts,2025-08-26T20:55:32.505Z,5,0,realnsfw.social,"Hottest babes wearing miniskirts or microskirts 👙  (to be featured, link in bio to join RealNSFW list, then use #miniskirt or #microskirt on any post)",at://did:plc:db645kt5coo7teuoxdjhq34x/app.bsky.feed.generator/aaapcgwedzof4
Shibas Against DOGE,2025-02-07T03:21:29.851Z,5,0,rockom.bsky.social,"Much sadness, so perturbed",at://did:plc:fgnkp5yb6fuvxsqpqpnan46u/app.bsky.feed.generator/aaan4zdflxtxs
Bluesky Verification,2025-04-23T12:49:23.179Z,5,0,bluefacts.app,Discussions  about BlueSky verification and check marks.   Created with https://bluefacts.app/feed-builder,at://did:plc:j3qij7oqe6gie2x56gk5s6tx/app.bsky.feed.generator/bluesky-verification
Climate Change,2023-08-29T23:15:38.616Z,5,0,johnlf.bsky.social,Any posts mentioning climate change or related keywords //Made at BlueskyFeeds.com,at://did:plc:mziptt6o2ngf4scj7jiwacde/app.bsky.feed.generator/ClimateChange
Short Hair Girls,2025-08-26T20:56:05.506Z,5,0,realnsfw.social,"NSFW short hair feed  To join 1 - must be followed by @blueskybaddies.bsky.social 2 - use any #ShortHair hashtag on any post  main feed: https://bsky.app/profile/did:plc:db645kt5coo7teuoxdjhq34x/feed/aaamkr6xjlwb2",at://did:plc:db645kt5coo7teuoxdjhq34x/app.bsky.feed.generator/aaaj3favblkke
Tall Girls,2025-08-26T20:54:28.705Z,5,0,realnsfw.social,"Must be followed by me, then use any #tall tags",at://did:plc:db645kt5coo7teuoxdjhq34x/app.bsky.feed.generator/aaaj54pahwmx4
📸 For You,2025-09-07T23:25:50.608Z,5,0,spacecowboy17.bsky.social,"A personalized algorithmic image feed based on your likes.  It finds people who liked the same image posts as you, and shows you what else they've liked recently. ",at://did:plc:3guzzweuqraryl3rdkimjamk/app.bsky.feed.generator/images-for-you
#totk,2023-05-22T13:43:57.044Z,5,0,skyfeed.xyz,Posts with #totk from the whole network,at://did:plc:tenurhgjptubkk5zf5qhi3og/app.bsky.feed.generator/h-totk
Shot on iPhone,2024-11-30T11:16:15.161Z,5,0,j4ck.xyz,Shot on iPhone®  ⚡ RobinFeed,at://did:plc:4hawmtgzjx3vclfyphbhfn7v/app.bsky.feed.generator/robinfeed-qPtIl
SYNKLINE : aespa+,2025-07-28T23:20:10.490Z,5,0,archidol.creator.blue,"The Ultimate aespa + naevis Skyline for MY!  ⚠️ Please read this thread: https://bsky.app/profile/did:plc:q67sl2eyluz4pihms7bqeygm/post/3lfcexbe3bs2t 💜🩵 Visit my profile to see more Kpop Skyline Feed @archidol.creator.blue  Post that are not related to aespa + naevis might still appear in this feed.",at://did:plc:q67sl2eyluz4pihms7bqeygm/app.bsky.feed.generator/aaaorlefrzuzu
Aimbutt,2023-07-25T17:00:12.139Z,5,0,ethan8bit.newgrounds.com,Ethan's gaming shenanigans.,at://did:plc:qdb7owowalbvql72ckl5qpr3/app.bsky.feed.generator/aaai6dzh52q2c
Indra's Dream Journal,2024-04-12T10:10:56.807Z,5,0,lucidillusions.in,Easy to access feed to read @indrapramitdas.bsky.social's post about their dreams.,at://did:plc:36h6ttx2g23zqr4accilbvo7/app.bsky.feed.generator/aaandqx7x2me6
Photozines,2025-01-26T22:52:58.959Z,5,0,georgeg.bsky.social,Feed for Photozines,at://did:plc:pxxmkc37qu3s7426n2gb2nqz/app.bsky.feed.generator/aaal5lzbgqfxe
Claire Roe's art feed,2024-11-21T16:14:48.089Z,5,0,claireroe.bsky.social,"its my artwork, in a feed",at://did:plc:u77zmggxpk2ieewevyuau4me/app.bsky.feed.generator/aaaceittbkfqu
Qirim.Land,2025-01-20T07:58:52.149Z,5,0,bsky.one,"Пости від профілів з хендлом на домені qirim.land.  ⚠️⚠️⚠️ Якщо стрічка пуста, включіть українську в налаштуваннях в розділі Content languages.",at://did:plc:dvgliotey33vix3wlltybgkd/app.bsky.feed.generator/qirim.land
Backup Phillies Feed,2023-10-03T21:36:07.858Z,5,0,bugtype.bsky.social,"An emergency backup Phillies feed, only active when the main feed is down. Catches player names, ""Go Phils"" #Phillies, #RingTheBell etc.",at://did:plc:pis3ks5avm6t3t7mijhqlpnt/app.bsky.feed.generator/aaapp235zenua
SpaceShipArt,2024-11-14T20:10:45.767Z,5,0,isaachannaford.com,A place dedicated to space ship art both real and speculative.   Use #spaceshipart to contribute,at://did:plc:76kd4kelw5v2l67cfzdoq22f/app.bsky.feed.generator/aaacybjwz6632
Giantess Fetish,2025-08-26T20:54:32.007Z,5,0,realnsfw.social,(#giantess from verified creators in my RealNSFW list),at://did:plc:db645kt5coo7teuoxdjhq34x/app.bsky.feed.generator/aaakaumoombpc
お供,2023-08-08T20:24:00.563Z,5,0,itokonn.bsky.social,ご飯/仕事/勉強のお供色々。 ほんの少しだけ心を支えてくれるもの。,at://did:plc:qq4q5nsxhl4m7gmvnf7mdgek/app.bsky.feed.generator/aaaluau3fbxda
#MigrantMothUK,2024-09-27T17:53:07.369Z,5,0,stevenash71.bsky.social,Report sightings of Immigrant Lepidoptera in the UK.,at://did:plc:j2nkiuq5tmgqct5kvp7f6ekh/app.bsky.feed.generator/aaac44udidxys
Top of the Hops,2024-12-05T02:21:38.860Z,5,0,joparkerbear.bsky.social,stuff people liked,at://did:plc:btj7htumgboprmobfodhw7wu/app.bsky.feed.generator/aaaonvw75lfxi
VCHIBAN,2025-08-09T19:53:10.507Z,5,0,aiyoku.xyz,"Any news & fanarts about the indie VTuber group, VChiban, are collected together into this feed.",at://did:plc:kjnet2viyumgkqtjnzo6y4pz/app.bsky.feed.generator/aaancvxrvbeg6
Nileo's Art,2023-08-29T14:26:47.775Z,5,0,nileoart.rip,Nileo's art (if he remembers to tag it!),at://did:plc:rv5zvltua2akdui2me5trtm6/app.bsky.feed.generator/aaac2f46iadnw
PoliUK Classic,2024-09-05T03:29:41.936Z,5,0,manos.lol,Posts but no replies from users in the UK Politics (source) list by @manos.lol  Check out the new and improved version at https://bsky.app/profile/did:plc:phwfvz7yq3ulxhwjhqwccb2k/feed/poliuk,at://did:plc:ffhsvgvnjwkbbhoi62pezi4x/app.bsky.feed.generator/aaanmo2tmuk6g
Germanistik,2023-09-10T14:00:25.067Z,5,0,drkeichhorn.bsky.social,"Austauschfeed für die Germanistik. Enthält alle Beiträge, die irgendwo den Wortstamm""germanist-"" verwenden.",at://did:plc:l4lyvq6o3i5p3o373fvq2ebw/app.bsky.feed.generator/aaah54zeblkbk
Trending Funny,2025-07-28T23:28:05.826Z,5,0,sweetbee.vip,Trending funny posts,at://did:plc:lcytlkvzs3wslcgbk7i3ygak/app.bsky.feed.generator/trending-funny
3Dエロゲー作品まとめ,2024-10-26T22:45:16.510Z,5,0,yazirou.bsky.social,遊んだ3Dエロゲーをまとめみた。SS画像のほかに感想もある。 まとめに使ってるサービス　https://www.bluefeed.app/,at://did:plc:7suceff6524a2lxgynjfm6vi/app.bsky.feed.generator/18cad4b9230bf22
宣伝告知用フィード,2025-12-27T20:10:47.939Z,5,0,yazirou.bsky.social,やりとげたやつ,at://did:plc:7suceff6524a2lxgynjfm6vi/app.bsky.feed.generator/18fc5eae0f227cb
#DYM24,2024-05-26T15:53:59.924Z,5,0,dominikhhh.bsky.social,#DYM24 #music project 2024 needs your help: I'll listen to 1 record from my #vinyl collection every day. Please choose a letter/number combination from the image. All white fields are still available & all yellow fields have already been #NowSpinning.  . What’s your choice?,at://did:plc:xbogh7gzgccl2zzcswoc7yp4/app.bsky.feed.generator/aaacpjcxufrt2
BookSky trending 🚫ads,2025-10-12T23:30:57.582Z,5,0,clarabelle.xyz,Trending version of the #BookSky feed with ads removed! An exclusive for our Patreon supporters who keep BookSky running - thank you. 📚,at://did:plc:geoqe3qls5mwezckxxsewys2/app.bsky.feed.generator/bookskytrending
anom's rkgk feed,2024-11-23T14:38:44.465Z,5,0,office-anomaly.bsky.social,"for sketches, WIPs and unsorted things",at://did:plc:qvm5tkarb3mg6eztyh76s6ps/app.bsky.feed.generator/aaae3r67yym3k
Jubi's Art Feed,2025-02-06T02:22:33.959Z,5,0,jubilations.bsky.social,Jubi's posted art!,at://did:plc:gna5ofk7gglhms2raaquxtcm/app.bsky.feed.generator/aaansa3epno6u
Pimoroni Discussion,2024-11-06T20:15:46.388Z,5,0,pimoroni.com,Folks talking about Pimoroni and Pimoroni products!  BlueskyFeedCreator.com,at://did:plc:5hjd7glsnvwxf6wiouvtq5wt/app.bsky.feed.generator/pimoroni
Rule 34 Trending,2025-07-29T14:45:12.107Z,5,0,gonewild.social,Trending posts from the Rule34 feed (last 72h),at://did:plc:i5t7odtmmv7gtawckadaf6v4/app.bsky.feed.generator/aaan3uv53sjns
🔥Hot Links,2025-05-19T01:11:29.947Z,5,0,spacecowboy17.bsky.social,Popular posts with links,at://did:plc:3guzzweuqraryl3rdkimjamk/app.bsky.feed.generator/hot-links
filth_waste's posts,2024-06-22T23:02:45.776Z,5,0,filth-waste.bsky.social,it's filth_waste's posts! // Made at BlueskyFeeds.com,at://did:plc:jn2yuheybqo5xhu37ol3uuzk/app.bsky.feed.generator/filth-posts
#mastodon,2023-05-22T13:44:29.908Z,5,0,skyfeed.xyz,Posts with #mastodon from the whole network,at://did:plc:tenurhgjptubkk5zf5qhi3og/app.bsky.feed.generator/h-mastodon
#illustration,2023-05-22T13:44:20.610Z,5,0,skyfeed.xyz,Posts with #illustration from the whole network,at://did:plc:tenurhgjptubkk5zf5qhi3og/app.bsky.feed.generator/h-illustration
Ukraine Live,2023-08-13T14:45:41.084Z,5,0,stephanekenech.com,Ukraine war live,at://did:plc:vo3jptnawxenjiicoz5fjbcp/app.bsky.feed.generator/aaao5krqc76ca
Lego Feed (media only),2024-12-31T17:30:07.860Z,5,0,elfprince13.mumak.app,The same posts as Lego Feed but removes posts which are provably text-only posts (may still include quote posts),at://did:plc:jxcabn5oqg4xlpflgoy4rmxr/app.bsky.feed.generator/aaakwlodyf3hc
wtf,2024-04-11T05:58:33.827Z,5,0,jakei.bsky.social,"any reply thats just ""wtf"" and the post they are replying to",at://did:plc:vjyot2w7zeomrslomwpfxirl/app.bsky.feed.generator/aaamxoy7fflxc
SaoirseSpaceFacts,2023-11-09T15:51:38.557Z,5,0,jakei.bsky.social,All Fun Space Facts from Saoirse (spacefag.gay),at://did:plc:vjyot2w7zeomrslomwpfxirl/app.bsky.feed.generator/aaalfig54xqjy
📌 Top Pinned Posts,2025-04-14T14:26:48.079Z,5,0,bluefacts.app,The most pinned posts on Bluesky over the last 24 hours. Updated hourly.   https://bluefacts.app/,at://did:plc:j3qij7oqe6gie2x56gk5s6tx/app.bsky.feed.generator/top-pins
papersky Popular,2024-12-10T16:02:12.861Z,5,0,papersky.app,Popular posts containing DOIs.,at://did:plc:4wpgom4wzwrqsak6g35dt2au/app.bsky.feed.generator/popular
The best of my worst ,2024-11-14T23:43:23.046Z,5,0,nappydolemite.bsky.social,,at://did:plc:3qiwec4gluyz42jep5y27oab/app.bsky.feed.generator/aaapfz7zy3an6
Terriers,2024-11-14T05:00:45.888Z,5,0,jakei.bsky.social,pictures of terriers,at://did:plc:vjyot2w7zeomrslomwpfxirl/app.bsky.feed.generator/aaacsczym46gk
"Fuck you, Rick Berman",2025-07-28T12:43:00.509Z,5,0,earlgreymemes.club,"Rick Berman is a creator, producer, or writer on many 90s era Star Trek series and movies, including TNG, DS9, VOY, ENT, Generations, First Contact, Insurrection, and Nemesis  [ID: Remmick with a parasite in his mouth with the head of Rick Berman, with text: We seek peaceful coexistence]",at://did:plc:hopmtyvc3dhv62ofiuzii5t7/app.bsky.feed.generator/aaab6wzmjsmoq
Strange New Worlds,2025-12-12T02:04:20.933Z,5,0,earlgreymemes.club,Star Trek: Strange New Worlds SNW #SNW #StrangeNewWorlds #StarTrek  [ID: SNW poster],at://did:plc:hopmtyvc3dhv62ofiuzii5t7/app.bsky.feed.generator/aaacbmlgm4asg
Anti-Arab 🧵 - TW/CW!!,2024-01-03T22:21:32.092Z,5,0,habibiwolf.bsky.social,Anti-Arab Propaganda TW: These are screenshots of anti-Arab racism/Israeli Propaganda - wanting these screenshots for accountability to go with the list associated with this feed 👇🏼  https://bsky.app/profile/did:plc:synka4gchwjmophklcsndndf/lists/3ki27ypu74g2i,at://did:plc:synka4gchwjmophklcsndndf/app.bsky.feed.generator/aaamzvvaymbmg
👀,2024-08-20T00:33:48.740Z,5,0,mackuba.eu,Hmmmm this looks interesting 👀,at://did:plc:oio4hkxaop4ao4wz2pp3f4cr/app.bsky.feed.generator/aaag2mdct6ntq
Discover Awesome Art,2023-08-14T21:57:29.764Z,5,0,reilukah.bsky.social,"Not my art!! But art I like, check em' out!  Icon image is by sunifinch  https://bsky.app/profile/sunifinch.bsky.social",at://did:plc:bzrneq7hkfbyjmqztnnexujc/app.bsky.feed.generator/aaai3dzdlae2e
Tech threads and more,2025-02-10T22:49:25.655Z,5,0,baileytownsend.dev,"A WIP feed to highlight tech threads and posts with blog posts, aimmed at software development mostly",at://did:plc:rnpkyqnmsw4ipey6eotbdnnf/app.bsky.feed.generator/TechThreadsAndMore
🐰バニー,2024-02-12T08:52:26.769Z,5,0,ubanis.com,バニーな絵を集めたい,at://did:plc:lmftezsq52hi53taz762s7pc/app.bsky.feed.generator/aaalzvxvg3kmm
Vtuber Nightclub - WIP,2024-06-21T02:10:12.926Z,5,0,bonnicula.bsky.social,A fork of the Vtuber Fightclub Feed that attempts to remove Going Live Notifications,at://did:plc:7dl6s4wfcygfxzxok46z5gtu/app.bsky.feed.generator/aaadq5pt7wkyu
Hot Takes/Unpop Opinion,2023-08-14T07:38:30.283Z,5,0,shroderdog.net,Hot takes and unpopular opinions... let's see the trash side of bsky drama 🦙,at://did:plc:xhhnumnbs5wraghiksrikz3q/app.bsky.feed.generator/aaalniffmhecs
#BB25+,2023-08-03T16:59:25.361Z,5,0,bbgossip.bsky.social,ALL Posts containing #BB25 or BB25 including replies.,at://did:plc:3ovfbpy4lnx4i43k4742rxfi/app.bsky.feed.generator/aaal3u35gvu2w
Friday Follow,2024-11-22T07:02:03.962Z,5,0,lucidillusions.in,,at://did:plc:36h6ttx2g23zqr4accilbvo7/app.bsky.feed.generator/aaahifttsdz3o
✨🖼️Dawner's Art,2023-08-20T14:11:20.070Z,5,0,thedawner.bsky.social,General art tag,at://did:plc:qudfhdxzcnp4y34ezalz5iep/app.bsky.feed.generator/aaajer4qua3mm
Cornbread,2025-10-07T12:56:44.661Z,5,0,baileytownsend.dev,cornbread,at://did:plc:rnpkyqnmsw4ipey6eotbdnnf/app.bsky.feed.generator/Cornbread
Kaidzsu's Art,2025-07-10T15:54:42.237Z,4,0,kaidzsu.com,Posts with images!,at://did:plc:kqmjkkyld3yd7cn3sfeupo66/app.bsky.feed.generator/aaapj43fockhs
What's Hot Good Omens!,2024-02-27T18:10:10.600Z,4,0,davis.social,Mentions of Good Omens and characters over the last 7 days!  Sorted in order of most likes!,at://did:plc:2gx2noukxzwmj6dkxbmh3qt5/app.bsky.feed.generator/aaakikq3lkxom
100 Witches,2024-02-09T19:03:01.868Z,4,0,meloteaart.bsky.social,Collection of 100 Days of Witch Sketches,at://did:plc:e3bifqysymfkfgjw7kaxm5vy/app.bsky.feed.generator/aaai6pam62ypc
LASky,2023-07-09T15:50:34.205Z,4,0,jakei.bsky.social,Los Angeles Blue Sky - everything with #LASky (not case sensitive),at://did:plc:vjyot2w7zeomrslomwpfxirl/app.bsky.feed.generator/aaadzovv7qfqa
☠️King Charles☠️,2024-03-18T04:52:04.793Z,4,0,jakei.bsky.social,anything about King Charles dying,at://did:plc:vjyot2w7zeomrslomwpfxirl/app.bsky.feed.generator/aaae7yzy7je4a
Russo - Ukraine War feed,2024-08-10T08:04:34.355Z,4,0,pixeline.be,"Between daily reporting and long form analyses, this feed is a selection of the best sources to get a realistic view of the current state of the war.",at://did:plc:v4zpi74gy7enfiwke7hmoxv5/app.bsky.feed.generator/aaadv3t7wmfjo
SOLURYN || Art Feed,2023-09-05T01:26:35.466Z,4,0,soluryn.art,Artwork by Soluryn,at://did:plc:ylrmuo5g25zqna5hc3k536yv/app.bsky.feed.generator/aaajhu6bbudyo
Now Playing,2025-02-08T06:02:56.948Z,4,0,sweetbee.vip,See what music everyone is listening to across all of Bluesky  Anyone can use #NowPlaying to add any post  Automatically picks up all Spotify links,at://did:plc:lcytlkvzs3wslcgbk7i3ygak/app.bsky.feed.generator/aaaoijkpfisrs
Play my game,2023-08-28T13:42:34.619Z,4,0,robpc.com,Show people advertising their games,at://did:plc:gkvpokm7ec5j5yxls6xk4e3z/app.bsky.feed.generator/play-my-game
INTDEV,2025-12-03T00:55:09.831Z,4,0,caidan.dev,"Posts from the incredibly talented Internet Development Studio team!  Find us at https://internet.dev/",at://did:plc:2vjaeco3bs24mv5kdrjlzrbr/app.bsky.feed.generator/intdev
ATProtoDev,2025-07-29T01:00:25.005Z,4,0,verdverm.com,Feed for ATProto developer content,at://did:plc:2jtyqespp2zfodukwvktqwe6/app.bsky.feed.generator/atprotodev
My Feed,2025-07-29T00:27:41.905Z,4,0,wanderlingworld.bsky.social,"For my own use, but you can follow these awesome people if you want!",at://did:plc:odqmsar3ikz5ubokya4sempk/app.bsky.feed.generator/aaadgxdducws2
Star Trek,2025-09-29T02:04:20.856Z,4,0,manos.lol,The best Star Trek posts from the last 48 hours.,at://did:plc:ffhsvgvnjwkbbhoi62pezi4x/app.bsky.feed.generator/aaaouitrpq52m
Wacky Word Wed🐦,2024-11-20T03:22:54.092Z,4,0,drawstickpeople.bsky.social,"Welcome to Wacky Word Wed where we get a new word  without knowing, caring, or disclosing it's definition.  We have fun using it a sentence, song, or story.    To join DM with the message ""#wackywordwed pls add"".  Members can post to the feed by using #wackywordwed🐦 or #wackywordwed",at://did:plc:tuhlyhkol7yxkh5q3mykjqe4/app.bsky.feed.generator/wackywordwed
#Aww,2025-07-28T23:28:10.512Z,4,0,sweetbee.vip,For anything that makes you go #Aww  Anyone can add a post  WIP,at://did:plc:lcytlkvzs3wslcgbk7i3ygak/app.bsky.feed.generator/aaaoilydrb3o6
Palo Alto,2025-11-08T01:38:07.362Z,4,0,davidsacerdote.bsky.social,Posts mentioning Palo Alto or including a link to a local news outlet  Excludes terms related to Palo Alto Networks,at://did:plc:o4s55v3tsfph6whswxccpsia/app.bsky.feed.generator/aaahm7wqbfj3q
Shower Thoughts,2025-07-28T23:28:10.404Z,4,0,sweetbee.vip,Anyone can add a post by tagging #ShowerThoughts,at://did:plc:lcytlkvzs3wslcgbk7i3ygak/app.bsky.feed.generator/aaaoimdg3al2y
Greensky Clone,2024-06-18T12:59:29.613Z,4,0,davidsacerdote.bsky.social,"This is a clone of the GreenSky feed that Ketan Joshi set up.  His account is deactivated, so this will serve as a way for people on the feed to find each other again.  Detailed description here https://docs.google.com/spreadsheets/d/1QSghRrJxr7tWAGi9Shpwc6QMG5iSnJrNAW9alkHY8kw",at://did:plc:o4s55v3tsfph6whswxccpsia/app.bsky.feed.generator/aaajo5vhxscty
No Panties,2025-08-26T20:55:44.212Z,4,0,realnsfw.social,"Hot girls with no panties on 😳  (to be featured, link in bio to join RealNSFW list, then use #noPanties on any post)",at://did:plc:db645kt5coo7teuoxdjhq34x/app.bsky.feed.generator/aaabnyp2dediu
買わなきゃよかった23,2023-12-03T23:54:21.645Z,4,0,so-asano.com,買ってよかったがあるならこれも。今年買わなきゃよかったもの、買って失敗したもの、人にはお勧め出来ないものを「買わなきゃよかった23」「買わなきゃ良かった23」をつけてpostしてください！,at://did:plc:pxwzal3aspfg2xnbbt2fjami/app.bsky.feed.generator/aaadagtkpkyjw
Crusty & Delicate,2025-01-18T14:14:00.149Z,4,0,bornbaker.bsky.social,"From hearty sourdough to ethereal macarons - because sometimes you want to tear into a crusty loaf, and sometimes you need a delicate bite of heaven. A feed for versatile bakers.  Curated by @bornbaker.bsky.social",at://did:plc:pirasihrz5waalyz2k2xkqle/app.bsky.feed.generator/aaahr27t4vvde
#백사헌,2025-12-28T23:30:12.234Z,4,0,arkaingel.bsky.social,#백사헌/ 백사헌 / 사헌이 #BSH / BSH / Baek Saheon / Saheon #독사과장 / 독사 과장 / 독사헌 / DokSaheon 백남매 / Baek Siblings ⚠⚠⚠ Mute - NCP & CP Tags Included,at://did:plc:wntgeu7raa7v5t6v32u4dxdb/app.bsky.feed.generator/aaaf732hoi26e
Flora and Fauna,2025-07-29T01:02:41.502Z,4,0,clarabelle.xyz,"nature and wildlife photography from real bluesky photographers. Tracking various nature, flora and fauna related hashtags and excluding content scrapers to the best of my ability. 🫡",at://did:plc:geoqe3qls5mwezckxxsewys2/app.bsky.feed.generator/florafauna
Nintendo Switch 2 Event,2025-07-29T14:47:54.312Z,4,0,j4ck.xyz,Feed for the #NintendoSwitch 2 launch! Pin this to follow the conversation live ,at://did:plc:4hawmtgzjx3vclfyphbhfn7v/app.bsky.feed.generator/ntndoswtch2
Ed Morrish,2024-12-21T22:36:53.445Z,4,0,edmorrish.bsky.social,just my posts.,at://did:plc:zhglb2ub3qwkn2kpxlwekst3/app.bsky.feed.generator/aaaaqszrsfcwo
Advice,2025-07-28T23:28:00.004Z,4,0,sweetbee.vip,Anyone can add a post by tagging #advice,at://did:plc:lcytlkvzs3wslcgbk7i3ygak/app.bsky.feed.generator/aaaoilsjrxluw
Disability & Design,2024-11-14T16:19:32.537Z,4,0,fema.monster,The Urbanism+ feed filtered to show only disability posts.,at://did:plc:lptjvw6ut224kwrj7ub3sqbe/app.bsky.feed.generator/aaahd3bn3sqak
GalacticJonah's Art Feed,2023-07-25T10:06:12.826Z,4,0,galacticjonah.bsky.social,All my art in one place~ ✨,at://did:plc:gv67xkkyfukrlqlksmg7qmu3/app.bsky.feed.generator/aaaiyoymrrnjg
Merry Mariah,2024-09-01T18:36:51.739Z,4,0,box464.com,"24/7 Mariah Christmas posts. Because, why not.",at://did:plc:otg2nwpt63fp2cscvzh54rwj/app.bsky.feed.generator/aaaa37n4frpds
UWMadSky,2024-11-21T19:45:15.488Z,4,0,nuclearkatie.com,"UW-Madison departments, colleges, programs, institutes, and other official organizations of the university  BlueskyFeedCreator.com",at://did:plc:bojewaigrrw6tsymkq5ms7mz/app.bsky.feed.generator/uwmadison
Christina's Nonsense,2024-06-24T18:16:26.916Z,4,0,ennuidoofen.bsky.social,,at://did:plc:7bv2ca3yawj662o7qxd5xyt7/app.bsky.feed.generator/aaaewzbwfji4w
oats,2024-12-15T18:26:54.045Z,4,0,capnwatsisname.bsky.social,oatmeal island and first pancakes,at://did:plc:efdtjcx67l6vpztu7muhp64s/app.bsky.feed.generator/aaagma3mjlx6y
Dart/Flutter,2023-05-21T10:43:08.023Z,4,0,skyfeed.xyz,Posts that mention Dart or Flutter from the whole network,at://did:plc:tenurhgjptubkk5zf5qhi3og/app.bsky.feed.generator/dart-flutter
Men/Masc Creators-Feeds,2025-02-08T08:00:30.646Z,4,0,realnsfw.social,"Creators on my Men & Masc list can post to these feeds  Check each feed description for more info  BlueskyFeedCreator.com",at://did:plc:db645kt5coo7teuoxdjhq34x/app.bsky.feed.generator/aaabog6zsmu3i
What's Hot (Shitpostsky),2024-12-19T21:31:49.275Z,4,0,illumi.meme,,at://did:plc:oqbijttmayqui2xv3e2xwcdz/app.bsky.feed.generator/aaalwwtmmojau
Holga ,2024-10-25T07:18:48.372Z,4,0,georgeg.bsky.social,#Holga Feed,at://did:plc:pxxmkc37qu3s7426n2gb2nqz/app.bsky.feed.generator/aaahto4wvv3r4
Ogham Stones,2025-02-03T16:23:43.455Z,4,0,babelstone.co.uk,Mentions of ogham stones or ogham inscriptions over past 7 days. Also posts with #OG_H_AM or og(h)am,at://did:plc:7v2mqh7dhocngomglc7mhl6g/app.bsky.feed.generator/aaaotcjwlzupu
#gloamingpictures,2024-11-06T23:26:04.588Z,4,0,crowgirl42.bsky.social,"#gloamingpictures feed (as originally seen on the Dead Bird Site.) Collocates all messages with 'gloamingpictures' in the main text.  Do the best you can; let the rest go. Take a moment's respite, look at something pretty, then try again.  If you want to see more: https://ko-fi.com/teaandchaos",at://did:plc:hngo2tdxmimlip4yk3paxag4/app.bsky.feed.generator/aaamzqdp2mpm6
Bluesky Feed Creator,2024-10-20T20:10:08.964Z,4,0,blueskyfeedcreator.com,Captures posts talking about the feed hosting service BlueskyFeedCreator.com,at://did:plc:45xkjogf53hfcwmpoj5afahn/app.bsky.feed.generator/blueskyfc
Black VTubers: Trending,2025-07-19T16:56:08.247Z,4,0,aiyoku.xyz,This is strictly meant to keep track of the most popular content from the main feed for community research.,at://did:plc:kjnet2viyumgkqtjnzo6y4pz/app.bsky.feed.generator/aaah3nh2u77va
VTuber Wikis,2025-08-30T08:00:36.605Z,4,0,aiyoku.xyz,"Any skeets mentioning VTubie, Hololist, and other wiki databases are showcased in the results of this custom feed.  BlueskyFeedCreator.com",at://did:plc:kjnet2viyumgkqtjnzo6y4pz/app.bsky.feed.generator/aaaaq5hivx6fg
Автоматски МК Skyfeed,2024-11-29T12:45:47.854Z,4,0,jiggymkd.bsky.social,Feed кој се генерира автоматски врз основа на јазикот на постовите (македонски).,at://did:plc:bxf4yiwm5pburitexxrwc6ya/app.bsky.feed.generator/aaaedfhiiapdo
NFT Listings,2024-12-12T20:18:53.947Z,4,0,license-token.com,Trending NFT listings for the most important marketplaces.,at://did:plc:evs3r7x66yqpvlqkwfzku2dw/app.bsky.feed.generator/aaalxdfvtq26k
Nor(Dev): Con,2025-07-29T00:59:16.808Z,4,0,tom.sherman.is,@nor.dev conference feed,at://did:plc:2xau7wbgdq4phuou2ypwuen7/app.bsky.feed.generator/nordevcon
AT Toolbox,2025-07-29T00:55:33.008Z,4,0,baileytownsend.dev,This feed captures anyone talking about AT Toolbox as well as iOS Shortcuts in the context of atprotocol,at://did:plc:rnpkyqnmsw4ipey6eotbdnnf/app.bsky.feed.generator/attoolbox
Magic: The Gathering,2023-07-26T00:01:46.468Z,4,0,maxmakesmagic.com,Gathering Magic content from BlueSky for you!,at://did:plc:c57f7eyj7furvj5aoznxegze/app.bsky.feed.generator/alandra
Rust,2024-11-23T00:40:57.263Z,4,0,steveklabnik.com,A feed tracking #rustlang,at://did:plc:3danwc67lo7obz2fmdg6jxcr/app.bsky.feed.generator/aaafm5trecmo4
Kimster's Skeets,2024-05-27T21:03:01.560Z,4,0,ennuidoofen.bsky.social,,at://did:plc:7bv2ca3yawj662o7qxd5xyt7/app.bsky.feed.generator/aaalxwbzpp33o
NeonSlushie Art,2023-10-07T16:56:16.317Z,4,0,neonslushie.com,You can find my artwork here!,at://did:plc:wly57tgt7riwts4z76vqqeqt/app.bsky.feed.generator/aaaal7j2x2m6m
Bread!,2024-12-17T07:56:13.149Z,4,0,allyann.bsky.social,All things bread,at://did:plc:3sn6bogankaicebzdb7liro3/app.bsky.feed.generator/aaal43qoew5mi
MILF Material,2025-07-29T01:01:03.104Z,4,0,realmilfs.love,"Creators that would make great moms, but are not currently moms.   SW owned by @realmilfs.love  Tracking #milfmaterial",at://did:plc:x2whmtldm45y65l6gpav5lfz/app.bsky.feed.generator/milfmaterial
James Posts (ugh),2025-01-10T22:14:26.852Z,4,0,james.tarnation.lol,Good luck. Don't dig too deep.,at://did:plc:3m5c2aiko7heyjmwbrkp3ym5/app.bsky.feed.generator/aaaferbe6przu
Gm/Gn,2023-06-15T12:50:31.445Z,4,0,flicknow.xyz,All Gm and Gn posts from the whole network,at://did:plc:wzsilnxf24ehtmmc3gssy5bu/app.bsky.feed.generator/gmgn
Flurfunkenflug pur!,2025-10-16T19:02:58.261Z,4,0,flrfnk.de,Der Flurfunk funkt hier pur ohne Reposts oder Replys.,at://did:plc:cvpyi2zrepeut4ygzswsf3jr/app.bsky.feed.generator/aaal5bxyeorr6
My Blorts,2025-01-13T21:27:23.157Z,4,0,gensibayan.bsky.social,My Blorts,at://did:plc:apgpr2xxvgrnxorundd6pbzg/app.bsky.feed.generator/aaagddjkhvfbs
FPL Price Feed,2024-11-20T06:02:31.184Z,4,0,fpljared.football,"FPL Price Changes, Warnings and Info Sourced from 15 Accounts (and growing)   Curated to focus on Keywords to do with price changes, and player values (3.7m-15.5m)  Excluded list of words carried over from:  FPL Feeds on BlueSky - https://bsky.app/profile/fpljared.football/feed/aaadnwadpd7ga",at://did:plc:7ohsa3mwvom7qufgubq5ktae/app.bsky.feed.generator/aaaeqcpytkxoa
Не хворійте,2023-09-30T15:10:57.350Z,4,0,dovgonosyk.bsky.social,"Стрічка, де можна побажати одужання тим, хто хворіє",at://did:plc:qgy7vt74xmouisyslwm3fgfj/app.bsky.feed.generator/aaaol6j5olxxa
FUUUCK,2024-03-21T06:52:05.906Z,4,0,jakei.bsky.social,"FUUUCK is any post/reply with ""fuck"" using 3 or more U's",at://did:plc:vjyot2w7zeomrslomwpfxirl/app.bsky.feed.generator/aaanwwpfnspwc
GalaSky,2025-07-29T00:59:35.006Z,4,0,brainchain.ca,"A feed for discussion of the 2025 MetGala. Use the hashtag #️⃣ GalaSky.   With your hosts Kate @brainchain.bsky.social , Zamira @zamirarahim.bsky.social, @wiredferret.bsky.social, Cypriande @cypriande1209.bsky.social, and Michael @mjmimages.bsky.social",at://did:plc:tc64ppbzqxgyosog5dqutnkd/app.bsky.feed.generator/galasky
Blue Eyed Babes,2025-08-26T20:57:40.009Z,4,0,realnsfw.social,(moots & #blueEyes),at://did:plc:db645kt5coo7teuoxdjhq34x/app.bsky.feed.generator/aaaniuuchxct6
Bluesky Germany,2023-06-11T09:23:20.338Z,4,0,handle.invalid,All german posts on bluesky. Aggregated into one feed. Enjoy!,at://did:plc:5s7z6ngkjck5gbwwyww7u6p7/app.bsky.feed.generator/bsky-germany
The Blue Sky Post,2023-08-13T15:29:00.536Z,4,0,stephanekenech.com,Feed media en français,at://did:plc:vo3jptnawxenjiicoz5fjbcp/app.bsky.feed.generator/aaao4ngvj2vjq
ATProto Posts,2023-10-21T19:10:00.945Z,4,0,kellyinpixels.bsky.social,All posts about AT Protocol and Skyfeed,at://did:plc:jvc2so67xugvhspmnsfjekeb/app.bsky.feed.generator/aaaeifyon7wgg
Personasama art,2023-07-24T15:12:04.558Z,4,0,persona.bsky.social,Art feed of Personasama,at://did:plc:755iakaobnmfqlbdoyojat5s/app.bsky.feed.generator/aaait2rkf73ko
Trust & Safety Chat,2024-04-02T20:44:21.737Z,4,0,jaz.co.uk,"Conversations about Trust and Safety, and community / content moderation.",at://did:plc:zqeneaobrxkk4u2dc255sobg/app.bsky.feed.generator/aaapcm3t7dxj4
Starlight,2025-08-22T06:23:48.704Z,4,0,hideoo.dev,"Feed including anything related to Starlight, the documentation theme built on top of the Astro framework.",at://did:plc:n2bc7yctwi2h4twqywulfl5s/app.bsky.feed.generator/aaab7iac4q5fw
かわいいお菓子・きれいなお菓子,2024-02-19T02:37:28.505Z,4,0,neohimeism.bsky.social,かわいいお菓子・きれいなお菓子の個人まとめ,at://did:plc:3nwkfnr3kw464kdmywbkeuqs/app.bsky.feed.generator/18dbf349f13b3d2
IrishWolfhounds,2024-11-14T07:21:23.277Z,4,0,jakei.bsky.social,pictures of irish wolfhounds,at://did:plc:vjyot2w7zeomrslomwpfxirl/app.bsky.feed.generator/aaactczhex34u
Scissoring 🔞,2025-10-22T23:20:47.958Z,4,0,gonewild.social,"Lesbians scissoring  Anyone can post, use #scissoring",at://did:plc:i5t7odtmmv7gtawckadaf6v4/app.bsky.feed.generator/scissoring
#Rap,2023-09-28T01:02:02.108Z,3,0,francesko.bsky.social,Posts with the #rap hasthtag are on this feed.,at://did:plc:2e722nqdw6bw7x3nd4o5wzz5/app.bsky.feed.generator/aaanrxqazj4cs
moaw's artfeed,2023-07-18T12:14:16.685Z,3,0,moaw.art,an art feed dedicated to moaw's pixel art,at://did:plc:sw3wurclxx3o7by4rhy7j24n/app.bsky.feed.generator/aaacr35yupjf4
Newsmast Firehose,2024-07-03T08:40:06.622Z,3,0,newsmastfoundation.org,"⚠️Beta⚠️  This Feed brings together all of Newsmast's curated Communities, which connect conversations from across the social web - Mastodon, Threads, the Fediverse & Bluesky 🕸️  See something interesting? Follow @ap.brid.gy to interact.  Run by @newsmastfoundation.org Try Newsmast www.newsmast.org",at://did:plc:vnycpb2e4lh4tc7oyr3n2jvh/app.bsky.feed.generator/aaafir7iol3iw
Born Miserable Bangers,2025-05-08T08:03:38.944Z,3,0,sireviscerate.myatproto.social,,at://did:plc:2wtsa2p73r3lsfyenwlu6zrx/app.bsky.feed.generator/aaak5zh3f6d3q
papersky Top (all-time),2024-12-10T16:02:13.058Z,3,0,papersky.app,All-time most popular posts containing DOIs.,at://did:plc:4wpgom4wzwrqsak6g35dt2au/app.bsky.feed.generator/popular_all_time
LizBangers,2023-10-12T20:04:43.490Z,3,0,jakei.bsky.social,Liz (@lizzzard.bsky.social) posts sorted by most likes.,at://did:plc:vjyot2w7zeomrslomwpfxirl/app.bsky.feed.generator/aaajevz2qksew
Pugs,2024-11-14T05:24:42.880Z,3,0,jakei.bsky.social,pictures of pugs,at://did:plc:vjyot2w7zeomrslomwpfxirl/app.bsky.feed.generator/aaacsie23kg4u
Enby Gone Wild,2025-07-29T14:49:13.106Z,3,0,gonewild.social,"Nonbinary-only version of the GoneWild feed <3 Lewds, nudes, porn, etc  Verified creators only. Apply to join our feeds network at babesky.com/request",at://did:plc:i5t7odtmmv7gtawckadaf6v4/app.bsky.feed.generator/nb
Lollapalooza 2023,2023-08-02T20:00:42.647Z,3,0,parkermolloy.com,"Feed for Lollapalooza, Chicago, IL, August 3-6, 2023",at://did:plc:hf7ezrajxadu7v3tzcyij424/app.bsky.feed.generator/aaalrtq5ydypc
Aphantasia,2025-07-28T23:37:27.210Z,3,0,franklinseal.bsky.social,"A feed for everything related to aphantasia, the very normal ""blind mind's eye"" flavor of mental perception experienced by approximately 3-5% of humans. Also, other forms: audio, smell, etc.  Tracking: aphantasia aphant hyperphantasia prosopagnosia SDAM  BlueskyFeedCreator.com",at://did:plc:rtv7v6rrk4geb64yk77r5vfr/app.bsky.feed.generator/aphantasia
HAIM,2025-07-28T23:37:15.103Z,3,0,franklinseal.bsky.social,"Everything about the band HAIM, the best thing to come out of LA since In-And-Out-Burger, The Dodgers and Licorice Pizza. Follows #haim",at://did:plc:rtv7v6rrk4geb64yk77r5vfr/app.bsky.feed.generator/haim
Gaia Theory,2025-07-28T23:37:22.008Z,3,0,franklinseal.bsky.social,"Gaia theory (aka Gaia hypothesis): Hard nosed science that shows Earth is a single self-organizing system maintaining homeostasis, the conditions for life, despite changes to its environment. We live within and are a part of a vast living organism. That ought to blow your mind. Follows #gaiatheory ",at://did:plc:rtv7v6rrk4geb64yk77r5vfr/app.bsky.feed.generator/gaiatheory
#wip,2023-05-22T13:44:06.297Z,3,0,skyfeed.xyz,Posts with #wip from the whole network,at://did:plc:tenurhgjptubkk5zf5qhi3og/app.bsky.feed.generator/h-wip
🌈LGBTQ Businesses,2024-11-15T04:00:02.642Z,3,0,lgbtqiahub.com,An algorithm to support LGBTQ Business on the network. Use #LGBTQBusiness to add a single post.,at://did:plc:pctj3ivofsa25f257v4zieuv/app.bsky.feed.generator/aaac3ktorleqq
CHICAGO,2025-10-21T16:01:00.459Z,3,0,fuzhenfan.bsky.social,A collection of Chicago users  BlueskyFeedCreator.com Donate: https://blueskyfeedcreator.com/p/fuzhenfan.bsky.social/Chicago#donate,at://did:plc:vcawhfetspikrfnesjafz4gy/app.bsky.feed.generator/Chicago
Помиральна яма,2024-04-11T13:38:33.088Z,3,0,dovgonosyk.bsky.social,"Не засмучуйтесь, все буде перемога",at://did:plc:qgy7vt74xmouisyslwm3fgfj/app.bsky.feed.generator/aaajtbdy2tr5e
#google,2023-05-22T13:44:15.297Z,3,0,skyfeed.xyz,Posts with #google from the whole network,at://did:plc:tenurhgjptubkk5zf5qhi3og/app.bsky.feed.generator/h-google
#followfriday,2023-05-22T13:44:09.796Z,3,0,skyfeed.xyz,Posts with #followfriday from the whole network,at://did:plc:tenurhgjptubkk5zf5qhi3og/app.bsky.feed.generator/h-followfriday
#facts,2023-05-22T13:44:44.129Z,3,0,skyfeed.xyz,Posts with #facts from the whole network,at://did:plc:tenurhgjptubkk5zf5qhi3og/app.bsky.feed.generator/h-facts
#langsky,2023-05-22T13:44:34.461Z,3,0,skyfeed.xyz,Posts with #langsky from the whole network,at://did:plc:tenurhgjptubkk5zf5qhi3og/app.bsky.feed.generator/h-langsky
Star's Tolkien QOTDs,2024-04-09T01:57:17.821Z,3,0,jakei.bsky.social,"@starshine.bsky.social Tolkien ""Quote of the Day"" posts",at://did:plc:vjyot2w7zeomrslomwpfxirl/app.bsky.feed.generator/aaajfjm7e4ek6
Котики,2023-09-23T00:50:49.715Z,3,0,dovgonosyk.bsky.social,"Стрічка зі скітами, де згадуються котики",at://did:plc:qgy7vt74xmouisyslwm3fgfj/app.bsky.feed.generator/aaal5v4hpv2lo
Star Trek: Generations,2024-12-09T11:26:25.808Z,3,0,earlgreymemes.club,a very sparse feed for Star Trek: Generations,at://did:plc:hopmtyvc3dhv62ofiuzii5t7/app.bsky.feed.generator/aaaeednclxth4
Section 31,2025-10-25T21:52:52.060Z,3,0,earlgreymemes.club,Star Trek: Section 31 #Section31 #StarTrek  [ID: Georgiou sits with legs spread],at://did:plc:hopmtyvc3dhv62ofiuzii5t7/app.bsky.feed.generator/aaamqwjg4tsi4
Neelix,2025-10-25T21:51:45.662Z,3,0,earlgreymemes.club,"Neelix, the most versatile member of our crew, Ambassador to the Delta Quadrant, chef, Morale Officer, trade negotiator, navigator on the USS Voyager  (all mentions of Neelix)  [ID: portrait of Neelix standing with hands folded politely, head slightly bowed, smiling]",at://did:plc:hopmtyvc3dhv62ofiuzii5t7/app.bsky.feed.generator/aaalddtxx7jpw
CommissionArt+Openings,2023-08-14T22:02:20.524Z,3,0,reilukah.bsky.social,Reilukah's Commissioned Art and some announcements & updates posts  ----------------- Commissions at t.me/ReilukahArt Check my linkt.ree for pricing & other links  For detailed pieces I sometimes I post close-ups in the comments section and they don't all show up in this feed.,at://did:plc:bzrneq7hkfbyjmqztnnexujc/app.bsky.feed.generator/aaaitqzofvoau
🔝 #bigboobs,2025-07-29T00:50:01.003Z,3,0,missmeringue.love,"trending big boobs, minor filtering  #bigboobs #bigtits #hugeboobs #hugetits",at://did:plc:2j4w2o4xmkbheromzo73r5sv/app.bsky.feed.generator/bigboobsv2
Please clap,2025-02-07T07:22:47.448Z,3,0,oracularhades.com,Give them a clap,at://did:plc:wtdzzfgzjpirnk5wvpjutqoy/app.bsky.feed.generator/aaan6smmye3wi
Jerry LMAO / Jerry Lol,2025-01-29T11:56:14.751Z,3,0,oracularhades.com,"Detects ""JERRY LMAO*"" and ""JERRY LOL*"" (not case-sensitive).",at://did:plc:wtdzzfgzjpirnk5wvpjutqoy/app.bsky.feed.generator/aaald2rkhbvt6
WrestleSky,2025-05-25T03:21:35.446Z,3,0,bluetrends.bsky.social,Latest posts and live commentary from the WrestleSky event featuring match insights and reactions.  Create your own feed with https://bluefacts.app/feed-builder ,at://did:plc:dnne5gbk6yjt4ej7as4x3ikl/app.bsky.feed.generator/wrestling-event
WPlace,2025-08-13T22:06:26.007Z,3,0,bluetrends.bsky.social,"Pixel art and community discussions on WPlace, featuring creations, critiques, and digital art insights.  Create your own feed with https://bluefacts.app/feed-builder ",at://did:plc:dnne5gbk6yjt4ej7as4x3ikl/app.bsky.feed.generator/wplace
みんなの味噌,2023-11-14T10:54:52.444Z,3,0,itokonn.bsky.social,家庭の数だけこだわりの味噌がある,at://did:plc:qq4q5nsxhl4m7gmvnf7mdgek/app.bsky.feed.generator/18bcca2aae4ec19
一目惚れ,2023-08-14T16:47:14.794Z,3,0,itokonn.bsky.social,みんなが一目惚れしたもの。運命の出会い,at://did:plc:qq4q5nsxhl4m7gmvnf7mdgek/app.bsky.feed.generator/aaankvxa2gtho
Japanese music,2024-08-31T16:22:19.709Z,3,0,michaelshallcross.bsky.social,A feed showing every post from the last seven days that mentions one of a range of Japanese musicians,at://did:plc:b6ena7xcunbhssmriguovl6y/app.bsky.feed.generator/aaakrwbk77utc
蝶 (ちょうちょ),2024-09-06T10:05:33.237Z,3,0,feed-navi.bsky.expert,Blueskyを飛び交う蝶を集めます🦋,at://did:plc:hsf6h23omw3jphz27kfeqqy2/app.bsky.feed.generator/aaahpkodzvntq
USMNT,2025-06-30T03:11:08.737Z,3,0,bluetrends.bsky.social,"Insights and updates on USMNT performance, roster, and Gold Cup action.  Create your own feed with https://bluefacts.app/feed-builder ",at://did:plc:dnne5gbk6yjt4ej7as4x3ikl/app.bsky.feed.generator/usmnt
✨🦗🦗🦗Dawner's Furry Art,2024-11-08T10:11:23.585Z,3,0,thedawner.bsky.social,Furry/Creature art only!,at://did:plc:qudfhdxzcnp4y34ezalz5iep/app.bsky.feed.generator/aaabfgm5l7d74
Drawpile,2023-08-27T12:53:31.693Z,3,0,ubanis.com,Drawpile post (include drawpile word and image) https://drawpile.net/,at://did:plc:lmftezsq52hi53taz762s7pc/app.bsky.feed.generator/aaag5ogddvpzo
my posts,2025-04-24T19:40:53.987Z,3,0,lanyardigan.bsky.social,my posts,at://did:plc:2ji4cmweqk4lpn6fsyraot7i/app.bsky.feed.generator/aaagst5qokuyq
nthlwd OC,2023-08-15T11:16:11.881Z,3,0,nthlwd.bsky.social,Original characters,at://did:plc:z6nafmwgt4n7sqrraqa7ei4t/app.bsky.feed.generator/aaapuztjjil2c
Project Push - Breaking,2025-07-29T00:51:59.012Z,3,0,tk.gg,Breaking News only from Project Push,at://did:plc:t5cvelfm3ei2vcalcy7slrei/app.bsky.feed.generator/breaking-news
#SCSC2023,2023-10-26T17:05:44.311Z,3,0,lhaasis.bsky.social,Feed for all posts relating to the Sixteenth Century Society Conferency in Baltimore 2023. The Conference hashtag is #scsc2023,at://did:plc:fncb35b5lcyhvug2ahjjolya/app.bsky.feed.generator/aaagzad6msk3w
Advent of Code,2024-12-04T15:13:59.659Z,3,0,robpc.com,"All mentions, links, and hashtags for the coding challenge at adventofcode.com",at://did:plc:gkvpokm7ec5j5yxls6xk4e3z/app.bsky.feed.generator/advent-of-code
Virtual Fashion,2025-07-11T20:25:51.140Z,3,0,aiyoku.xyz,Show off virtual avatars & talk about virtual fashion in this feed by using #VirtualFashion in your posts.,at://did:plc:kjnet2viyumgkqtjnzo6y4pz/app.bsky.feed.generator/aaapffouu6nci
Avowed,2025-02-18T22:10:13.854Z,3,0,tulipsocial.com,Avowed is a first-person fantasy RPG set in the world of Eora,at://did:plc:ksl6aeeojwgfafuswlhucmne/app.bsky.feed.generator/avowed
Halloween Feed,2023-10-07T01:37:49.460Z,3,0,rabbitholer.bsky.social,A temporary feed for Halloween 2023,at://did:plc:v336bgjhyj5suvc6ds5vkckg/app.bsky.feed.generator/aaaac5itsem2o
BOOTH Listings,2025-07-19T13:07:35.640Z,3,0,aiyoku.xyz,A feed for sharing items that are available to purchase on the online marketplace known as BOOTH. Use the hashtag #booth_pm to have your posts (not replies & reposts) appear in the results.  BlueskyFeedCreator.com,at://did:plc:kjnet2viyumgkqtjnzo6y4pz/app.bsky.feed.generator/aaajblrm4ejcq
Dev Watching 👀,2025-07-29T00:27:38.509Z,3,0,wanderlingworld.bsky.social,"Like birdwatching, but with devs.",at://did:plc:odqmsar3ikz5ubokya4sempk/app.bsky.feed.generator/aaajybnqz6q3o
tangled notifications,2025-07-28T23:52:31.205Z,3,0,oppi.li,all posts from @tanglifications.zio.blue,at://did:plc:qfpnj4og54vl56wngdriaxug/app.bsky.feed.generator/tangled-notific
花火,2024-02-20T14:56:29.093Z,3,0,itokonn.bsky.social,たーまやー,at://did:plc:qq4q5nsxhl4m7gmvnf7mdgek/app.bsky.feed.generator/aaaluavvwl2na
じゃがいも村,2024-02-20T14:56:02.955Z,3,0,itokonn.bsky.social,じゃがいも村役場と周辺の人々,at://did:plc:qq4q5nsxhl4m7gmvnf7mdgek/app.bsky.feed.generator/aaajzy4rnlvou
topic bluesky,2024-02-15T14:17:10.289Z,3,0,why.bsky.team,topic detection based feed,at://did:plc:vpkhqolt662uhesyj6nxm7ys/app.bsky.feed.generator/topic-bluesky
topic music,2024-03-25T17:01:24.170Z,3,0,why.bsky.team,topic detection based feed,at://did:plc:vpkhqolt662uhesyj6nxm7ys/app.bsky.feed.generator/topic-music
Axios links,2024-10-07T15:04:38.273Z,3,0,jacqueschrag.com,,at://did:plc:myqnyt5fcnaxbiubhaqzhazw/app.bsky.feed.generator/aaago5yh5evpe
My VTuber Resources,2024-06-28T18:19:47.481Z,3,0,aiyoku.xyz,This feed is meant to compile the various resources I've specifically created for the VTuber sphere.  Feed image is a Post-It-Note commission from Orion (@ovaettr.gay).,at://did:plc:kjnet2viyumgkqtjnzo6y4pz/app.bsky.feed.generator/aaacoyuwwk3tc
羽子田チカさん用フィード,2025-08-21T03:29:47.805Z,3,0,so-asano.com,,at://did:plc:pxwzal3aspfg2xnbbt2fjami/app.bsky.feed.generator/aaafsllqrxcfo
blue_love,1970-01-01T00:00:00.000Z,3,0,so-asano.com,はじめから遊びたい時だけこのフィードを購読してください,at://did:plc:pxwzal3aspfg2xnbbt2fjami/app.bsky.feed.generator/blue_love-5
Vids of Vids,2025-01-26T02:21:07.453Z,3,0,so-asano.com,"Like a post with video, and the feed changes its scenery.",at://did:plc:pxwzal3aspfg2xnbbt2fjami/app.bsky.feed.generator/vids-of-vids
Dream Journal ,2025-01-19T12:28:09.548Z,3,0,sidebangsmusic.com,My dreams and nightmares and other posts about dreams,at://did:plc:3m2kspgf4l5vomio76ihjjlk/app.bsky.feed.generator/aaah5bhw7gcim
pie,2024-12-27T16:52:40.749Z,3,0,sidebangsmusic.com,My ode to pies.  Stay tuned for our bakesale.,at://did:plc:3m2kspgf4l5vomio76ihjjlk/app.bsky.feed.generator/aaaar6rq2ye6i
Holzminden,2023-10-06T19:58:50.103Z,3,0,drkeichhorn.bsky.social,Alles über Holzminden!,at://did:plc:l4lyvq6o3i5p3o373fvq2ebw/app.bsky.feed.generator/aaaami3ovpq7k
emmapixels's art,2023-08-01T11:23:34.569Z,3,0,emmapixels.com,All the art I've posted on Bluesky!,at://did:plc:bix3hv76hqt7fuqewgff46m7/app.bsky.feed.generator/aaaleu3k7ng5g
What’s Goose,2023-07-22T00:00:29.426Z,3,0,goose.art,Posters that currently bear the blessing of the goose,at://did:plc:hsqwcidfez66lwm3gxhfv5in/app.bsky.feed.generator/aaahyy5pnrbwa
Tea Time 🍵,2024-11-18T19:12:57.981Z,3,0,goose.art,Simple feed that shows posts that say tea time and include the 🍵 emoji. A place for tea lovers to get together and share their tea love 💚,at://did:plc:hsqwcidfez66lwm3gxhfv5in/app.bsky.feed.generator/aaaebjyqyli6e
"Tech, Socials, & Online",2025-08-31T17:40:29.005Z,3,0,sweetbee.vip,"Posts from a curated list of devs in and outside of the Bluesky and AT Proto space, various current and previous social media employees and founders, software and other tools and the people building them, reputable accounts reporting on tech, and so on.  (Work in progress)",at://did:plc:lcytlkvzs3wslcgbk7i3ygak/app.bsky.feed.generator/tech
坂木原レム作品関連,2025-08-01T08:39:30.605Z,3,0,sakakibara-rem.com,告知ポストや落書き、その他商業漫画作品の情報などを集めたフィード,at://did:plc:a2llsklgeauaqvsadhdzimvf/app.bsky.feed.generator/aaaiqqwkqovgu
Pokemon,2025-02-27T16:21:44.849Z,3,0,sweetbee.vip,,at://did:plc:lcytlkvzs3wslcgbk7i3ygak/app.bsky.feed.generator/aaaeqntuajzli
WWDC,2025-07-29T14:50:37.607Z,3,0,j4ck.xyz,Feed for each year of #WWDC!,at://did:plc:4hawmtgzjx3vclfyphbhfn7v/app.bsky.feed.generator/wwdc
UVA w/o sports,2025-05-04T08:59:40.985Z,3,0,literaturegeek.bsky.social,Posts that reference UVA (the university) except stuff about UVA sports teams is removed,at://did:plc:quschouau47zm4f3ntsw7j5y/app.bsky.feed.generator/aaac42pt3rik2
#DHmakes media posts,2025-04-29T10:10:12.981Z,3,0,literaturegeek.bsky.social,"Last 7 days of media posts using the #DHmakes hashtag. See ""#DHmakes firehose"" for all #DHmakes posts (media or not) and replies. #DHmakes is a way for digital humanities -ish folks to share/chat/ask questions about crafting, making, etc. (but the crafting doesn't need to be DH-related!)",at://did:plc:quschouau47zm4f3ntsw7j5y/app.bsky.feed.generator/aaadf5zqsbq24
#ClimateBrawl,2024-12-15T22:02:47.249Z,3,0,davidsacerdote.bsky.social,#CLimateBrawl  Used to summon people who can counter climate misinformation and disinformation,at://did:plc:o4s55v3tsfph6whswxccpsia/app.bsky.feed.generator/aaaism3wdjrbc
Top 8,2023-06-23T02:09:33.679Z,3,0,jcsalterego.bsky.social,https://top8.goodfeeds.co/profile/jcsalterego.bsky.social,at://did:plc:vc7f4oafdgxsihk4cry2xpze/app.bsky.feed.generator/top-8
strange stories,2025-01-13T17:25:59.647Z,3,0,gorl.gay,strange story reccs from HL,at://did:plc:c5lcwcbubqa3rvbjq4awpy7q/app.bsky.feed.generator/aaafzr2xs32f6
Whump,2025-07-29T00:44:27.402Z,3,0,aimeecozza.com,"For things related to #whump. May include NSFW, body horror, and more, so please browse at your own risk. No AI, no NFT, no spamming, violators will be blocked from the feed.",at://did:plc:orwmq33pobteowpzc5gzwwil/app.bsky.feed.generator/whump
My Photos as Art Refs :),2025-02-20T18:59:17.855Z,3,0,daryllmarie.bsky.social,Just a place where I can save posts by artists using my photos as art refs because they bring me so much joy to look at <3,at://did:plc:ffkgesg3jsv2j7aagkzrtcvt/app.bsky.feed.generator/photosasart
Clify skeets,2023-12-07T01:39:29.088Z,3,0,clify.bsky.social,clify skeets,at://did:plc:uyjyyf4aqzjgwowmlvp6xi27/app.bsky.feed.generator/aaab6wfodzjek
Trade Policy II,2025-05-28T20:33:28.944Z,3,0,simonlester.com,This feed is based on all posts/skeets using certain terms (e.g. free trade) from a number of major media outlets.  BlueskyFeedCreator.com,at://did:plc:xqzu2eazvxb5fohoc4nap33y/app.bsky.feed.generator/tradepolicy
Heliophysics (Astro),2025-03-03T20:11:51.549Z,3,0,emily.space,A science-oriented feed about heliophysics! Part of the Astronomy feeds network. Astronomers can sign up to post here via @bot.astronomy.blue Contains posts from signed up users with #heliophysics or #solarastro. Posts here are also included in the main Astronomy feed.,at://did:plc:jcoy7v3a2t4rcfdh6i4kza25/app.bsky.feed.generator/solar
Brut & Outsider Art 🎲,2025-12-25T23:02:27.531Z,3,0,yannoehl.bsky.social,"Mostly brut, naïve, and outsider art. Some neoexpressionism thrown in for good measure. Raw, personal and unique.  This feed is curated and intentionally randomized. To be thrown into the mix include #outsiderart or #artbrut somewhere in your post or alt txt. Only posts with media are considered.",at://did:plc:ylniktydmweivveydqegruet/app.bsky.feed.generator/aaab2l7uh3lc4
The Painted Word 🎲,2025-12-23T00:03:22.438Z,3,0,yannoehl.bsky.social,"A feed focusing on visual poetry, asemic text, and letterforms as art.  This feed is curated and intentionally randomized. To be thrown into the mix include #asemicart or #vispo somewhere in your post or alt txt. Only posts with media are considered.",at://did:plc:ylniktydmweivveydqegruet/app.bsky.feed.generator/aaaobgjar33jm
Brut & Outsider Art,2025-12-25T23:02:19.237Z,3,0,yannoehl.bsky.social,"Mostly brut, naïve, and outsider art. Some neoexpressionism thrown in for good measure. Raw, personal and unique.  This feed is curated and sorted by recency. To be thrown into the mix include #outsiderart or #artbrut somewhere in your post or alt txt. Only posts with media are considered.",at://did:plc:ylniktydmweivveydqegruet/app.bsky.feed.generator/aaaoajb325jyg
Glitch / Art / Error 🎲,2025-12-11T16:10:39.936Z,3,0,yannoehl.bsky.social,Glitch and other forms of beauty born of error. Celebrating failure as a generative force.  This feed is curated and intentionally randomized. To be thrown into the mix include #glitchart somewhere in your post or alt txt. Only posts with media are considered.,at://did:plc:ylniktydmweivveydqegruet/app.bsky.feed.generator/aaancf3xbiegk
Bluesky Starter Packs,2025-07-29T14:40:26.004Z,3,0,j4ck.xyz,"A feed to discover new Bluesky Starter Packs!  -To be included, your post needs: --> have go.bsky.app included anywhere.",at://did:plc:4hawmtgzjx3vclfyphbhfn7v/app.bsky.feed.generator/bstarterpack
bloomberg links,2024-05-28T22:45:42.251Z,3,0,davidsacerdote.bsky.social,bloomberg links,at://did:plc:o4s55v3tsfph6whswxccpsia/app.bsky.feed.generator/aaaf3fcwpaapi
AppSec,2024-11-20T20:42:15.824Z,3,0,ike.io,AppSec industry feed -- tries to cover a large area without being spammy or redundant.,at://did:plc:fbf6i232h5yd753w4yge37w4/app.bsky.feed.generator/aaaevmoerzreq
Blukkake,2025-07-29T00:46:18.306Z,3,0,illumi.meme,TikTok 2,at://did:plc:oqbijttmayqui2xv3e2xwcdz/app.bsky.feed.generator/bsky-video
Traditional Art,2023-08-14T21:59:08.107Z,3,0,reilukah.bsky.social,"Traditional art, lots of wips.  I mostly paint small and with gouache, watercolor, ink, copics and more",at://did:plc:bzrneq7hkfbyjmqztnnexujc/app.bsky.feed.generator/aaapnp3v6xglg
NinGeko's Art Feed,2023-10-23T17:36:29.495Z,3,0,ningeko.bsky.social,"All of Ningeko's finished/fully-rendered works go here, yes, even the spicy ones",at://did:plc:2sd35sdunqrrbcmgmhkaw6zq/app.bsky.feed.generator/aaaiw5t44rafs
PostOnly,2024-11-07T19:04:05.584Z,3,0,spleenly.bsky.social,"A feed that will always be empty, allowing you to post without reading about the ongoing horribleness. Make it your home feed!",at://did:plc:s7sl7xitpx3fxmtj3fz4u7nl/app.bsky.feed.generator/aaaap6ordgbe6
Mastiffs,2024-11-14T04:57:00.980Z,3,0,jakei.bsky.social,pictures of mastiffs,at://did:plc:vjyot2w7zeomrslomwpfxirl/app.bsky.feed.generator/aaacsb2sbu3da
Freakshow,2024-12-15T19:04:11.457Z,3,0,capnwatsisname.bsky.social,Marf would hate this.,at://did:plc:efdtjcx67l6vpztu7muhp64s/app.bsky.feed.generator/aaaesxf5eb7wq
Loveys,2024-12-15T18:57:25.458Z,3,0,capnwatsisname.bsky.social,"neighbors, beauties",at://did:plc:efdtjcx67l6vpztu7muhp64s/app.bsky.feed.generator/aaae6n2jf5iji
Unmehlievable's Posts,2025-02-27T22:42:55.049Z,3,0,ennuidoofen.bsky.social,,at://did:plc:7bv2ca3yawj662o7qxd5xyt7/app.bsky.feed.generator/aaadweqyc656e
Portland Chatter,2025-01-24T02:58:15.557Z,3,0,theportlandhub.bsky.social,"***THIS IS A TEST***  Follow @theportlandhub.blsky.social to be added to this feed.  I am manually adding accounts, so bear with me.  Please let me know if you would like to be removed from this feed, or see anything that warrants an account being removed.  Thank you and enjoy!",at://did:plc:reniiimdldaqvwowaaez4vsa/app.bsky.feed.generator/aaajmj6w7xn6a
🇺🇦 ❤️5+,2025-01-20T07:58:54.947Z,3,0,bsky.one,"Пости з 5 і більше лайків.  ⚠️⚠️⚠️ Якщо стрічка пуста, включіть українську в налаштуваннях в розділі Content languages.",at://did:plc:dvgliotey33vix3wlltybgkd/app.bsky.feed.generator/likes-plus
🇺🇦 🔁3+,2025-01-20T07:58:54.754Z,3,0,bsky.one,"Пости з 3 і більше репостів.  ⚠️⚠️⚠️ Якщо стрічка пуста, включіть українську в налаштуваннях в розділі Content languages.",at://did:plc:dvgliotey33vix3wlltybgkd/app.bsky.feed.generator/reposts-plus
Litmags,2024-11-17T15:14:29.648Z,3,0,inkfishmagazine.bsky.social,A curated feed of literary magazines and litmag folks. Send us a DM if you're a Litmag and you'd like to be added!,at://did:plc:umxuuowjv7qzudv7o53akim5/app.bsky.feed.generator/aaaduvtfzgumo
OnlyMurderbot,2025-07-29T01:03:44.107Z,3,0,clarabelle.xyz,all things murderbot,at://did:plc:geoqe3qls5mwezckxxsewys2/app.bsky.feed.generator/murderbot
mostlysharks,2024-12-14T10:12:40.350Z,3,0,capnwatsisname.bsky.social,,at://did:plc:efdtjcx67l6vpztu7muhp64s/app.bsky.feed.generator/aaad2u5cvdp24
ITL Online 2025,2025-03-15T03:38:07.167Z,3,0,mmatt.net,Posts all about the biggest ITGMania Event of the year! Join us at ITL2025.groovestats.com,at://did:plc:tas6hj2xjrqben5653v5kohk/app.bsky.feed.generator/aaaj4wclvycum
talk engineering to me,2025-09-19T09:08:07.104Z,3,0,missmeringue.love,posts from engineering accounts!,at://did:plc:2j4w2o4xmkbheromzo73r5sv/app.bsky.feed.generator/engineeringtalk
cred.blue,2025-07-29T00:58:34.210Z,3,0,cred.blue,Posts containing screenshots and links for the Alt Text Rating tool or mentions of cred.blue. Find the alt text tool here: https://dame.is/ratingalttext,at://did:plc:7lazllqgiktcts3gs4i6xtv6/app.bsky.feed.generator/cred-blue
US President News,2025-10-04T14:47:09.257Z,3,0,matthewkollmer.com,Posts from news organizations about the US president.,at://did:plc:fduxc427q3rz67nroolds64p/app.bsky.feed.generator/aaagh5qnggrxa
Phoenix,2025-07-29T14:46:49.508Z,3,0,j4ck.xyz,A feed for posts about the Phoenix Client for Bluesky!,at://did:plc:4hawmtgzjx3vclfyphbhfn7v/app.bsky.feed.generator/phnx
Bruno Art,2023-08-03T12:41:09.630Z,3,0,blabel.me,"Commissions and Art/Media featuring Bruno, Blabel's fursona",at://did:plc:a5qpkzrcjhxa7rcn4wnap6ft/app.bsky.feed.generator/aaalyy4thqn6g
NicoLive,2024-05-15T22:15:38.641Z,3,0,wangdora.jp,配信たん2からの配信開始通知を表示します。 Since : 2023/12/17,at://did:plc:cgl62jlhroosxyjkaffidnon/app.bsky.feed.generator/aaagf3r7xmwa2
Abolition News,2025-07-29T00:20:45.207Z,3,0,fema.monster,"Abolition news  Filtered news posts from the abolition feed.",at://did:plc:lptjvw6ut224kwrj7ub3sqbe/app.bsky.feed.generator/abolition-news
#Housing+ News,2025-11-10T23:35:05.960Z,3,0,fema.monster,news,at://did:plc:lptjvw6ut224kwrj7ub3sqbe/app.bsky.feed.generator/housingplusnews
#Housing+ Trending,2025-11-10T23:32:48.964Z,3,0,fema.monster,"#Housing+ resorted from a live feed to what's trending!",at://did:plc:lptjvw6ut224kwrj7ub3sqbe/app.bsky.feed.generator/housingplus
#ParkingReform,2025-07-29T00:21:17.609Z,3,0,fema.monster,"Includes posts with #parkingreform and filters posts from users with the ""Parking Reform"" label from @labeler.urbanism.plus ",at://did:plc:lptjvw6ut224kwrj7ub3sqbe/app.bsky.feed.generator/parkingreform
APOD+🛰️,2023-09-11T22:05:12.506Z,3,0,unbandito.bsky.social,The Astronomy Picture of the Day plus @unbandito's picks from the archives,at://did:plc:tvxdnawj2x7g6pxaqhmd3n2p/app.bsky.feed.generator/aaaiohoforvom
Trending Videos,2025-07-28T23:28:23.507Z,3,0,sweetbee.vip,"Trending videos from the whole network (24 hours)  SFW & NSFW friendly, depending on your personal moderation settings. https://bsky.app/moderation",at://did:plc:lcytlkvzs3wslcgbk7i3ygak/app.bsky.feed.generator/trendingvid
#apple,2023-05-22T13:44:13.445Z,3,0,skyfeed.xyz,Posts with #apple from the whole network,at://did:plc:tenurhgjptubkk5zf5qhi3og/app.bsky.feed.generator/h-apple
Gpose,2024-04-23T10:14:34.703Z,3,0,onidraws.bsky.social,My Gpose posts!,at://did:plc:odjok6e7bvrpcxwoslzn3erc/app.bsky.feed.generator/aaaau2ukudpem
Abolition Trending,2025-07-29T00:20:58.203Z,3,0,fema.monster,Resorted posts by trending from the Abolition feed.,at://did:plc:lptjvw6ut224kwrj7ub3sqbe/app.bsky.feed.generator/abolition
Taz's Media!,2023-08-11T11:32:03.803Z,3,0,tazzle.art,"my artwork (unless stated otherwise, some food pics occasionally...)",at://did:plc:knc7gup5mpnjyog7dv5hvm5m/app.bsky.feed.generator/aaaoiipr2ksiu
Skying,2024-07-15T17:33:05.327Z,3,0,drlucyrogers.com,The joy of looking upwards for the purposes of seeing what is there.,at://did:plc:pxy4cjqfugcpue5aa6eadtx5/app.bsky.feed.generator/skying
"Hello, world!",2023-12-15T14:10:51.196Z,3,0,sixfeetofcandy.bsky.social,thoughts in a box,at://did:plc:ejgqchxkaixeq3gxarvlrfwo/app.bsky.feed.generator/aaag3rjcb7dv6
Juni!.zip,2023-11-05T11:38:44.718Z,3,0,literallyjustadog.online,A collection of all of Junis accounts!,at://did:plc:wpp4lklhvmopw6zcy6qb42ru/app.bsky.feed.generator/aaaltapluvwoy
Taskmaster Chaos!,2023-11-14T17:17:25.250Z,3,0,davis.social,"Whether it's the Marvel character or the show, this feed has it.",at://did:plc:2gx2noukxzwmj6dkxbmh3qt5/app.bsky.feed.generator/aaam7hv7bxbvo
tylertopia,2023-11-15T15:03:43.853Z,3,0,captainacab.airbud.website,We are Tyler,at://did:plc:sqfneztmrppffi4jambf7i56/app.bsky.feed.generator/aaaahigg35yo4
Pilot's Artfeed,2023-09-06T09:26:55.794Z,3,0,pilotobvious.bsky.social,Feed of all my finished illustrations!,at://did:plc:rx22kbvue6b4cp6eh3sbtpv2/app.bsky.feed.generator/aaagvvzhclz7s
"so-called ""bangers""",2025-04-24T22:05:08.082Z,2,0,sireviscerate.myatproto.social,stuff I wrote that people liked,at://did:plc:2wtsa2p73r3lsfyenwlu6zrx/app.bsky.feed.generator/aaaj3z4iycw2w
🏚 haunted houses 🏚,2023-08-11T09:17:15.623Z,2,0,kayleerowena.com,kaylee rowena's haunted house art!,at://did:plc:x5llhscdpzmqagpcz5vvxjtv/app.bsky.feed.generator/aaaojo6r2tp4m
Black VTubers: NSFW,2025-07-16T16:29:39.437Z,2,0,aiyoku.xyz,This is an 18+ only variant of the Black VTubers feed. Contact @aiyoku.xyz to be added to the official whitelist.,at://did:plc:kjnet2viyumgkqtjnzo6y4pz/app.bsky.feed.generator/aaag5ytkjrwv4
Hopeful Cryptography 🔥,2025-04-20T11:02:17.980Z,2,0,kobi.bsky.social,Exploring the bright future of cryptography (top sort)  https://dazzle.fm/algorithms,at://did:plc:6ynekzrjhn3r24y5oqhfsp43/app.bsky.feed.generator/3lnairozvaf23
Aiyoku's VR Worlds,2025-02-14T23:18:59.656Z,2,0,aiyoku.xyz,This feed is meant to show off the various worlds that Aiyoku has built up and/or contributed to directly on Cluster.,at://did:plc:kjnet2viyumgkqtjnzo6y4pz/app.bsky.feed.generator/aaag424tbe4x4
Parking = Pavement,2024-11-09T18:46:20.484Z,2,0,trufahey.bsky.social,"This feed is for posts about lifting arbitrary, excessive parking minimums that rob cities of housing, affordability, space, dollars, mom and pop businesses, places to walk and ride safely, and connected, thriving community spaces.  BlueskyFeedCreator.com",at://did:plc:ytwrp6cp5v6t42ck5glagl5c/app.bsky.feed.generator/parkingaf
Aiyoku's NSFW Gallery,2025-06-15T03:24:37.048Z,2,0,aiyoku.xyz,NSFW fanart of Aiyoku's various VTuber models are gathered here.,at://did:plc:kjnet2viyumgkqtjnzo6y4pz/app.bsky.feed.generator/aaae54scwuqru
Aiyoku's News Archive,2025-12-03T00:23:47.631Z,2,0,aiyoku.xyz,Any posts related to Aiyoku's long-form blogging activities are logged in this feed.,at://did:plc:kjnet2viyumgkqtjnzo6y4pz/app.bsky.feed.generator/aaacczb6lhoqc
BS No Context SMG4,2024-11-26T01:50:53.258Z,2,0,zacattack99.bsky.social,"The Unofficial, Unofficial home to  random clips fished from the Mario-centric Machinima series/GLITCH Productions Origin Story: SMG4.  unaffiated with @smg4.com  unaffiliated with @NoContextSMG4 on Twitter  unaffiliated with @Viclis_ (also on Twitter)  ran by @zacattack99  #BSNoContextSMG4",at://did:plc:4o3umg3jtsqh3evgnedwrion/app.bsky.feed.generator/aaainn5dqjjv4
Hochschulaktionstag,2023-10-11T18:49:55.104Z,2,0,drkeichhorn.bsky.social,"Am 20.11.23 findet der Hochschulaktionstag eines breiten Bündnisse statt! Es sind diverse lokale Aktionen geplant! TV-Stud, NGAWiss,  fzs, Die Linke.SDS, Juso-Hochschulgruppe, GEW, ver.di, DGB.",at://did:plc:l4lyvq6o3i5p3o373fvq2ebw/app.bsky.feed.generator/aaab7isfc3v3i
RelevanteLitwiss,2023-10-02T16:48:24.679Z,2,0,drkeichhorn.bsky.social,"Alles zum Projekt #RelevanteLiteraturwissenschaft. Findet alles Beitrage, die ""RelevanteLiteraturwissenschaft"" enthalten.",at://did:plc:l4lyvq6o3i5p3o373fvq2ebw/app.bsky.feed.generator/aaapbvwrij6og
verdverm,2025-07-29T01:00:25.410Z,2,0,verdverm.com,"My post, comments, and replies",at://did:plc:2jtyqespp2zfodukwvktqwe6/app.bsky.feed.generator/me
Verm's ML Feed,2025-10-03T21:16:22.777Z,2,0,verdverm.com,My ML feed,at://did:plc:2jtyqespp2zfodukwvktqwe6/app.bsky.feed.generator/verdverm-ml
KNTG Polygon,2024-12-11T17:05:50.849Z,2,0,j4nw.com,"Peeps involved with kntgpolygon.pl, a Warsaw-based gamedev community  Want to be added? Ping me (@j4) on the KNTG Polygon Discord server  BlueskyFeedCreator.com",at://did:plc:5p4w26aclns7yif7uavelekv/app.bsky.feed.generator/polygon
有頂天 チュートリアル,2023-12-23T16:54:55.357Z,2,0,ucho-ten.net,Bluesky クライアント 有頂天のチュートリアルフィードです。 https://ucho-ten.net/ by @ucho-ten.net,at://did:plc:metxzqysekddoeuepe7inggd/app.bsky.feed.generator/aaajpbgtmzqya
The Suite Life of LA,2025-03-24T23:20:13.451Z,2,0,lasassypants.bsky.social,,at://did:plc:f5xfh2q4gy2mojsicriqv5nm/app.bsky.feed.generator/aaamunv2omale
たい焼き,2024-04-11T21:41:48.660Z,2,0,so-asano.com,たい焼きおいしいね（テストです、すみません by 開発者）,at://did:plc:pxwzal3aspfg2xnbbt2fjami/app.bsky.feed.generator/18deb95030ebbd9
ᵍᵐᵍⁿ,2024-07-23T13:33:00.331Z,2,0,flicknow.xyz,Filtered gm/gn feed,at://did:plc:wzsilnxf24ehtmmc3gssy5bu/app.bsky.feed.generator/aaaouadf22msy
👋,2023-06-23T17:24:01.879Z,2,0,flicknow.xyz,"Everyone saying ""hi"" to Bluesky",at://did:plc:wzsilnxf24ehtmmc3gssy5bu/app.bsky.feed.generator/aaaot7qdrau7s
Hashtag Everything,2023-05-26T16:56:28.383Z,2,0,handle.invalid,Anytime someone uses a hashtag it'll show up here,at://did:plc:xli6ltfng2enc7chgwff6hxk/app.bsky.feed.generator/hashtags
Spotify Songs,2023-05-26T17:05:49.644Z,2,0,handle.invalid,Song links for your listening pleasure,at://did:plc:xli6ltfng2enc7chgwff6hxk/app.bsky.feed.generator/spotify
Music,2024-04-17T03:45:50.044Z,2,0,flicknow.xyz,Music I share,at://did:plc:wzsilnxf24ehtmmc3gssy5bu/app.bsky.feed.generator/aaacnxbu6qzzw
MeidasTouch news feed,2025-07-28T23:19:40.367Z,2,0,devingaffney.com,Trending content from MeidasTouch,at://did:plc:jijwtzgroy76samnivlqrpec/app.bsky.feed.generator/meidastouch-tes
bskyinfo User Feedback,2025-02-24T07:28:48.849Z,2,0,ewalf.com,I’d love to hear your feedback! Share your thoughts on tools you’ve found helpful or suggestions for improvement. Your input helps make bskyinfo better for the entire BlueSky community.,at://did:plc:ix3oc3uqt2pyqj7hshv4h7nm/app.bsky.feed.generator/19536dbc0b4d8cc
Lord Diana Art,2023-08-11T12:30:43.366Z,2,0,lordsovorn.bsky.social,All the art in one place!,at://did:plc:hvr4x5rxa6j7csyxmmi745ab/app.bsky.feed.generator/aaaohzuqiowse
Papa Bangers,2025-05-06T18:08:52.282Z,2,0,cult-papa.com,the best i got,at://did:plc:evlngincxz7yf6mjnegh5565/app.bsky.feed.generator/aaaknrwlyv76c
Chance Kubesh Art,2024-10-25T15:20:18.414Z,2,0,itskoob.mov,A list of all of my art-only posts.,at://did:plc:atqqivun72szi5eylf425vmp/app.bsky.feed.generator/aaamiqt4wtki6
Vikings,2025-10-05T17:07:40.161Z,2,0,bluetrends.bsky.social,"Posts about the NFL Minnesota Vikings - game highlights, strategies, and fan reactions.  Create your own feed with https://bluefacts.app/feed-builder ",at://did:plc:dnne5gbk6yjt4ej7as4x3ikl/app.bsky.feed.generator/vikings
Family guy,2024-09-05T11:01:25.317Z,2,0,oracularhades.com,,at://did:plc:wtdzzfgzjpirnk5wvpjutqoy/app.bsky.feed.generator/aaalquokaswow
News About Bluesky,2025-07-28T23:37:16.603Z,2,0,franklinseal.bsky.social,"Yup. That's it. Just news about Bluesky: it's growth, new trends, media coverage about it, announcements from the company or from third-parties. It is curated, so hopefully just the cream off the top. Tracking: #aboutbsky and a list of related terms.  BlueskyFeedCreator.com",at://did:plc:rtv7v6rrk4geb64yk77r5vfr/app.bsky.feed.generator/aboutbluesky
Trump Carroll,2025-06-13T18:35:07.751Z,2,0,bluetrends.bsky.social,Latest updates and analysis on Trump's legal appeals concerning E. Jean Carroll allegations while filtering out unrelated military and political maneuvering.  Create your own feed with https://bluefacts.app/feed-builder ,at://did:plc:dnne5gbk6yjt4ej7as4x3ikl/app.bsky.feed.generator/trump-appeal
mojtama3y,2024-12-05T17:56:22.148Z,2,0,habibiwolf.bsky.social,mojtama3y 🖤,at://did:plc:synka4gchwjmophklcsndndf/app.bsky.feed.generator/aaajpob3a5pvu
cicadas,2024-04-09T05:18:53.137Z,2,0,jakei.bsky.social,cicadas,at://did:plc:vjyot2w7zeomrslomwpfxirl/app.bsky.feed.generator/aaamcsygl5m46
Tasha's rock bands,2025-02-18T05:08:06.759Z,2,0,oracularhades.com,,at://did:plc:wtdzzfgzjpirnk5wvpjutqoy/app.bsky.feed.generator/aaabo44ufjpnu
Video Feed,2023-06-24T20:21:15.772Z,2,0,parkermolloy.com,"If it's got a link to a video, it's in this feed. Includes YouTube, Vimeo, and TikTok.",at://did:plc:hf7ezrajxadu7v3tzcyij424/app.bsky.feed.generator/aaapagt7ttwac
OnlyTweets,2023-06-24T20:03:54.503Z,2,0,parkermolloy.com,Looking for links to the old place? Say no more!,at://did:plc:hf7ezrajxadu7v3tzcyij424/app.bsky.feed.generator/aaaotguxovjte
What's Science (No 🕸️),2023-07-09T15:02:10.005Z,2,0,afreeparticle.com,"What's Science feed for arachnophobes (no mentions of spider, 🕷️ or 🕸️)",at://did:plc:l72uci4styb4jucsgcrrj5ap/app.bsky.feed.generator/aaadybnlna6z6
Goddamnit Sam,2023-08-22T08:52:32.395Z,2,0,portmanteauface.bsky.social,,at://did:plc:57tds76f6hmild5kw32pppdd/app.bsky.feed.generator/aaab32rbi4h4a
Nude Selfies,2025-10-22T17:15:08.468Z,2,0,gonewild.social,"GoneWild verified creators can use the hashtag #nudeSelfie or #nudeSelfies to add any post  (@babesky.com to be verified)",at://did:plc:i5t7odtmmv7gtawckadaf6v4/app.bsky.feed.generator/nudeselfies
SP,2025-12-13T22:25:56.434Z,2,0,iame.li,,at://did:plc:2zmxikig2sj7gqaezl5gntae/app.bsky.feed.generator/streamplace
Wirklich wahre Zitate,2025-10-16T19:03:42.560Z,2,0,flrfnk.de,Die Worte sind tatsächlich so gefallen. Ehrlich!!,at://did:plc:cvpyi2zrepeut4ygzswsf3jr/app.bsky.feed.generator/aaaaxwepftpbc
Getting Started,2023-07-19T17:19:43.875Z,2,0,trezy.codes, Posts to help you get started with bsky. All posts are curated. Poke @trezy.codes or @jessbepuzzled.bsky.social to suggest posts to be added.  Discuss at https://trezy.studio/discord. Support the feed at https://ko-fi.com/trezycodes. ,at://did:plc:4jrld6fwpnwqehtce56qshzv/app.bsky.feed.generator/get-started
VSky Directory Log,2024-12-31T18:49:42.146Z,2,0,aiyoku.xyz,An exclusive feed for logging any current & future updates to the VSky Custom Feeds Directory.,at://did:plc:kjnet2viyumgkqtjnzo6y4pz/app.bsky.feed.generator/aaaiijw6lcleq
Kerrygold Cream,2025-01-24T02:53:18.553Z,2,0,james.tarnation.lol,Would you like to be fed the cream?,at://did:plc:3m5c2aiko7heyjmwbrkp3ym5/app.bsky.feed.generator/aaajmlcduyrlq
random.,2024-11-17T07:40:08.540Z,2,0,azedand2knots.bsky.social,,at://did:plc:kpnkmducrwtq3ly4miy3ymoe/app.bsky.feed.generator/aaadr7exzc3rw
You're Telling Me,2024-04-25T00:24:46.829Z,2,0,retr0.id,you're telling me a _?,at://did:plc:vwzwgnygau7ed7b7wt5ux7y2/app.bsky.feed.generator/aaabfim7gyyd2
👨🏼‍🍼 luke's scramblebang,2025-06-04T06:26:54.846Z,2,0,lukesteuber.com,just for me,at://did:plc:muhesxre7yfcuqi5ss2fskjc/app.bsky.feed.generator/aaajyqbxlq4g6
👨🏼‍🍼 luke's onlyposts,2024-07-10T10:40:25.260Z,2,0,lukesteuber.com,@coolhand's posts only feed - just for my own convenience,at://did:plc:muhesxre7yfcuqi5ss2fskjc/app.bsky.feed.generator/aaagcrts3xr44
👨🏼‍🍼 luke's bangers,2024-07-10T11:02:42.635Z,2,0,lukesteuber.com,"Everything, high to low",at://did:plc:muhesxre7yfcuqi5ss2fskjc/app.bsky.feed.generator/aaagchtxtc3y2
AABA 2025,2025-03-14T02:12:47.449Z,2,0,bridgetmcgann.medsky.social,"Posts from American Association of Biological Anthropologists / Human Biology Association 2025 meeting. Inclusion: #AABA2025, #ABA2025, related tags, and any post from known attendees. Please ping me if you see issues/want to be included.  BlueskyFeedCreator.com",at://did:plc:roq5gp36kgc3cied6notevst/app.bsky.feed.generator/aaba2025
Maths Photos,2023-10-07T07:23:42.984Z,2,0,afreeparticle.com,Maths Photos by Tierney Kennedy,at://did:plc:l72uci4styb4jucsgcrrj5ap/app.bsky.feed.generator/aaaatxsrzcwp6
Omarchy (Arch Distro),2025-09-01T08:09:33.504Z,2,0,ssp.sh,Opinionated Arch distro created by DHH. Replacement for Windows on macOS that is aesthetically pleasing and heavily shortcut-oriented.,at://did:plc:edglm4muiyzty2snc55ysuqx/app.bsky.feed.generator/aaaaio4w6zles
BSFC Bug Fixes,2025-01-05T21:12:17.652Z,2,0,blueskyfeedcreator.com,This feed includes all of the posts about bug fixes from the Bluesky Feed Creator account.,at://did:plc:45xkjogf53hfcwmpoj5afahn/app.bsky.feed.generator/bugfixes
BSFC Auto Moderator Tips,2025-01-05T21:22:06.252Z,2,0,blueskyfeedcreator.com,This feed includes tips for using Bluesky Feed Creator's auto moderator function.,at://did:plc:45xkjogf53hfcwmpoj5afahn/app.bsky.feed.generator/automodtips
Aiyoku's VTuber Models,2025-07-04T13:14:38.044Z,2,0,aiyoku.xyz,A collection of skeets that featuring my various VTuber models. ,at://did:plc:kjnet2viyumgkqtjnzo6y4pz/app.bsky.feed.generator/aiyokus-models
Aiyoku's Fanbase,2025-07-04T13:14:39.844Z,2,0,aiyoku.xyz,Updates related to my public Discord server are logged here. ,at://did:plc:kjnet2viyumgkqtjnzo6y4pz/app.bsky.feed.generator/aiyokus-fanbase
VTuber Debuts,2025-11-28T20:06:35.433Z,2,0,aiyoku.xyz,A public feed dedicated to VTubers and their debuts! Use the #VTuberDebut tag to appear in the results.  BlueskyFeedCreator.com Donate: https://blueskyfeedcreator.com/p/aiyoku.xyz/aaamcxkahemmy#donate,at://did:plc:kjnet2viyumgkqtjnzo6y4pz/app.bsky.feed.generator/aaamcxkahemmy
IAmJulioWayne,2024-05-03T09:13:17.469Z,2,0,jakei.bsky.social,Hello I Am Julio Wayne,at://did:plc:vjyot2w7zeomrslomwpfxirl/app.bsky.feed.generator/aaakopw545iuu
Bri[collage],2025-12-11T16:06:11.130Z,2,0,yannoehl.bsky.social,"An inclusive mix of analog, digital, photomontage, assemblage, etc. Broadly falling into the collage genre.  This feed is curated and sorted by recency. To be thrown into the mix include #collage somewhere in your post or alt txt. Only posts with media are considered.",at://did:plc:ylniktydmweivveydqegruet/app.bsky.feed.generator/aaajjakxhfzy2
The Painted Word,2025-12-23T00:03:15.534Z,2,0,yannoehl.bsky.social,"A feed focusing on visual poetry, asemic text, and letterforms as art.  This feed is curated and sorted by recency. To be included add #asemicart or #vispo somewhere in your post or alt txt. Only posts with media are considered.",at://did:plc:ylniktydmweivveydqegruet/app.bsky.feed.generator/aaaocsvr7k5l4
Armoir of Dr Mureau ,2024-12-15T18:42:43.648Z,2,0,capnwatsisname.bsky.social,,at://did:plc:efdtjcx67l6vpztu7muhp64s/app.bsky.feed.generator/aaae6rld6un4w
toast all around,2024-11-18T04:22:25.732Z,2,0,capnwatsisname.bsky.social,my posts,at://did:plc:efdtjcx67l6vpztu7muhp64s/app.bsky.feed.generator/aaad25mf6clts
Archivists etc,2025-01-18T13:57:25.752Z,2,0,jameselder.bsky.social,Archivists and other related professionals.  No replies.,at://did:plc:barwgjd2bjjqacm3uinp3a4h/app.bsky.feed.generator/aaaeilzddi2bu
Art: Resonant & Personal,2025-12-25T23:01:24.134Z,2,0,yannoehl.bsky.social,Art that resonates with me. Biased and limited by my aesthetic. Risk managed by limiting exposure to the Firehose. Sorted by recency. Images along the tail likely more representative than the head.,at://did:plc:ylniktydmweivveydqegruet/app.bsky.feed.generator/aaaoxzvvgkafm
deer,2025-07-28T23:47:56.004Z,2,0,aviva.gay,attempt at a deer social feed,at://did:plc:jx4g6baqkwdlonylsetvpu7c/app.bsky.feed.generator/deer
Advent of Code,2025-07-29T14:39:23.404Z,2,0,j4ck.xyz,Advent of Code - Top,at://did:plc:4hawmtgzjx3vclfyphbhfn7v/app.bsky.feed.generator/advent-of-code-
all engineers,2025-09-19T09:09:48.305Z,2,0,missmeringue.love,posts from engineers!,at://did:plc:2j4w2o4xmkbheromzo73r5sv/app.bsky.feed.generator/engineers
What's Hot EN,2024-09-17T01:19:10.000Z,2,0,mackuba.eu,wip,at://did:plc:oio4hkxaop4ao4wz2pp3f4cr/app.bsky.feed.generator/whats-hot
Runi the Druid,2024-10-20T03:26:59.473Z,2,0,charnelhousecurios.bsky.social,This feed is for my lovely DnD Druid! tagged #runithedruid  BlueskyFeedCreator.com,at://did:plc:zo4aqbdxwiwrtzhhqf5ho7k4/app.bsky.feed.generator/runithedruid
Japan Expo,2025-12-09T18:37:23.628Z,2,0,fenarinarsa.com,Posts about Japan Expo.,at://did:plc:fb3iwxg23jziddgbtsixx3zu/app.bsky.feed.generator/aaanclr3hehik
just the fruit filling,2024-04-10T17:57:01.535Z,2,0,capnwatsisname.bsky.social,posts by @iandukes,at://did:plc:efdtjcx67l6vpztu7muhp64s/app.bsky.feed.generator/aaamsf7hhiypg
UraganiArts,2025-09-10T10:39:44.130Z,2,0,uragani.bsky.social,My art only feed so you don't have to start a fight finding everything I've done! (Some posts by proud commissioners/friends.),at://did:plc:3l2adcvxz52brxz5se2uvux7/app.bsky.feed.generator/aaajxm2rlyais
San Diego,2025-06-27T04:11:19.236Z,2,0,davidsacerdote.bsky.social,"Posts mentioning San Diego, sorted to show recently-popular posts first.  Like & pin the feed so you and others can find it again easily.",at://did:plc:o4s55v3tsfph6whswxccpsia/app.bsky.feed.generator/aaak7ag5t7332
Here's some words,2024-11-18T20:54:42.990Z,2,0,arfmeasures.bsky.social,,at://did:plc:eovcv23qyhbah4huiqzirnp4/app.bsky.feed.generator/aaaea46bxsi3k
#Museums2024 MA conf,2024-11-08T16:48:45.687Z,2,0,curatorconnelly.bsky.social,Conference feed for the Museums Association 2024 conference in Leeds. https://www.museumsassociation.org/events/conference-2024/#  Pulls through last 7 days posts using #museums2024 / from @museumsassociation.bsky.social,at://did:plc:l4cp34qur2w6ozquqldqabmn/app.bsky.feed.generator/aaaazicbynjo6
RIIZELINE : RIIZE,2025-07-28T23:20:10.267Z,2,0,archidol.creator.blue,"The Ultimate RIIZE Skyline for BRIIZE/SUNZ!  ⚠️ Please read this thread: https://bsky.app/profile/did:plc:q67sl2eyluz4pihms7bqeygm/post/3lfcexbe3bs2t 🧡 Visit my profile to see more Kpop Skyline Feed @archidol.creator.blue  Post that are not related to RIIZE might still appear in this feed.",at://did:plc:q67sl2eyluz4pihms7bqeygm/app.bsky.feed.generator/aaaossxefvjmk
HEARTLINE: Hearts2Hearts,2025-07-28T23:20:09.993Z,2,0,archidol.creator.blue,"The Ultimate Hearts2Hearts Skyline for fans!  ⚠️ Please read this thread: https://bsky.app/profile/did:plc:q67sl2eyluz4pihms7bqeygm/post/3lfcexbe3bs2t 🩵 Visit my profile to see more Kpop Skyline Feed @archidol.creator.blue  Post that are not related to Hearts2Hearts might still appear in this feed.",at://did:plc:q67sl2eyluz4pihms7bqeygm/app.bsky.feed.generator/hearts2hearts
UNISLINE : UNIS,2025-07-28T23:20:09.822Z,2,0,archidol.creator.blue,"The Ultimate UNIS Skyline for EverAfter!  ⚠️ Please read this thread: https://bsky.app/profile/did:plc:q67sl2eyluz4pihms7bqeygm/post/3lfcexbe3bs2t ❤️ Visit my profile to see more Kpop Skyline Feed @archidol.creator.blue  Post that are not related to UNIS might still appear in this feed.",at://did:plc:q67sl2eyluz4pihms7bqeygm/app.bsky.feed.generator/uandistory
"Durham University, UK",2025-04-30T17:29:18.587Z,2,0,markrubin.bsky.social,"Posts about Durham University, UK.  Tag = #DurhamUni  The views expressed in this feed may represent personal views and do not represent the views of Durham University.  (If you like the feed, then please 💓 it!)",at://did:plc:4jb3re5tvklsvhuc3lkerj5q/app.bsky.feed.generator/aaack5n2u6tqk
Live Aid 🎸,2025-07-12T19:53:44.137Z,2,0,j4ck.xyz,"A feed to celebrate the 40th anniversary of live aid. Features discussion, links to posts about it, YouTube videos, etc!!  Created with surf.social",at://did:plc:4hawmtgzjx3vclfyphbhfn7v/app.bsky.feed.generator/live-aid--htc
Pebble ⌚,2025-07-29T14:47:27.006Z,2,0,j4ck.xyz,Feed for Pebble watches!,at://did:plc:4hawmtgzjx3vclfyphbhfn7v/app.bsky.feed.generator/pebble
Queen (band),2025-04-25T20:31:15.587Z,2,0,j4ck.xyz,"Including posts about Freddie Mercury, Brian May, Roger Taylor and John Deacon!  Created with surf.social",at://did:plc:4hawmtgzjx3vclfyphbhfn7v/app.bsky.feed.generator/queenband-ljx
Tailscale,2025-10-25T10:21:59.359Z,2,0,j4ck.xyz,A feed for all posts Tailscale related!  Created with surf.social,at://did:plc:4hawmtgzjx3vclfyphbhfn7v/app.bsky.feed.generator/tailscale-rsb
poyozo #art #fanart,2024-11-05T12:54:50.581Z,2,0,poyozo.bsky.social,Blueskyに投稿した絵まとめ (二次創作),at://did:plc:rn3t75domztvexxjrfpyncq5/app.bsky.feed.generator/aaajnkejjvlx6
AoBC Papers,2024-11-17T12:01:53.130Z,2,0,botany.one,"Papers published in Annals of Botany Company Journals. Non-Profit, All Science, since 1887.",at://did:plc:qau4bxir74udvsrci2wakk44/app.bsky.feed.generator/aaadt52y7rjbu
best of the worst ,2024-12-31T02:36:12.648Z,2,0,stevesuckington.bsky.social,,at://did:plc:3w5fhqj3gbndznf6ic3pfn6m/app.bsky.feed.generator/aaabvdckmxp42
24h of English,2024-04-05T13:17:11.914Z,2,0,fenarinarsa.com,The best posts in English of the last 24h,at://did:plc:fb3iwxg23jziddgbtsixx3zu/app.bsky.feed.generator/aaap66md3ysfa
✨🧍🧍🧍Dawner' Humanoid Art,2024-11-08T10:09:40.284Z,2,0,thedawner.bsky.social,General humanoid tag,at://did:plc:qudfhdxzcnp4y34ezalz5iep/app.bsky.feed.generator/aaabfhbu6aw6e
Small News,2025-07-28T23:37:05.709Z,2,0,jackbandy.com,"Recent links from smaller independent news organizations (avoids larger and/or billionaire-owned outlets)  INCLUDED: ProPublica, Texas Tribune, Block Club Chicago... EXCLUDED: New York Times, Wall Street Journal, Washington Post...",at://did:plc:jygezaz6gd2m5jiw5fj4naij/app.bsky.feed.generator/small-news
Music Diary,2024-11-18T20:08:28.299Z,2,0,asia.bsky.social,Are you an audiophile? Collect your noteworthy thoughts in this feed of your music related posts!,at://did:plc:oqqee7lmhqqso4wedwvs3zqh/app.bsky.feed.generator/aaadesilq4i4s
MiniDiscorders,2024-02-13T00:25:22.773Z,2,0,johnlf.bsky.social,Social Group Discord users' posts // Made at BlueskyFeeds.com,at://did:plc:mziptt6o2ngf4scj7jiwacde/app.bsky.feed.generator/MiniDiscorders
brit's bangers ,2024-11-26T22:26:46.063Z,2,0,gorl.gay,🔥🔥🔥,at://did:plc:c5lcwcbubqa3rvbjq4awpy7q/app.bsky.feed.generator/aaad7ut4oweea
mar bangers ,2024-11-18T13:56:01.157Z,2,0,gorl.gay,,at://did:plc:c5lcwcbubqa3rvbjq4awpy7q/app.bsky.feed.generator/aaad7dim6id32
lainey bangers,2024-11-18T13:58:08.358Z,2,0,gorl.gay,,at://did:plc:c5lcwcbubqa3rvbjq4awpy7q/app.bsky.feed.generator/aaad7d6tj74ma
tay bangers,2024-11-18T12:35:59.855Z,2,0,gorl.gay,mostly frankie pics tbh,at://did:plc:c5lcwcbubqa3rvbjq4awpy7q/app.bsky.feed.generator/aaac52vaio36g
PSO2/PSO2NGS (no SS),2024-05-25T12:37:57.534Z,2,0,mary.my.id,"No screenshots (as best as it can, that is). Posts relating to ""Phantasy Star Online 2"" and ""PSO2 New Genesis"" MMORPG  SSはありません（可能な限り）。 MMORPG『ファンタシースターオンライン2』『PSO2 ニュージェネシス』関連の投稿",at://did:plc:ia76kvnndjutgedggx2ibrem/app.bsky.feed.generator/aaafhsothyhvm
Pins,2023-06-10T15:00:35.776Z,2,0,jcsalterego.bsky.social,@jcsalterego.bsky.social's Pins,at://did:plc:vc7f4oafdgxsihk4cry2xpze/app.bsky.feed.generator/pins
Denonbu,2023-11-01T10:29:32.338Z,2,0,mary.my.id,Posts relating to Denonbu/電音部,at://did:plc:ia76kvnndjutgedggx2ibrem/app.bsky.feed.generator/aaair263mutoq
阪神ファン観察日記,2023-11-09T10:28:54.627Z,2,0,itokonn.bsky.social,野球にも阪神にも興味はないが、阪神タイガースファンのことはおもろいと思っているいとこんの阪神関連post,at://did:plc:qq4q5nsxhl4m7gmvnf7mdgek/app.bsky.feed.generator/18bb3a0a4fbc125
Feature Sandbox ,2025-12-08T20:28:32.132Z,2,0,rabbitholer.bsky.social,"This is just a sandbox, so I can test festures without breaking live feeds.",at://did:plc:v336bgjhyj5suvc6ds5vkckg/app.bsky.feed.generator/aaadniskvxg6q
🖤🧡🖤,2024-03-09T19:21:43.964Z,2,0,mayawest.online,"all my text posts marked for SkyHub (sales , contests , promotions , roulette )",at://did:plc:2qlbivzvdt6hp6dwrd2sx4sf/app.bsky.feed.generator/aaaepfu4ehaja
HumansOfBlueSky Feed,2025-04-09T14:08:01.077Z,2,0,humansofbluesky.bsky.social,Track celebration of #HumansOfBlueSky,at://did:plc:75olwwdd7syhlxbwzr55tpnf/app.bsky.feed.generator/i0JEAuUvL1aamQB
What's Alf Python,2023-05-28T01:18:58.565Z,2,0,test.marshal.dev,powered by The AT Protocol SDK for Python,at://did:plc:kvwvcn5iqfooopmyzvb4qzba/app.bsky.feed.generator/whats-alf
Zootopia 2,2025-05-20T18:29:35.954Z,2,0,bluetrends.bsky.social,"Explore posts about the upcoming sequel, including trailers, teasers, fan theories, and creative discussions on Zootopia 2.  Create your own feed with https://bluefacts.app/feed-builder ",at://did:plc:dnne5gbk6yjt4ej7as4x3ikl/app.bsky.feed.generator/zootopia-2
やがてかなしき初心者クッキング,2023-11-07T05:12:01.506Z,2,0,so-asano.com,まとめました,at://did:plc:pxwzal3aspfg2xnbbt2fjami/app.bsky.feed.generator/18ba831d6b8f1d1
☠️Cheney☠️,2023-11-29T20:16:09.166Z,2,0,jakei.bsky.social,Any posts that mention both Cheney and death/dying/etc.,at://did:plc:vjyot2w7zeomrslomwpfxirl/app.bsky.feed.generator/aaab43z2mqvuy
jewishbaseballeedtest,2024-08-09T06:21:03.736Z,2,0,jakei.bsky.social,,at://did:plc:vjyot2w7zeomrslomwpfxirl/app.bsky.feed.generator/aaaa6tkv54e2s
Historikertag 2023,2023-10-03T23:46:29.220Z,2,0,lhaasis.bsky.social,Just my feed for all skeets relating to the Historiker*innentag 2023,at://did:plc:fncb35b5lcyhvug2ahjjolya/app.bsky.feed.generator/aaakup2dcd25i
Jackie's Jewels,2025-06-04T17:33:08.352Z,2,0,joparkerbear.bsky.social,the very best of @jackiebouvier.bsky.social 💥  you're welcome.,at://did:plc:btj7htumgboprmobfodhw7wu/app.bsky.feed.generator/aaahqr3kay6yo
Corinthians Bluesky,2024-09-12T21:51:12.423Z,2,0,pietro-emiliano.bsky.social,Notícias e comentários relacionados ao Sport Club Corinthians Paulista.  Vai Corinthians!,at://did:plc:lb5oij4vemopu4bin2oaqz7c/app.bsky.feed.generator/aaal7gf4o2coq
Top of Miss Riss ,2025-10-04T01:03:51.781Z,2,0,joparkerbear.bsky.social,"top posts of @missriss.bsky.social only, nothing sexual about it",at://did:plc:btj7htumgboprmobfodhw7wu/app.bsky.feed.generator/aaakzmlhea7cy
District of Columbia,2025-02-12T04:38:00.652Z,2,0,robpc.com,"Local conversation in Washington, DC",at://did:plc:gkvpokm7ec5j5yxls6xk4e3z/app.bsky.feed.generator/district-of-columbia
Saw さんポートフォリオサイトまとめ,2023-12-21T04:51:46.812Z,2,0,so-asano.com,Saw さんのポートフォリオサイトの発表とそれへの反応のまとめです。,at://did:plc:pxwzal3aspfg2xnbbt2fjami/app.bsky.feed.generator/18bdfe924909623
きのこまとめ,2023-11-28T01:59:41.760Z,2,0,so-asano.com,なんとなく,at://did:plc:pxwzal3aspfg2xnbbt2fjami/app.bsky.feed.generator/18c13a74d89167d
Afpersingen,2024-06-24T16:18:03.659Z,2,0,ennuidoofen.bsky.social,,at://did:plc:7bv2ca3yawj662o7qxd5xyt7/app.bsky.feed.generator/aaaewcdwviac4
My Stuff ,2023-10-05T15:23:57.359Z,2,0,ennuidoofen.bsky.social,,at://did:plc:7bv2ca3yawj662o7qxd5xyt7/app.bsky.feed.generator/aaaadaoymxhvq
🖌 artist alley,2023-08-04T00:31:12.475Z,2,0,handle.invalid,artist alley posts,at://did:plc:lelg6d2guxp3nvcnx7d52ejt/app.bsky.feed.generator/aaal6ugtyfrsw
Aimee's Only Art,2024-09-02T16:20:24.077Z,2,0,aimeecozza.com,Aimee's only my art feed. Includes any of my posts with at least 1 image and tagged #Art,at://did:plc:orwmq33pobteowpzc5gzwwil/app.bsky.feed.generator/aaabihviihofg
Trending RealNSFW Videos,2025-08-26T20:54:33.911Z,2,0,realnsfw.social,top trending videos tagged #realNSFW,at://did:plc:db645kt5coo7teuoxdjhq34x/app.bsky.feed.generator/aaaio4qjxvz7u
biotech | techbio,2023-10-02T14:52:32.709Z,2,0,willfondrie.com,,at://did:plc:auhuaxkmbxaljvuuktqnmrbg/app.bsky.feed.generator/aaapddfwrex44
Urbanism+ Trending AB,2025-07-29T00:21:36.404Z,2,0,fema.monster,Urbanism+ posts resorted by popularity.,at://did:plc:lptjvw6ut224kwrj7ub3sqbe/app.bsky.feed.generator/wdb4woqsuocz8nl
It's Called Fashion,2024-11-17T16:01:10.850Z,2,0,aimeecozza.com,"It's called fashion sweaty look it up. Uses #Fashun, #Fashion, or #ItsCalledFashion Curated by people in the fashion list (https://bsky.app/profile/aimeecozza.com/lists/3lb5pdq2vnv2t)",at://did:plc:orwmq33pobteowpzc5gzwwil/app.bsky.feed.generator/aaadvnalphxom
Aimee's Blorbos,2024-09-02T16:24:36.970Z,2,0,aimeecozza.com,Want to see my OCs and blorbos? Here's anything tagged #OC or #OCs by me,at://did:plc:orwmq33pobteowpzc5gzwwil/app.bsky.feed.generator/aaalhdcskf3ba
Urbanism+ Circle,2025-07-29T00:20:55.103Z,2,0,fema.monster,Social Filter + Label Filter = U+ Circle,at://did:plc:lptjvw6ut224kwrj7ub3sqbe/app.bsky.feed.generator/urbanismplus
B'Elanna Torres,2025-10-25T21:54:13.561Z,2,0,earlgreymemes.club,"B'Elanna Torres, Klingon-Human hybrid, Starfleet Academy dropout-turned-Maquis-turned-Starfleet crewman, chief of engineering aboard the USS Voyager under Captain Janeway  (all mentions of B'Elanna Torres)  [ID: portrait of B'Elanna]",at://did:plc:hopmtyvc3dhv62ofiuzii5t7/app.bsky.feed.generator/aaaishgzrodio
Cryptocurrency news,2024-12-12T20:01:22.452Z,2,0,license-token.com,The top 10 crypto currencies in market cap news. Crypto coins news are collected based on their symbols and name. This way one does not miss relevant news.,at://did:plc:evs3r7x66yqpvlqkwfzku2dw/app.bsky.feed.generator/aaalyybdebbiu
Trump & Epstein,2025-09-23T23:08:07.305Z,2,0,bluetrends.bsky.social,"Curated political and art commentary on Donald Trump and Jeffrey Epstein, covering statues, news, and cultural critiques.  Create your own feed with https://bluefacts.app/feed-builder ",at://did:plc:dnne5gbk6yjt4ej7as4x3ikl/app.bsky.feed.generator/trump-and-epstein
#edusky,2023-05-22T13:44:32.653Z,2,0,skyfeed.xyz,Posts with #edusky from the whole network,at://did:plc:tenurhgjptubkk5zf5qhi3og/app.bsky.feed.generator/h-edusky
"Memecoin news, trends",2024-12-12T20:17:48.347Z,2,0,license-token.com,"Meme Coin News, Memecoin Trends, Meme Warnings and Scam reports based on tags",at://did:plc:evs3r7x66yqpvlqkwfzku2dw/app.bsky.feed.generator/aaalxpmuzsgw6
Blue Facts mentions,2025-04-14T14:25:24.078Z,2,0,bluefacts.app,Posts mentioning Blue Facts over the last 24 hours. Updated hourly.   https://bluefacts.app/   ,at://did:plc:j3qij7oqe6gie2x56gk5s6tx/app.bsky.feed.generator/blue-facts
Mary Mayhem's Latest ,2025-02-08T06:19:09.252Z,2,0,armyvet1972.bsky.social,Latest posts by Mary Mayhem,at://did:plc:lqmk3yojyhz5tnoe5e6zzpma/app.bsky.feed.generator/aaaoim5pia4ou
Trump Focus,2025-05-15T14:30:55.245Z,2,0,bluetrends.bsky.social,"Curated posts covering Donald Trump, including legal debates, policy challenges, and political commentary.  Create your own feed with https://bluefacts.app/feed-builder ",at://did:plc:dnne5gbk6yjt4ej7as4x3ikl/app.bsky.feed.generator/trump
Anal,2025-10-22T18:37:01.462Z,2,0,gonewild.social,#anal sex from verified real creators.,at://did:plc:i5t7odtmmv7gtawckadaf6v4/app.bsky.feed.generator/anal
The Guardian news feed,2025-07-28T23:19:40.471Z,2,0,devingaffney.com,Trending content from The Guardian,at://did:plc:jijwtzgroy76samnivlqrpec/app.bsky.feed.generator/guardian-test
Happy Girls,2025-08-26T20:56:52.611Z,2,0,realnsfw.social,"(must be added to my RealGirls list, then use any #smile #smiling #happy hashtag)",at://did:plc:db645kt5coo7teuoxdjhq34x/app.bsky.feed.generator/aaabivq5bzcnk
#ios,2023-05-22T13:44:26.786Z,2,0,skyfeed.xyz,Posts with #ios from the whole network,at://did:plc:tenurhgjptubkk5zf5qhi3og/app.bsky.feed.generator/h-ios
Meaty Beaty Big & Bouncy,2024-06-26T17:23:41.103Z,2,0,armyvet1972.bsky.social,the big uns,at://did:plc:lqmk3yojyhz5tnoe5e6zzpma/app.bsky.feed.generator/aaapiyantf6h2
Brats 🔞,2025-08-26T20:55:47.507Z,2,0,realnsfw.social,realNSFW #brat #brats #bratty #BDSMbrat,at://did:plc:db645kt5coo7teuoxdjhq34x/app.bsky.feed.generator/aaabb6hya7tgy
BTS OT7 Engagement Feed,2024-09-12T16:08:01.549Z,2,0,everythinggoes1.bsky.social,BTS Bangtan Sonyeondan OT7 keyword feed sorted by engagement. Post visibility will degrade over time.   Please contact the creator for moderation!  // Made at BlueskyFeeds.com,at://did:plc:2dozc4lhicvbmpsbxnicvdpj/app.bsky.feed.generator/bts-ot7-engagem
Astrofeed Signups,2024-11-18T08:53:37.653Z,2,0,emily.space,A feed for Astronomy feed moderators that shows users waiting to sign up to the feed.,at://did:plc:jcoy7v3a2t4rcfdh6i4kza25/app.bsky.feed.generator/signup
Rust Hate,2025-03-22T22:03:06.554Z,2,0,sergio.bsky.col.social,Bad vibes posts about Rust Language. Keywords: #rustlang rustlang,at://did:plc:4ysnxi6vujpjhovgtn5k4ztr/app.bsky.feed.generator/1nlxe3kr0zdb1jh8.negative
Techsky Community,2025-07-29T00:05:08.111Z,2,0,johnax.com,"A Tech Community on Bluesky. Skeets about technology-related subjects. Use the #Techsky hashtag to get included.   Work in progress as new features get added.",at://did:plc:bok4f5nr5hgzrd6tgjdnevy6/app.bsky.feed.generator/aaaedk7wugnks
😴,2025-07-01T00:55:08.245Z,2,0,npckc.net,a feed that doesn't update with new posts for when i want a social media break 🍵 (has one post to stop bluesky from showing a no posts / follow more people message),at://did:plc:nbzzbakkvt7s2322eu4hihry/app.bsky.feed.generator/aaal5ahobkbpe
Belgique francophone,2025-07-26T17:03:06.105Z,2,0,pixeline.be,"Conversation en Français de Belgique.  algorithme: Posts en français extraits de la liste ""Belgians""",at://did:plc:v4zpi74gy7enfiwke7hmoxv5/app.bsky.feed.generator/aaaephzquadce
loltt,2024-08-31T23:24:20.145Z,2,0,pedrofracassi.dev,teste,at://did:plc:gqmxpbwrp57eaczyi3bwfxzg/app.bsky.feed.generator/aaaks5wwarphy
Sad Javascript,2025-03-22T21:47:25.048Z,2,0,sergio.bsky.col.social,Bad vibes posts about Javascript. Keywords: javascript #javascript,at://did:plc:4ysnxi6vujpjhovgtn5k4ztr/app.bsky.feed.generator/obr8o2uhpgxasrvq.negative
#tech,2023-05-22T13:44:12.510Z,2,0,skyfeed.xyz,Posts with #tech from the whole network,at://did:plc:tenurhgjptubkk5zf5qhi3og/app.bsky.feed.generator/h-tech
#Transitsky Video,2025-11-10T23:27:38.662Z,2,0,fema.monster,transitsky video,at://did:plc:lptjvw6ut224kwrj7ub3sqbe/app.bsky.feed.generator/transitsky-vid
Ubisoft,2025-11-13T19:08:19.063Z,2,0,bluetrends.bsky.social,"News on Ubisoft: earnings, reports, acquisitions and industry rumors. Covers financial moves and corporate developments.  Create your own feed with https://bluefacts.app/feed-builder ",at://did:plc:dnne5gbk6yjt4ej7as4x3ikl/app.bsky.feed.generator/ubisoft
Tsunami Alerts,2025-07-30T01:10:28.909Z,2,0,bluetrends.bsky.social,"Real-time notifications and updates on tsunami warnings, evacuation orders, and coastal risks following seismic events.  Create your own feed with https://bluefacts.app/feed-builder ",at://did:plc:dnne5gbk6yjt4ej7as4x3ikl/app.bsky.feed.generator/tsunami-warnings
BonusEruptus 2023 movies,2023-07-06T01:30:14.404Z,2,0,bonuseruptus.bsky.social,Keeping track of my movies watched for the year,at://did:plc:5fmou4emwcgbhslcnm6vdieu/app.bsky.feed.generator/aaactytvwhwiu
Artsy Posts by Rori,2024-09-09T23:08:54.071Z,2,0,roricomics.bsky.social,"Posts with comics and illustrations by me, some are adult, so proceed accordingly. Also some tutorials mixed in there.",at://did:plc:n5f7w4v7l65vjfaljp4727ng/app.bsky.feed.generator/aaanrqngivruk
mypoem,2025-04-14T11:38:41.082Z,2,0,punkpoet.bsky.social,"this is a feed of original poetry for the past 7 days-- only poems written by the poster. No haikus, no prompts, no poems of famous poets reposted, no self promotion. Only poems from the author!",at://did:plc:pu7hstzvvqqtcqk3ynnwol6q/app.bsky.feed.generator/aaagskxl7lz5e
Інтерактив,2023-08-28T17:40:30.182Z,2,0,dovgonosyk.bsky.social,Інтерактив(чик),at://did:plc:qgy7vt74xmouisyslwm3fgfj/app.bsky.feed.generator/aaadzced6qk3a
#youtube,2023-05-22T13:44:38.410Z,2,0,skyfeed.xyz,Posts with #youtube from the whole network,at://did:plc:tenurhgjptubkk5zf5qhi3og/app.bsky.feed.generator/h-youtube
テスト 2025/04/28,2025-04-28T04:56:43.181Z,2,0,so-asano.com,テストです。フィードのアバター画像の画質が改善されているはずです。,at://did:plc:pxwzal3aspfg2xnbbt2fjami/app.bsky.feed.generator/1967ac00c6b08cc
Bluesky Feed Developers,2025-07-29T00:26:07.704Z,2,0,rockom.bsky.social,"A feed for feed developers to talk tools, strategy and share information on developing feeds for Bluesky/AT protocol. #feeddev for inclusion",at://did:plc:fgnkp5yb6fuvxsqpqpnan46u/app.bsky.feed.generator/feeddev
Advent,2023-12-06T12:49:32.280Z,2,0,crowgirl42.bsky.social,"Collocates all messages with Advent, AdventFeed, AdventCalendar, AdventKalendar, ArtAdventCalendar, ArtAdventKalendar in the text.",at://did:plc:hngo2tdxmimlip4yk3paxag4/app.bsky.feed.generator/aaabb5gml7tke
До речі,2024-07-06T18:03:23.715Z,2,0,dovgonosyk.bsky.social,До речі,at://did:plc:qgy7vt74xmouisyslwm3fgfj/app.bsky.feed.generator/aaaismuzwt7g2
Swordtember! What's Hot ,2023-09-01T12:18:51.153Z,2,0,davis.social,"All mentions of ""swordtember"" — with or without the hashtag — using the Hacker New Ranking algorithm to sort",at://did:plc:2gx2noukxzwmj6dkxbmh3qt5/app.bsky.feed.generator/aaafd4z6zl3uc
🇺🇦 #urban,2025-01-20T07:58:53.147Z,2,0,bsky.one,"Пости з тегами #укрурбан, #урбан, #ukrurban, #urban від профілів з каталогу BSKY.ONE.  ⚠️⚠️⚠️ Якщо стрічка пуста, включіть українську в налаштуваннях в розділі Content languages.",at://did:plc:dvgliotey33vix3wlltybgkd/app.bsky.feed.generator/urban
#IGF2025,2025-07-28T23:35:52.811Z,2,0,aendra.com,Posts using the #igf2025 hashtag,at://did:plc:kkf4naxqmweop7dv4l2iqqf5/app.bsky.feed.generator/igf2025
Hedgehog,2023-07-08T15:09:22.163Z,2,0,afreeparticle.com,"any post with the word hedgehog, without any post with the word sonic",at://did:plc:l72uci4styb4jucsgcrrj5ap/app.bsky.feed.generator/aaadnwv5osffq
Trump & Putin,2025-08-08T23:08:22.809Z,2,0,bluetrends.bsky.social,"Posts analyzing interactions between Donald Trump and Vladimir Putin, including meetings, controversies, and geopolitical maneuvers.  Create your own feed with https://bluefacts.app/feed-builder ",at://did:plc:dnne5gbk6yjt4ej7as4x3ikl/app.bsky.feed.generator/trump-and-putin
Great Art! (what's hot),2024-11-25T06:16:50.558Z,2,0,davis.social,"Same as Great Art! feed, but with the hacker news ranking applied.",at://did:plc:2gx2noukxzwmj6dkxbmh3qt5/app.bsky.feed.generator/aaagd26uebmma
SMT 2,2025-07-29T00:08:42.006Z,2,0,davis.social,,at://did:plc:2gx2noukxzwmj6dkxbmh3qt5/app.bsky.feed.generator/sky-test-2
Infosec,2025-05-31T19:42:46.645Z,2,0,jhuntinfosec.com,Feed looking to re-build some of infosec Twitter with infosec practioner accounts on Blue Sky,at://did:plc:gvd47m7msfjm5vbt7fpcbmmw/app.bsky.feed.generator/aaacpvvlgaqys
#Mot_à_inventer,2023-11-11T06:55:01.387Z,2,0,angryprof39.bsky.social,"La liste des mots à inventer de toute urgence. Utilisez #mot_à_inventer (au singulier, au pluriel, avec ou sans accent). une fois le mot inventé, vous pouvez le proposer avec #mot_inventé",at://did:plc:67p5wv3647ipxhgfsdvg4qdq/app.bsky.feed.generator/aaalq5tlehcl2
Good News,2023-11-22T13:18:09.263Z,2,0,pixeline.be,"A ""feel good about the world"" feed. Skeets containing ""good news"" ""bonnes nouvelles"", ""joke"" and variations of it...",at://did:plc:v4zpi74gy7enfiwke7hmoxv5/app.bsky.feed.generator/aaaccgq45275u
the shit show,2023-08-23T20:26:18.678Z,2,0,andraste.fuckbgp.com,the GOP debate shit show  looks for the tag #GOPdebate in skeets over the last week,at://did:plc:3s2iaaxxqnyesuu3np56uv7y/app.bsky.feed.generator/aaacj2vcyg636
Cass's Postes,2025-04-18T01:15:07.282Z,2,0,starsetbyte.lol,"just a feed of all my posts sorted by random, might do some stuff to it",at://did:plc:mzx7sybipkgt4dgi5n6vdzpa/app.bsky.feed.generator/aaakklih6cktg
luiscordobaph,2025-03-20T01:18:24.950Z,2,0,luiscordoba.bsky.social,luiscordobaph like count,at://did:plc:gkdzhhasll5lweby2pnakh3c/app.bsky.feed.generator/aaakxjvg42x26
Happy Javascript,2025-03-22T21:47:16.951Z,2,0,sergio.bsky.col.social,Good vibes posts about Javascript. Keywords: javascript #javascript,at://did:plc:4ysnxi6vujpjhovgtn5k4ztr/app.bsky.feed.generator/obr8o2uhpgxasrvq.positive
blue_love,1970-01-01T00:00:00.000Z,2,0,so-asano.com,途中から再開したい場合はこのフィードを購読してください,at://did:plc:pxwzal3aspfg2xnbbt2fjami/app.bsky.feed.generator/blue_love-0
HumansOfBluesky,2025-08-14T18:06:42.903Z,2,0,luiscordoba.bsky.social,my @humansOfBlueSky by creation date,at://did:plc:gkdzhhasll5lweby2pnakh3c/app.bsky.feed.generator/aaaapymipa5z4
Trump & Merz,2025-06-05T17:30:13.849Z,1,0,bluetrends.bsky.social,"Posts discussing political exchanges between Trump and Merz, including historical references and transatlantic commentary in German and English.  Create your own feed with https://bluefacts.app/feed-builder ",at://did:plc:dnne5gbk6yjt4ej7as4x3ikl/app.bsky.feed.generator/trump-and-merz
Bangers,2025-10-15T20:01:18.627Z,1,0,bonnicula.bsky.social,Bonnicula's most popular tweets in descending order,at://did:plc:7dl6s4wfcygfxzxok46z5gtu/app.bsky.feed.generator/aaaj6txrlcn4s
Zelda Movie,2025-11-17T15:08:15.463Z,1,0,bluetrends.bsky.social,"Updates on the live-action adaptation of The Legend of Zelda, featuring production news, official images, and insights about the film.  Create your own feed with https://bluefacts.app/feed-builder ",at://did:plc:dnne5gbk6yjt4ej7as4x3ikl/app.bsky.feed.generator/zelda-movie
Zohran Mamdani,2025-06-24T15:14:11.139Z,1,0,bluetrends.bsky.social,Posts about Zohran Mamdani’s campaign that mention his full name or use his official hashtags. Excludes posts discussing Cuomo.  Create your own feed with https://bluefacts.app/feed-builder ,at://did:plc:dnne5gbk6yjt4ej7as4x3ikl/app.bsky.feed.generator/zohran-mamdani
Trump O'Donnell,2025-07-12T16:16:20.640Z,1,0,bluetrends.bsky.social,Posts discussing both Donald Trump and Rosie O'Donnell and their media interactions.  Create your own feed with https://bluefacts.app/feed-builder ,at://did:plc:dnne5gbk6yjt4ej7as4x3ikl/app.bsky.feed.generator/trump-and-o-donnell
El Mundo Today,2025-07-28T23:19:39.374Z,1,0,devingaffney.com,Trending content from El Mundo Today,at://did:plc:jijwtzgroy76samnivlqrpec/app.bsky.feed.generator/elmundotoday
Trump & Powell,2025-07-16T22:07:36.140Z,1,0,bluetrends.bsky.social,"Posts discussing controversies and interplay between Trump and Fed Chair Powell, focusing on policy debates and market reactions.  Create your own feed with https://bluefacts.app/feed-builder ",at://did:plc:dnne5gbk6yjt4ej7as4x3ikl/app.bsky.feed.generator/trump-and-powell
Zingbot,2025-09-18T01:10:00.411Z,1,0,bluetrends.bsky.social,Posts about Zingbot and its iconic BB27 moments. Catch all the latest zings and discussions related to the topic.  Create your own feed with https://bluefacts.app/feed-builder ,at://did:plc:dnne5gbk6yjt4ej7as4x3ikl/app.bsky.feed.generator/zingbot
Zia Yusuf,2025-06-05T18:30:28.865Z,1,0,bluetrends.bsky.social,Posts about Zia Yusuf's resignation as Reform UK chairman and related political controversies.  Create your own feed with https://bluefacts.app/feed-builder ,at://did:plc:dnne5gbk6yjt4ej7as4x3ikl/app.bsky.feed.generator/zia-yusuf
Zelenskyy,2025-09-24T16:08:17.751Z,1,0,bluetrends.bsky.social,"Posts and discussions about Ukrainian President Volodymyr Zelenskyy, highlighting his leadership and political impact.  Create your own feed with https://bluefacts.app/feed-builder ",at://did:plc:dnne5gbk6yjt4ej7as4x3ikl/app.bsky.feed.generator/zelenskyy
Criminally Underrated ,2025-07-30T04:50:29.208Z,1,0,joparkerbear.bsky.social,"The Most Underrated Social Media Posts in the Known Universe, brought to you by @tindizzy.bsky.social",at://did:plc:btj7htumgboprmobfodhw7wu/app.bsky.feed.generator/aaaftikkk25gc
Feral Hattie's Latest,2025-06-02T21:26:37.546Z,1,0,joparkerbear.bsky.social,New stuff,at://did:plc:btj7htumgboprmobfodhw7wu/app.bsky.feed.generator/aaadfboe6eg5k
twisted copper,2025-01-24T05:23:07.348Z,1,0,joparkerbear.bsky.social,,at://did:plc:btj7htumgboprmobfodhw7wu/app.bsky.feed.generator/aaajnptn7t75u
Veterans Day,2025-11-11T16:08:17.862Z,1,0,bluetrends.bsky.social,"Posts celebrating and reflecting on Veterans Day and military service. Join in tributes, discussions on honor, sacrifice, and support for veterans.  Create your own feed with https://bluefacts.app/feed-builder ",at://did:plc:dnne5gbk6yjt4ej7as4x3ikl/app.bsky.feed.generator/veterans-day
topic art,2024-02-13T22:07:18.015Z,1,0,why.bsky.team,topic detection based feed,at://did:plc:vpkhqolt662uhesyj6nxm7ys/app.bsky.feed.generator/topic-art
topic animals,2024-02-13T22:20:48.623Z,1,0,why.bsky.team,topic detection based feed,at://did:plc:vpkhqolt662uhesyj6nxm7ys/app.bsky.feed.generator/topic-animals
Videos from Comedians,2025-07-28T23:54:01.605Z,1,0,knowtheory.net,Videos from Comedians' feeds,at://did:plc:l5yz32nydpebjlcdfgycmf3x/app.bsky.feed.generator/comedians-video
Weird Experiment,2024-01-15T10:45:29.730Z,1,0,why.bsky.team,Experimental ML based post selection,at://did:plc:vpkhqolt662uhesyj6nxm7ys/app.bsky.feed.generator/qualitea
coolstuff,2023-05-24T13:28:59.015Z,1,0,why.bsky.team,,at://did:plc:vpkhqolt662uhesyj6nxm7ys/app.bsky.feed.generator/coolstuff
TEMP QPS,2023-06-21T12:16:24.448Z,1,0,why.bsky.team,nothing,at://did:plc:vpkhqolt662uhesyj6nxm7ys/app.bsky.feed.generator/allqps
batkaren's most liked,2024-11-17T21:05:22.447Z,1,0,batkaren.bsky.social,my mom definitely fucked that bat,at://did:plc:6ljac3gxzqxy56fhx7qu3jqd/app.bsky.feed.generator/aaadxwos4r242
💜PurpleSky💜,2024-12-12T19:17:09.551Z,1,0,purplesky.cloud,Change is there to be embraced,at://did:plc:lmfayevyjwlx4zid77uk6gmg/app.bsky.feed.generator/aaalynnziv6hk
Bluefeed について,2024-03-13T01:44:40.957Z,1,0,so-asano.com,Bluefeed についてかいたことをまとめました。,at://did:plc:pxwzal3aspfg2xnbbt2fjami/app.bsky.feed.generator/18e357ba297d37b
the cass feed,2025-01-19T17:03:48.548Z,1,0,starsetbyte.lol,just a feed for all my posts,at://did:plc:mzx7sybipkgt4dgi5n6vdzpa/app.bsky.feed.generator/aaalwhurjgkam
DemDocket news,2025-07-28T23:19:40.690Z,1,0,devingaffney.com,Trending content from Democracy Docket,at://did:plc:jijwtzgroy76samnivlqrpec/app.bsky.feed.generator/demdocket-test
All NSFW Top Liked,2025-01-05T22:08:02.557Z,1,0,realnsfw.social,,at://did:plc:db645kt5coo7teuoxdjhq34x/app.bsky.feed.generator/aaadq7onckpz2
Biosecurity 🦠🛡️,2024-12-05T18:08:31.960Z,1,0,stephenturner.us,Biosecurity and biodefense,at://did:plc:ppvxhapnptcy5v6cih3ynmzg/app.bsky.feed.generator/aaajo3u5tc7sy
Pale Girls,2025-08-26T20:57:06.060Z,1,0,realnsfw.social,(must be added to my realGirls list then use any #pale or #fair hashtag),at://did:plc:db645kt5coo7teuoxdjhq34x/app.bsky.feed.generator/aaabiwcl3aaue
Best of PoliUK,2024-07-04T16:45:25.973Z,1,0,manos.lol,Best of the PoliUK feed (https://bsky.app/profile/did:plc:phwfvz7yq3ulxhwjhqwccb2k/feed/poliuk).,at://did:plc:ffhsvgvnjwkbbhoi62pezi4x/app.bsky.feed.generator/aaanmtsb2eajg
Formula 1 (Links),2025-03-27T16:54:37.902Z,1,0,robpc.com,"Lights out and away we go! All the links about Formula 1 / F1.  Link posts excluded from the main feed that mention F1 or any number of related terms such as driver's names, track names, and many more. To opt-out use the terms ""nofeed"" or ""nof1"" in your post.",at://did:plc:gkvpokm7ec5j5yxls6xk4e3z/app.bsky.feed.generator/formula-one-link
ReadCube,2025-06-27T11:00:54.138Z,1,0,stephenturner.us,"Posts with a ReadCube link (links to read paywalled papers for free, usually from Nature journals)",at://did:plc:ppvxhapnptcy5v6cih3ynmzg/app.bsky.feed.generator/aaalb6b24u7so
New papers- WIP,2023-09-03T21:28:03.292Z,1,0,rabbitholer.bsky.social,This feed currently contains skeets/posts that include pubmed links. It is a work in progress.,at://did:plc:v336bgjhyj5suvc6ds5vkckg/app.bsky.feed.generator/aaafzob3hx33s
🎨 Art,2023-08-03T12:24:09.263Z,1,0,handle.invalid,"My portfolio, etc",at://did:plc:lelg6d2guxp3nvcnx7d52ejt/app.bsky.feed.generator/aaalztabz72oq
ambientmusic,2025-04-10T14:30:39.987Z,1,0,timerival.net,,at://did:plc:226wxdoyduxqq4ptg4yfseks/app.bsky.feed.generator/aaabbamygww34
Sick Hearts Club,2025-07-29T00:55:51.310Z,1,0,chadtmiller.com,,at://did:plc:bcgltzqazw5tb6k2g3ttenbj/app.bsky.feed.generator/sick-hearts-clu
Ask an Astronomer!,2025-03-03T20:12:56.858Z,1,0,emily.space,"Ask astronomers on Bluesky your burning questions by tagging your post with #AskAnAstronomer! Anyone can post here, although only your most recent question from the last 24 hours will show up. Posts made here must follow the rules at https://rules.astronomy.blue",at://did:plc:jcoy7v3a2t4rcfdh6i4kza25/app.bsky.feed.generator/questions
2nd degree,2024-08-03T20:13:46.510Z,1,0,mackuba.eu,Experimental SkyFeed feed: most liked posts from friends of friends from last 24h,at://did:plc:oio4hkxaop4ao4wz2pp3f4cr/app.bsky.feed.generator/aaaj2ftbjncfw
Design Systems People,2025-07-29T00:46:09.902Z,1,0,sid.st,"A feed that combines 3 design systems starter packs  1. Design Systems Starter Pack by @sturobson.com (https://go.bsky.app/MR3D82R) 2. Design Systems by @darn.es (https://go.bsky.app/Fw8LAbu) 3. Developers in Design Systems by @sid.st (https://go.bsky.app/4Py6nym)",at://did:plc:27c6rwbwbyazm53vcpnoecba/app.bsky.feed.generator/dsp
Nileo's Smut 2.0,2025-03-30T22:04:42.707Z,1,0,nileoart.rip,,at://did:plc:rv5zvltua2akdui2me5trtm6/app.bsky.feed.generator/aaaosflmbxk2e
Philly Phanatic Pheed,2025-09-13T22:35:31.009Z,1,0,simonlester.com,A feed with image/video posts of the world's greatest mascot.,at://did:plc:xqzu2eazvxb5fohoc4nap33y/app.bsky.feed.generator/philly-phanatic
AI imagery,2024-06-01T09:31:24.091Z,1,0,mary.my.id,"Posts tagged with the AI art hashtags, for educational purposes",at://did:plc:ia76kvnndjutgedggx2ibrem/app.bsky.feed.generator/aaangilcmplze
Following (Clean),2025-07-29T14:41:09.609Z,1,0,j4ck.xyz,"Following feed without reposts, replies or quote posts.",at://did:plc:4hawmtgzjx3vclfyphbhfn7v/app.bsky.feed.generator/fllwng
Fortnite (Trending),2025-07-29T14:39:07.402Z,1,0,j4ck.xyz,Trending Fortnite posts,at://did:plc:4hawmtgzjx3vclfyphbhfn7v/app.bsky.feed.generator/fortnite-trendi
Friends list (Trending),2025-07-29T14:39:48.802Z,1,0,j4ck.xyz,Friends list (Trending),at://did:plc:4hawmtgzjx3vclfyphbhfn7v/app.bsky.feed.generator/friends-list-tr
Wonderful Ed's Posts,2023-10-02T06:53:39.992Z,1,0,wonderfuled.bsky.social,Wonderful Ed's posts only - no replies or reposts. Follow me if you dare.,at://did:plc:47bjvj2hxjsqwkncnfuyaxsg/app.bsky.feed.generator/aaaozlkmuz3ze
iPod,2025-07-29T14:51:34.802Z,1,0,j4ck.xyz,A feed for posts about iPods!,at://did:plc:4hawmtgzjx3vclfyphbhfn7v/app.bsky.feed.generator/ipod
Only Azra,2024-09-16T03:59:42.312Z,1,0,aimeecozza.com,"This is my brainworm blorbo, Azra. And these are his stories...",at://did:plc:orwmq33pobteowpzc5gzwwil/app.bsky.feed.generator/aaapr6xj2k46o
Dems on SEIU/Huerta,2025-06-08T14:11:57.847Z,1,0,davidsacerdote.bsky.social,"Mentions of either ""SEIU"" or ""Huerta"" in the past day by people on this list of Democrats https://bsky.app/profile/davidsacerdote.bsky.social/lists/3lcj7k6d7jt2t",at://did:plc:o4s55v3tsfph6whswxccpsia/app.bsky.feed.generator/aaae3itzbn2he
Democrats on Lisa Cook,2025-08-27T13:07:16.103Z,1,0,davidsacerdote.bsky.social,Democats talking about Lisa Cook,at://did:plc:o4s55v3tsfph6whswxccpsia/app.bsky.feed.generator/aaanfyck526ni
EXOLINE : EXO,2025-07-28T23:20:09.605Z,1,0,archidol.creator.blue,"The Ultimate EXO Skyline for EXO-L!  ⚠️ Please read this thread: https://bsky.app/profile/did:plc:q67sl2eyluz4pihms7bqeygm/post/3lfcexbe3bs2t 🤍 Visit my profile to see more Kpop Skyline Feed @archidol.creator.blue  Post that are not related to EXO might still appear in this feed.",at://did:plc:q67sl2eyluz4pihms7bqeygm/app.bsky.feed.generator/aaadoznpnbxhk
Dines Visual Artchive,2023-11-14T18:12:08.090Z,1,0,dinesvisual.bsky.social,Dines Visual art only feed,at://did:plc:by2cgk7725krzo3frtafx5ph/app.bsky.feed.generator/aaak74ufv6wz2
Experimental Poetry,2024-11-17T15:20:10.472Z,1,0,inkfishmagazine.bsky.social,"Experimental, concrete, vispo, erasure/blackout poets, magazines, competitions and small presses.",at://did:plc:umxuuowjv7qzudv7o53akim5/app.bsky.feed.generator/aaadvnfzqdzyq
Godot Tips and Tricks,2025-03-20T19:09:01.154Z,1,0,brysonmcbee.bsky.social,"Bryson's little custom feed with some particular tags for whenever someone might mention godot or other gamedev adjacent things with words like ""tip"" or ""trick"" or ""tutorial""!",at://did:plc:s75zwktw2l36mshgzioj2r3e/app.bsky.feed.generator/aaaljzyz2mqx4
Shot on Film,2025-07-29T01:03:24.804Z,1,0,clarabelle.xyz,film photography from real bluesky photographers! Tracking various photography hashtags and excluding AI and content scrapers to the best of my ability. 🫡,at://did:plc:geoqe3qls5mwezckxxsewys2/app.bsky.feed.generator/shotonfilm
Hi-Fi,2025-04-05T18:18:24.603Z,1,0,timerival.net,,at://did:plc:226wxdoyduxqq4ptg4yfseks/app.bsky.feed.generator/aaaaojis57fya
batkaren's least liked,2024-11-17T21:17:36.509Z,1,0,batkaren.bsky.social,my mom fucked a bat and these posts are unliked,at://did:plc:6ljac3gxzqxy56fhx7qu3jqd/app.bsky.feed.generator/aaadx65j5wznu
Mac,2025-07-29T14:39:10.508Z,1,0,j4ck.xyz,"Mac feed - in order of trending (likes/time, recently)",at://did:plc:4hawmtgzjx3vclfyphbhfn7v/app.bsky.feed.generator/mac
Mac mini,2025-07-29T14:39:10.311Z,1,0,j4ck.xyz,Mac mini feed,at://did:plc:4hawmtgzjx3vclfyphbhfn7v/app.bsky.feed.generator/mac-mini
Trending for the Team,2025-07-29T00:35:06.206Z,1,0,goose.art,"Top posts by people followed by BlueSky team. Must have at least 12 likes a la What's Hot Classic. Filters out screenshots, replies, quote posts, news, and general posts with bad vibes. Also, no sports (sorry if you like those!)  THIS FEED IS UNDER ACTIVE DEVELOPMENT, SORRY IF SOMETHING LOOKS WEIRD",at://did:plc:hsqwcidfez66lwm3gxhfv5in/app.bsky.feed.generator/bsky-team-hot
Pop Music 🎵,2025-07-04T23:22:11.441Z,1,0,j4ck.xyz,"Pop artists/bands from past 15 years or so, such as Taylor Swift, Ariana Grande, Bruno Mars, One Direction, Olivia Rodrigo, etc..  Created with surf.social",at://did:plc:4hawmtgzjx3vclfyphbhfn7v/app.bsky.feed.generator/pop-music--ym
new@dev,2025-03-27T23:18:38.508Z,1,0,atlearning.place,statusphere interactions feed,at://did:plc:ijh7f42zhznjbuklcy5jzfg7/app.bsky.feed.generator/new-at-dev
Shot on iPhone,2025-06-23T20:11:27.238Z,1,0,j4ck.xyz,A feed for all photos #ShotoniPhone 📸  Created with surf.social,at://did:plc:4hawmtgzjx3vclfyphbhfn7v/app.bsky.feed.generator/shot-on-iphon
VidList,2025-10-10T10:28:28.081Z,1,0,devingaffney.com,Vidlist!,at://did:plc:jijwtzgroy76samnivlqrpec/app.bsky.feed.generator/vidlist
Steam Games (Trending),2025-07-29T14:40:32.710Z,1,0,j4ck.xyz,Posts with links to Steam games -- ranked by most popular first.,at://did:plc:4hawmtgzjx3vclfyphbhfn7v/app.bsky.feed.generator/steam-games-tre
Storm Darragh,2025-07-29T14:39:50.502Z,1,0,j4ck.xyz,Storm Darragh feed (realtime),at://did:plc:4hawmtgzjx3vclfyphbhfn7v/app.bsky.feed.generator/storm-darragh
Under The Desk news feed,2025-07-28T23:19:39.384Z,1,0,devingaffney.com,Trending content from Under the Desk News,at://did:plc:jijwtzgroy76samnivlqrpec/app.bsky.feed.generator/utdnews-test
The Olympics,2025-07-29T14:39:10.707Z,1,0,j4ck.xyz,"The Olympics feed  #Paris24 #LA28 #Olympics #TheOlympics",at://did:plc:4hawmtgzjx3vclfyphbhfn7v/app.bsky.feed.generator/the-olympics
NS 2 Trending,2025-07-29T14:47:56.207Z,1,0,j4ck.xyz,Feed for the #NintendoSwitch 2 launch! Trending first!,at://did:plc:4hawmtgzjx3vclfyphbhfn7v/app.bsky.feed.generator/v5hdpaf1wtagkt6
vibe coding ✨,2025-07-29T14:47:34.806Z,1,0,j4ck.xyz,A feed for vibe coders!,at://did:plc:4hawmtgzjx3vclfyphbhfn7v/app.bsky.feed.generator/vbcdng
The Onion news feed,2025-07-28T23:19:38.412Z,1,0,devingaffney.com,Trending content from The Onion,at://did:plc:jijwtzgroy76samnivlqrpec/app.bsky.feed.generator/theonion-test
Plant Science Pulse,2025-06-13T11:53:53.945Z,1,0,botany.one,The most liked items from the past 24 hours and a bit.,at://did:plc:qau4bxir74udvsrci2wakk44/app.bsky.feed.generator/aaadkzct5u54a
Jersey Channel Islands,2025-11-21T19:32:22.532Z,1,0,j4ck.xyz,Jersey Channel Islands Feed - #jerseyci ,at://did:plc:4hawmtgzjx3vclfyphbhfn7v/app.bsky.feed.generator/jerseyci
Yoshi-P,2025-08-28T04:07:32.004Z,1,0,bluetrends.bsky.social,"Insights and commentary on Yoshi-P's opinions and impact across various online communities, filtering out unrelated gaming content.  Create your own feed with https://bluefacts.app/feed-builder ",at://did:plc:dnne5gbk6yjt4ej7as4x3ikl/app.bsky.feed.generator/yoshi-p
The Washington Post,2023-08-28T13:42:34.544Z,1,0,robpc.com,All the conversation about The Washington Post in one feed,at://did:plc:gkvpokm7ec5j5yxls6xk4e3z/app.bsky.feed.generator/wapo
Yankees,2025-08-09T05:08:58.208Z,1,0,bluetrends.bsky.social,"Latest baseball scores, insights, and updates from the New York Yankees.  Create your own feed with https://bluefacts.app/feed-builder ",at://did:plc:dnne5gbk6yjt4ej7as4x3ikl/app.bsky.feed.generator/yankees
XP Lee,2025-09-17T03:08:12.006Z,1,0,bluetrends.bsky.social,"Posts about XP Lee, the Minnesota House representative, including updates, announcements, and congratulatory messages.  Create your own feed with https://bluefacts.app/feed-builder ",at://did:plc:dnne5gbk6yjt4ej7as4x3ikl/app.bsky.feed.generator/xp-lee
Xi Focus,2025-10-10T17:09:03.133Z,1,0,bluetrends.bsky.social,"Posts discussing Xi’s leadership, policy actions, and global impacts, including economic and political developments related to Xi Jinping.  Create your own feed with https://bluefacts.app/feed-builder ",at://did:plc:dnne5gbk6yjt4ej7as4x3ikl/app.bsky.feed.generator/xi
Trump & Hollywood,2025-05-05T03:15:07.185Z,1,0,bluetrends.bsky.social,"Covers Trump's policies and commentary on Hollywood, focusing on tariffs affecting film production and the industry. Excludes unrelated tariff topics.  Create your own feed with https://bluefacts.app/feed-builder ",at://did:plc:dnne5gbk6yjt4ej7as4x3ikl/app.bsky.feed.generator/trump-and-hollywood
Xbox Pricing,2025-05-01T14:17:07.481Z,1,0,bluetrends.bsky.social,"Latest updates on Xbox pricing controversies, including price increases, hikes, and boycott discussions.  Create your own feed with https://bluefacts.app/feed-builder ",at://did:plc:dnne5gbk6yjt4ej7as4x3ikl/app.bsky.feed.generator/xbox-prices
Private Feed,2023-11-28T13:00:20.006Z,1,0,raitako.com,そういえば非公開feedって作れるの...?ということで、物は試しということで...,at://did:plc:rmpcdvowarn4rcz4slzl76k2/app.bsky.feed.generator/private-feed
進捗確認,2023-12-20T07:59:10.859Z,1,0,raitako.com,「#進捗」を含んだPostをすることによって、自分の進捗状況が時系列順でわかります。,at://did:plc:rmpcdvowarn4rcz4slzl76k2/app.bsky.feed.generator/progress
Xbox Games,2025-08-07T18:07:33.604Z,1,0,bluetrends.bsky.social,"Latest Xbox news and updates on titles, cancellations, announcements, and industry insights.  Create your own feed with https://bluefacts.app/feed-builder ",at://did:plc:dnne5gbk6yjt4ej7as4x3ikl/app.bsky.feed.generator/xbox-games
Xbox Ally,2025-10-15T16:08:42.622Z,1,0,bluetrends.bsky.social,"Posts discussing the Xbox Ally handheld device, including reviews, opinions, and insights on ROG collaborations.  Create your own feed with https://bluefacts.app/feed-builder ",at://did:plc:dnne5gbk6yjt4ej7as4x3ikl/app.bsky.feed.generator/xbox-ally
Xbox,2025-06-17T18:31:41.954Z,1,0,bluetrends.bsky.social,"Latest Xbox console and hardware news, updates, and discussions on partnerships and game announcements.  Create your own feed with https://bluefacts.app/feed-builder ",at://did:plc:dnne5gbk6yjt4ej7as4x3ikl/app.bsky.feed.generator/xbox
X Changes,2025-10-26T17:08:18.056Z,1,0,bluetrends.bsky.social,"Updates and discussions about changes on X, focusing on Grok integrations, algorithm pivots, and Elon Musk's interventions.  Create your own feed with https://bluefacts.app/feed-builder ",at://did:plc:dnne5gbk6yjt4ej7as4x3ikl/app.bsky.feed.generator/x-changes
Glitch / Art / Error,2025-12-11T16:10:46.230Z,1,0,yannoehl.bsky.social,Glitch and other forms of beauty born of error. Celebrating failure as a generative force.  This feed is curated and sorted by recency. To be thrown into the mix include #glitchart somewhere in your post or alt txt. Only posts with media are considered.,at://did:plc:ylniktydmweivveydqegruet/app.bsky.feed.generator/aaaockt2fpvjq
Tron,2025-10-11T02:09:18.284Z,1,0,bluetrends.bsky.social,"Posts about Tron films, games, and experiences. Includes discussions on movies (like Tron: Ares), video game references, and nostalgic moments.  Create your own feed with https://bluefacts.app/feed-builder ",at://did:plc:dnne5gbk6yjt4ej7as4x3ikl/app.bsky.feed.generator/tron
World Series,2025-10-12T04:08:41.091Z,1,0,bluetrends.bsky.social,"Latest updates and insights on MLB World Series match-ups, champions, and historical moments.  Create your own feed with https://bluefacts.app/feed-builder ",at://did:plc:dnne5gbk6yjt4ej7as4x3ikl/app.bsky.feed.generator/world-series
TAA Feed,2025-05-11T18:03:45.448Z,1,0,bluetrends.bsky.social,Fan reactions and highlights on Trent Alexander-Arnold. Celebrate his contributions and discuss controversial moments.  Create your own feed with https://bluefacts.app/feed-builder ,at://did:plc:dnne5gbk6yjt4ej7as4x3ikl/app.bsky.feed.generator/trent-alexander-arnold
WWE SmackDown,2025-05-17T03:54:58.548Z,1,0,bluetrends.bsky.social,"Latest match highlights, updates, and drama from WWE SmackDown events. Follow recaps and exclusive wrestling moments.  Create your own feed with https://bluefacts.app/feed-builder ",at://did:plc:dnne5gbk6yjt4ej7as4x3ikl/app.bsky.feed.generator/wwe-smackdown
WWE Raw,2025-05-20T00:30:38.943Z,1,0,bluetrends.bsky.social,"Latest WWE Raw updates: match previews, in-ring moments, and backstage insights.  Create your own feed with https://bluefacts.app/feed-builder ",at://did:plc:dnne5gbk6yjt4ej7as4x3ikl/app.bsky.feed.generator/wwe-raw
WWE NXT Spotlight,2025-04-30T11:31:36.679Z,1,0,bluetrends.bsky.social,"Stay updated on WWE NXT with the latest news, match updates, and behind-the-scenes commentary.  Create your own feed with https://bluefacts.app/feed-builder",at://did:plc:dnne5gbk6yjt4ej7as4x3ikl/app.bsky.feed.generator/wwe-nxt
WWE Matchup,2025-12-10T03:07:58.134Z,1,0,bluetrends.bsky.social,"Latest WWE and NXT matchups, rivalries, and in-ring action updates. Excludes generic trending announcements.  Create your own feed with https://bluefacts.app/feed-builder ",at://did:plc:dnne5gbk6yjt4ej7as4x3ikl/app.bsky.feed.generator/wwe-matchup
WWE Raw,2025-06-24T03:11:20.735Z,1,0,bluetrends.bsky.social,"Live updates, highlights, and breakdowns of WWE Raw events in and out of the ring.  Create your own feed with https://bluefacts.app/feed-builder ",at://did:plc:dnne5gbk6yjt4ej7as4x3ikl/app.bsky.feed.generator/wwe
Portland Pulse,2025-08-15T17:07:45.206Z,1,0,bluetrends.bsky.social,"Curated posts reflecting local news, events, and community voices from Portland, Oregon.  Create your own feed with https://bluefacts.app/feed-builder ",at://did:plc:dnne5gbk6yjt4ej7as4x3ikl/app.bsky.feed.generator/trail-blazers
Alternate Mobile Phot...,2025-06-29T16:01:45.045Z,1,0,j4ck.xyz,"A feed for all posts about mobile photography around apps that try to remove the processing of photos.  Apps such as Zerocam, Mood.camera, Halide, Leica LUX, etc… no processing involved! (for most).  Created with surf.social",at://did:plc:4hawmtgzjx3vclfyphbhfn7v/app.bsky.feed.generator/alternate-mob
Apple Intelligence,2025-07-29T14:39:10.012Z,1,0,j4ck.xyz,Apple Intelligence feed,at://did:plc:4hawmtgzjx3vclfyphbhfn7v/app.bsky.feed.generator/apple-intellige
ATProto Berlin,2025-11-16T18:27:17.861Z,1,0,j4ck.xyz,"A feed showing posts about the #ATProto_Ber / AT Protocol Berlin conference  #atproto ",at://did:plc:4hawmtgzjx3vclfyphbhfn7v/app.bsky.feed.generator/atproto-berlin
#CES2025 Feed,2025-07-29T14:41:38.607Z,1,0,j4ck.xyz,#CES2025 feed,at://did:plc:4hawmtgzjx3vclfyphbhfn7v/app.bsky.feed.generator/ces25
WWDC 25,2025-06-09T17:33:56.751Z,1,0,bluetrends.bsky.social,"Curated posts on Apple's WWDC 25, including live reporting, announcements, and commentary on the event.  Create your own feed with https://bluefacts.app/feed-builder ",at://did:plc:dnne5gbk6yjt4ej7as4x3ikl/app.bsky.feed.generator/wwdc-25
WSJ Controversy,2025-09-12T18:08:16.506Z,1,0,bluetrends.bsky.social,"Posts examining controversies and criticisms involving WSJ, filtering out neutral reporting.  Create your own feed with https://bluefacts.app/feed-builder ",at://did:plc:dnne5gbk6yjt4ej7as4x3ikl/app.bsky.feed.generator/wsj-controversy
Eurovision 2025,2025-07-29T14:50:08.508Z,1,0,j4ck.xyz,"Eurovision 2025 feed!  #Eurovision #eurovision2025 ",at://did:plc:4hawmtgzjx3vclfyphbhfn7v/app.bsky.feed.generator/ervsn
Request Finder,2024-11-20T00:39:36.689Z,1,0,daryllmarie.bsky.social,Please disregard,at://did:plc:ffkgesg3jsv2j7aagkzrtcvt/app.bsky.feed.generator/requestfinder
Wxm AFC,2025-11-08T18:07:55.159Z,1,0,bluetrends.bsky.social,"Curated posts featuring match highlights, fan updates, and discussions about Wxm AFC.  Create your own feed with https://bluefacts.app/feed-builder ",at://did:plc:dnne5gbk6yjt4ej7as4x3ikl/app.bsky.feed.generator/wxm-afc
topic gaming,2024-02-13T22:06:52.754Z,1,0,why.bsky.team,topic detection based feed,at://did:plc:vpkhqolt662uhesyj6nxm7ys/app.bsky.feed.generator/topic-gaming
korraiko / Commissions,2025-07-09T10:14:47.337Z,1,0,korraiko.bsky.social,,at://did:plc:x7rp257pdxmhljcsztertz5o/app.bsky.feed.generator/aaamnorliv3ti
topic sports,2024-02-27T10:56:50.976Z,1,0,why.bsky.team,topic detection based feed,at://did:plc:vpkhqolt662uhesyj6nxm7ys/app.bsky.feed.generator/topic-sports
😒 UGH,2025-10-06T02:42:25.259Z,1,0,francesmeh.reviews,experimental,at://did:plc:2hwwem55ce6djnk6bn62cstr/app.bsky.feed.generator/aaakk5f4wsmpu
BlueFin… Filtered,2025-07-29T00:56:20.407Z,1,0,thinkyparts.bsky.social,"BlueFin list, politics removed.",at://did:plc:ktp2ld7ndrfviqzoveuz5yng/app.bsky.feed.generator/bluefin-filtere
topic writing,2024-02-27T10:56:33.588Z,1,0,why.bsky.team,topic detection based feed,at://did:plc:vpkhqolt662uhesyj6nxm7ys/app.bsky.feed.generator/topic-writing
dance lc,2025-07-18T01:18:25.042Z,1,0,luiscordoba.bsky.social,my dance lc,at://did:plc:gkdzhhasll5lweby2pnakh3c/app.bsky.feed.generator/aaahz6o4fqfia
#BB26,2024-11-21T05:31:49.276Z,1,0,bbgossip.bsky.social,A feed showing any post (or image Alt Text) containing #BB26 or BB26 over the last 7 days.,at://did:plc:3ovfbpy4lnx4i43k4742rxfi/app.bsky.feed.generator/aaae2gqgwbnb4
Filmmakers,2025-01-31T19:24:56.750Z,1,0,tinch.co,"Directors, writers, and makers of films and movies.",at://did:plc:beah24la7qhm2df6qm65ff2w/app.bsky.feed.generator/aaakqwrempmza
Seriously Silly,2025-01-10T17:40:33.062Z,1,0,james.tarnation.lol,"Based on @james.tarnation.lol's list ""doin the rounds"". Shows posts from users on that list, newest first, filters out replies, reposts, and duplicates.",at://did:plc:3m5c2aiko7heyjmwbrkp3ym5/app.bsky.feed.generator/aaadbl43ugwda
Tyrese Haliburton,2025-06-06T06:34:53.648Z,1,0,bluetrends.bsky.social,"Posts about Tyrese Haliburton's NBA highlights, performances, and key moments.  Create your own feed with https://bluefacts.app/feed-builder ",at://did:plc:dnne5gbk6yjt4ej7as4x3ikl/app.bsky.feed.generator/tyrese-haliburton
Tyreek Hill,2025-09-30T02:06:45.057Z,1,0,bluetrends.bsky.social,"Latest news and updates on NFL wide receiver Tyreek Hill, focusing on injuries, game updates, and analysis.  Create your own feed with https://bluefacts.app/feed-builder ",at://did:plc:dnne5gbk6yjt4ej7as4x3ikl/app.bsky.feed.generator/tyreek-hill
Tyre Nichols News,2025-05-07T20:16:15.441Z,1,0,bluetrends.bsky.social,"Updates, news, and analysis on the Tyre Nichols case—covering legal verdicts, police accountability, and related headlines.  Create your own feed with https://bluefacts.app/feed-builder ",at://did:plc:dnne5gbk6yjt4ej7as4x3ikl/app.bsky.feed.generator/tyre-nichols
Tyler Robinson,2025-09-12T16:08:57.763Z,1,0,bluetrends.bsky.social,"Discussions and commentary about Tyler Robinson, focusing on his background and political ties.  Create your own feed with https://bluefacts.app/feed-builder ",at://did:plc:dnne5gbk6yjt4ej7as4x3ikl/app.bsky.feed.generator/tyler-robinson
Tylenol Lawsuit,2025-10-28T15:06:49.055Z,1,0,bluetrends.bsky.social,"Curated posts covering legal actions and controversies involving Tylenol, including lawsuits and Texas AG Paxton developments.  Create your own feed with https://bluefacts.app/feed-builder ",at://did:plc:dnne5gbk6yjt4ej7as4x3ikl/app.bsky.feed.generator/tylenol-lawsuit
Posta,2025-01-13T17:50:32.253Z,1,0,jeffg.ca,"A meta-feed that tries to capture posts from the sometimes-popular ""if you see this, post a $thing""",at://did:plc:r33d6wynfbi5mfinrjqfbmt5/app.bsky.feed.generator/aaai6d6u444ew
portrait lc,2025-09-18T18:25:35.208Z,1,0,luiscordoba.bsky.social,my portrait feed,at://did:plc:gkdzhhasll5lweby2pnakh3c/app.bsky.feed.generator/aaahz5tnhxgro
Witkoff,2025-08-26T19:08:03.709Z,1,0,bluetrends.bsky.social,"Posts featuring Witkoff commentary on politics, Nobel mentions, and current news updates.  Create your own feed with https://bluefacts.app/feed-builder ",at://did:plc:dnne5gbk6yjt4ej7as4x3ikl/app.bsky.feed.generator/witkoff
コロナ後遺症,2024-07-18T06:24:12.815Z,1,0,matope.bsky.social,コロナ後遺症関連の情報を集めています,at://did:plc:kzxl37blybhp7kvn2clme7j2/app.bsky.feed.generator/aaadonutdl5c4
UPS Crash,2025-11-05T01:08:02.559Z,1,0,bluetrends.bsky.social,"Real-time updates and reactions on the recent UPS flight incident, including the Louisville takeoff crash and investigation details.  Create your own feed with https://bluefacts.app/feed-builder ",at://did:plc:dnne5gbk6yjt4ej7as4x3ikl/app.bsky.feed.generator/ups-crash
luiscordobadt,2025-03-31T13:54:50.506Z,1,0,luiscordoba.bsky.social,luiscordoba down to top count,at://did:plc:gkdzhhasll5lweby2pnakh3c/app.bsky.feed.generator/aaaoy6i4fzk3g
WNBA,2025-10-09T02:08:49.154Z,1,0,bluetrends.bsky.social,"Latest updates, discussions, and insights about the Women's National Basketball Association, including game highlights and player news.  Create your own feed with https://bluefacts.app/feed-builder ",at://did:plc:dnne5gbk6yjt4ej7as4x3ikl/app.bsky.feed.generator/wnba
UPenn Issues,2025-07-01T21:14:45.944Z,1,0,bluetrends.bsky.social,"A collection of posts discussing controversies, policies, and alumni perspectives related to UPenn.  Create your own feed with https://bluefacts.app/feed-builder ",at://did:plc:dnne5gbk6yjt4ej7as4x3ikl/app.bsky.feed.generator/upenn
Wolves Hub,2025-05-09T03:16:20.045Z,1,0,bluetrends.bsky.social,"Stay updated on the Wolves: game highlights, wins, plays, and standout moments from the team. Matches posts that mention Wolves in a sports context.  Create your own feed with https://bluefacts.app/feed-builder ",at://did:plc:dnne5gbk6yjt4ej7as4x3ikl/app.bsky.feed.generator/wolves
topic comics,2024-03-25T16:43:17.877Z,1,0,why.bsky.team,topic detection based feed,at://did:plc:vpkhqolt662uhesyj6nxm7ys/app.bsky.feed.generator/topic-comics
World Cup,2025-06-17T11:20:00.050Z,1,0,bluetrends.bsky.social,"Latest discussions, matchups, controversies, and updates on the FIFA World Cup tournaments among national teams.  Create your own feed with https://bluefacts.app/feed-builder ",at://did:plc:dnne5gbk6yjt4ej7as4x3ikl/app.bsky.feed.generator/world-cup
Newsmast Ideas,2024-06-24T11:38:25.065Z,1,0,newsmastfoundation.org,"A list of Newsmast Communities. Primarily for internal purposes.  Towards a more democratic, better social media - connecting people between platforms: Bluesky, Threads, Mastodon & more🕸️See something interesting? Follow  @ap.brid.gy  and you’ll be able to interact with the post.",at://did:plc:vnycpb2e4lh4tc7oyr3n2jvh/app.bsky.feed.generator/aaaet6apvtod4
World Cup Draw,2025-12-05T18:08:35.035Z,1,0,bluetrends.bsky.social,"Humorous commentary on the World Cup draw event, excluding official news updates.  Create your own feed with https://bluefacts.app/feed-builder ",at://did:plc:dnne5gbk6yjt4ej7as4x3ikl/app.bsky.feed.generator/world-cup-draw
Maki Naro Art,2024-09-04T16:17:23.538Z,1,0,makinaro.com,"Maki Naro's BlueSky art feed. Comics, illustration, and more. For his full portfolio, check out makinaro.com",at://did:plc:3326azjqe4xdmpkmswkc524d/app.bsky.feed.generator/aaals4257gm5i
無色／カラーレスの石,2024-02-19T02:56:27.311Z,1,0,neohimeism.bsky.social,無色／カラーレスの石の個人まとめ,at://did:plc:3nwkfnr3kw464kdmywbkeuqs/app.bsky.feed.generator/18dbf47affe804b
United Airlines,2025-08-07T02:11:39.005Z,1,0,bluetrends.bsky.social,"Latest updates on United Airlines flights, delays, and outages from industry and news sources.  Create your own feed with https://bluefacts.app/feed-builder ",at://did:plc:dnne5gbk6yjt4ej7as4x3ikl/app.bsky.feed.generator/united-airlines
UMass Shooting,2025-09-11T22:08:21.504Z,1,0,bluetrends.bsky.social,"Posts covering the UMass Boston shooting incident with police responses, campus alerts, and ongoing updates from the scene.  Create your own feed with https://bluefacts.app/feed-builder ",at://did:plc:dnne5gbk6yjt4ej7as4x3ikl/app.bsky.feed.generator/umass-shooting
World Goth Day,2025-05-22T19:32:21.351Z,1,0,bluetrends.bsky.social,"Celebrating World Goth Day with artistic expressions, unique style, and cultural flair. Posts include greetings, creative takes, and observances using the phrase and hashtag.  Create your own feed with https://bluefacts.app/feed-builder ",at://did:plc:dnne5gbk6yjt4ej7as4x3ikl/app.bsky.feed.generator/world-goth-day
Wolves vs Thunder,2025-05-25T02:51:20.949Z,1,0,bluetrends.bsky.social,"NBA game analysis and highlights for Wolves vs Thunder matchups. Follow key plays, scores, and moments from their clashes.  Create your own feed with https://bluefacts.app/feed-builder ",at://did:plc:dnne5gbk6yjt4ej7as4x3ikl/app.bsky.feed.generator/wolves-vs-thunder
My Bangers (Text/Video),2025-03-09T10:03:53.553Z,1,0,pogue.omg.lol,These are my bangers with just text (no images) and video (I'm still trying to figure out how to hide video results),at://did:plc:cipv3arp27zug6ugyk7fv76o/app.bsky.feed.generator/aggn5xfrjnbcw
For.You,2025-08-01T05:32:08.502Z,1,0,barometer.digital,Personalized feed that uses natural language process and network analysis.,at://did:plc:yhhtets4kkizqtsyukhlwnld/app.bsky.feed.generator/for-you
My Fursuits,2023-08-18T20:15:01.501Z,1,0,neonslushie.com,Suits I own or am working on!  🧵 Nico by MultiColorBark  👽 Vio the Xero Foam Base by catnapcreations Head by NeonSlushie (me!) Everything else by ThatsFurredUp,at://did:plc:wly57tgt7riwts4z76vqqeqt/app.bsky.feed.generator/aaaawdn7om7i6
dszlikes,2025-10-08T17:54:34.260Z,1,0,dasharez0ne.bsky.social,dszlikes,at://did:plc:sxxnhzipsapdm5inx44fr322/app.bsky.feed.generator/aaamj5jb4mj4m
My posts,2025-01-13T23:28:03.161Z,1,0,outonthemoors.bsky.social,,at://did:plc:rzgxnxi42gyskrxw247ofmee/app.bsky.feed.generator/aaacr65gh5nde
Fediverse (GS),2024-12-10T22:36:45.554Z,1,0,edavis.dev,"feed for all things fediverse, activitypub, and mastodon",at://did:plc:4nsduwlpivpuur4mqkbfvm6a/app.bsky.feed.generator/fediverse
feed-2,2025-01-26T00:06:04.652Z,1,0,so-asano.com,自分の Like とか他ユーザの Like で変動するフィードです,at://did:plc:pxwzal3aspfg2xnbbt2fjami/app.bsky.feed.generator/feed-2
repj,2025-04-09T02:59:29.987Z,1,0,luiscordoba.bsky.social,repj,at://did:plc:gkdzhhasll5lweby2pnakh3c/app.bsky.feed.generator/aaabqmgcfvx66
Vancouver,2025-07-28T23:20:25.034Z,1,0,bmann.ca,A feed with Vancouver content,at://did:plc:2cxgdrgtsmrbqnjkwyplmp43/app.bsky.feed.generator/vancouver
Github projects news,2024-12-12T15:34:50.155Z,1,0,license-token.com,New of github projects. Goal is to find these small indie project releases or updates done in research.  In special new projects need the support from the community to be successful. This feed shall make them easier to find.,at://did:plc:evs3r7x66yqpvlqkwfzku2dw/app.bsky.feed.generator/aaalw7uk52n5c
Trump Putin Summit,2025-08-16T17:08:55.303Z,1,0,bluetrends.bsky.social,"Latest updates from the Trump-Putin Summit in Anchorage, covering meetings, press conferences, and leaked documents from the Alaska event.  Create your own feed with https://bluefacts.app/feed-builder ",at://did:plc:dnne5gbk6yjt4ej7as4x3ikl/app.bsky.feed.generator/trump-putin-summit
Trump Commutes Santos,2025-10-18T00:08:14.858Z,1,0,bluetrends.bsky.social,"Posts about Trump's decision to commute or pardon George Santos, requiring explicit mentions of commuting or pardon.  Create your own feed with https://bluefacts.app/feed-builder ",at://did:plc:dnne5gbk6yjt4ej7as4x3ikl/app.bsky.feed.generator/trump-commutes-santos
Trump Pardons,2025-05-27T22:29:44.545Z,1,0,bluetrends.bsky.social,Posts covering Donald Trump's pardoning of Todd and Julie Chrisley along with related controversies and expert commentary.  Create your own feed with https://bluefacts.app/feed-builder ,at://did:plc:dnne5gbk6yjt4ej7as4x3ikl/app.bsky.feed.generator/trump-pardons
Trump Lawsuits,2025-05-19T17:29:52.047Z,1,0,bluetrends.bsky.social,"Updates on Donald Trump's lawsuits and legal battles, covering courtroom controversies and legal wrangles.  Create your own feed with https://bluefacts.app/feed-builder ",at://did:plc:dnne5gbk6yjt4ej7as4x3ikl/app.bsky.feed.generator/trump-lawsuit
Unshape,2023-11-22T09:12:30.499Z,1,0,tdassise.bsky.social,"News about Unshape: updates, fixes and so on.  Subscribe to Unshape to automate your posts using Zapier and Make: https://www.unshape.app/bluesky-bot/",at://did:plc:zrorfsettofvnoguuyk6cart/app.bsky.feed.generator/aaapme727koj6
Trump Iran Deal,2025-05-15T15:30:50.951Z,1,0,bluetrends.bsky.social,Posts about Trump's involvement in Iran's nuclear deal negotiations and the ensuing debates over policy and strategy.  Create your own feed with https://bluefacts.app/feed-builder ,at://did:plc:dnne5gbk6yjt4ej7as4x3ikl/app.bsky.feed.generator/trump-iran-deal
Three Hour Coup,2024-12-03T22:44:37.459Z,1,0,cfeeley.org,Temporary South Korea coup,at://did:plc:bz36isntml36mj67o4hubnbr/app.bsky.feed.generator/aaai43hgfqrhy
Posta!!!,2024-02-03T00:33:58.785Z,1,0,jeffg.ca,"A meta-feed that tries to capture posts from the sometimes-popular ""if you see this, post a $thing""",at://did:plc:r33d6wynfbi5mfinrjqfbmt5/app.bsky.feed.generator/posta-feed
Tylenol Talk,2025-09-23T00:08:22.402Z,1,0,bluetrends.bsky.social,"Discussions about Tylenol including safety, usage controversies, and diverse opinions from various perspectives.  Create your own feed with https://bluefacts.app/feed-builder ",at://did:plc:dnne5gbk6yjt4ej7as4x3ikl/app.bsky.feed.generator/tylenol
mutuals by skyfeed ,2025-09-18T01:45:42.902Z,1,0,luiscordoba.bsky.social,list://{{$user.did}}/mutuals 24 hs,at://did:plc:gkdzhhasll5lweby2pnakh3c/app.bsky.feed.generator/aaabjp7bbfcyu
MEDIA LC,2025-08-25T17:33:28.005Z,1,0,luiscordoba.bsky.social,my own media newer to old,at://did:plc:gkdzhhasll5lweby2pnakh3c/app.bsky.feed.generator/aaabby22ehomq
❤️lc,2025-04-07T20:34:18.100Z,1,0,luiscordoba.bsky.social,likers,at://did:plc:gkdzhhasll5lweby2pnakh3c/app.bsky.feed.generator/aaabbvbo4n77g
UNNES INFORMATION,2024-06-13T04:46:25.587Z,1,0,unnesmenfess.bsky.social,"Feed ini berisi menfess tentang segala informasi penting baik tentang akademik maupun non-akademik serta kehilangan atau penemuan barang.  Jika ada menfess yang menggunakan trigger ""-infoness"" maka akan otomatis masuk ke dalam feed ini.",at://did:plc:7cwsxcsp2lcy7mnugbuiq5dp/app.bsky.feed.generator/aaaay3cebodmw
Your Likes Ranking,2025-08-11T12:50:38.404Z,1,0,so-asano.com,Shows a ranking of posts you've recently liked.,at://did:plc:pxwzal3aspfg2xnbbt2fjami/app.bsky.feed.generator/your-likes-ranking
TestFeed!,2024-06-28T20:52:07.336Z,1,0,emmanuel.bsky.nyc,testibg,at://did:plc:f7gdbr6mkxcukdnjd7vdl4q4/app.bsky.feed.generator/aaagbhjjlexj4
My Bangers (Everything),2025-03-09T10:09:22.647Z,1,0,pogue.omg.lol,All my bangers (including images & comic strips),at://did:plc:cipv3arp27zug6ugyk7fv76o/app.bsky.feed.generator/aaahuxp6f4nya
Art,2024-11-18T17:17:38.079Z,1,0,emmz.bsky.social,posts with images from artists I like,at://did:plc:ekakc6ukwom6kbkhttmf5iot/app.bsky.feed.generator/aaafzcponj76k
めちゃくちゃあたる占い,1970-01-01T00:00:00.000Z,1,0,so-asano.com,めちゃくちゃあたる占いです,at://did:plc:pxwzal3aspfg2xnbbt2fjami/app.bsky.feed.generator/uranai-2
Twins vs Yankees,2025-09-16T05:10:00.106Z,1,0,bluetrends.bsky.social,Posts discussing matchups and updates between the Minnesota Twins and New York Yankees.  Create your own feed with https://bluefacts.app/feed-builder ,at://did:plc:dnne5gbk6yjt4ej7as4x3ikl/app.bsky.feed.generator/twins-vs-yankees
めちゃくちゃあたる占い,1970-01-01T00:00:00.000Z,1,0,so-asano.com,めちゃくちゃあたる占いです,at://did:plc:pxwzal3aspfg2xnbbt2fjami/app.bsky.feed.generator/uranai-1
ATmosphereConf Graze,2025-07-29T00:06:00.905Z,1,0,atprotocol.dev,Discussion around ATmosphereConf,at://did:plc:lehcqqkwzcwvjvw66uthu5oq/app.bsky.feed.generator/atmosphereconf
Tush Push,2025-05-21T16:32:31.847Z,1,0,bluetrends.bsky.social,"Posts discussing the Tush Push tactic in football with game analysis, fan reactions, and sports commentary.  Create your own feed with https://bluefacts.app/feed-builder ",at://did:plc:dnne5gbk6yjt4ej7as4x3ikl/app.bsky.feed.generator/tush-push
Family Computer,2023-09-03T23:29:44.671Z,1,0,bro3256.com,For your Family Computer (Famicom) needs.,at://did:plc:odt5jue4fpfofdfeeda6pfzo/app.bsky.feed.generator/aaaf5vbciffgu
gamebooktest001,1970-01-01T00:00:00.000Z,1,0,so-asano.com,はじめから遊びたい時だけこのフィードを購読してください,at://did:plc:pxwzal3aspfg2xnbbt2fjami/app.bsky.feed.generator/test-5
Fav,2024-10-20T19:48:48.194Z,1,0,emmz.bsky.social,a feed of quieter people I follow so I don't miss their posts,at://did:plc:ekakc6ukwom6kbkhttmf5iot/app.bsky.feed.generator/aaaahszoazxnq
Cats and Kitties,2024-12-12T20:25:25.753Z,1,0,license-token.com,A feed for people who love cats and cat content. Collects all the cat posts on bluesky... who is the most pretty kitty in the whole world. Let us find out here...,at://did:plc:evs3r7x66yqpvlqkwfzku2dw/app.bsky.feed.generator/aaalzbwkjuaj4
Art Talk,2023-05-26T16:42:16.282Z,1,0,handle.invalid,Mentions of art in its various forms,at://did:plc:xli6ltfng2enc7chgwff6hxk/app.bsky.feed.generator/art
#NSWEmergency,2025-11-26T07:14:10.130Z,1,0,allyann.bsky.social,#NSWEmergency  Feed to cover NSW Floods and Fires,at://did:plc:3sn6bogankaicebzdb7liro3/app.bsky.feed.generator/aaapf6exs54uu
#VicPol,2025-11-20T00:09:44.431Z,1,0,allyann.bsky.social,#VicPol  A feed for all Victorian Political posts with the tag #VicPol or #SpringSt,at://did:plc:3sn6bogankaicebzdb7liro3/app.bsky.feed.generator/aaajccapzei72
Venezuelan Strike,2025-09-03T01:09:51.504Z,1,0,bluetrends.bsky.social,"Posts covering military actions and controversies in Venezuela, including vessel strikes and ensuing political debates.  Create your own feed with https://bluefacts.app/feed-builder ",at://did:plc:dnne5gbk6yjt4ej7as4x3ikl/app.bsky.feed.generator/venezuelan-strike
Politico news feed,2025-07-28T23:19:38.485Z,1,0,devingaffney.com,Trending content from Politico,at://did:plc:jijwtzgroy76samnivlqrpec/app.bsky.feed.generator/politico-test
Politico News feed,2025-07-28T23:19:40.735Z,1,0,devingaffney.com,Trending content from Politico,at://did:plc:jijwtzgroy76samnivlqrpec/app.bsky.feed.generator/politico-trendi
US Credit Rating,2025-05-16T21:29:59.344Z,1,0,bluetrends.bsky.social,"Updates on U.S. fiscal outlook and Moody's rating changes, including credit rating downgrades and debt concerns affecting the United States.  Create your own feed with https://bluefacts.app/feed-builder ",at://did:plc:dnne5gbk6yjt4ej7as4x3ikl/app.bsky.feed.generator/us-credit-rating
Villanova Shooter,2025-08-21T22:09:02.407Z,1,0,bluetrends.bsky.social,"Live updates and eyewitness accounts on Villanova University incidents, featuring active shooter alerts and campus safety emergencies.  Create your own feed with https://bluefacts.app/feed-builder ",at://did:plc:dnne5gbk6yjt4ej7as4x3ikl/app.bsky.feed.generator/villanova-shooter
Bluecast Realtime Feed,2024-08-31T09:24:34.743Z,1,0,so-asano.com,Bluecast Realtime Feed Bluecast: https://www.bluecast.app/,at://did:plc:pxwzal3aspfg2xnbbt2fjami/app.bsky.feed.generator/bluecast-feed
Vine Reboot,2025-11-13T18:08:20.956Z,1,0,bluetrends.bsky.social,"Posts discussing Vine's revival, including diVine mentions, reboot announcements, and reactions to its return.  Create your own feed with https://bluefacts.app/feed-builder ",at://did:plc:dnne5gbk6yjt4ej7as4x3ikl/app.bsky.feed.generator/vine-reboot
About Me,2025-07-29T00:27:38.304Z,1,0,wanderlingworld.bsky.social,,at://did:plc:odqmsar3ikz5ubokya4sempk/app.bsky.feed.generator/aaab27qjtnwyy
Developers,2025-07-28T23:34:26.306Z,1,0,knotbin.com,"Developers building cool stuff. Still a work in progress, if you have any feedback or want to help improve, DM or tweet @knotbin.com",at://did:plc:6hbqm2oftpotwuw7gvvrui3i/app.bsky.feed.generator/devs
Virginia Giuffre,2025-07-29T19:08:08.501Z,1,0,bluetrends.bsky.social,Posts discussing Virginia Giuffre and controversies including testimonies involving Epstein and Trump.  Create your own feed with https://bluefacts.app/feed-builder ,at://did:plc:dnne5gbk6yjt4ej7as4x3ikl/app.bsky.feed.generator/virginia-giuffre
Venezuela Watch,2025-10-14T19:07:37.124Z,1,0,bluetrends.bsky.social,"Focused updates on Venezuelan political, military, and current events, including external interventions and key incidents like US strikes near Venezuelan waters.  Create your own feed with https://bluefacts.app/feed-builder ",at://did:plc:dnne5gbk6yjt4ej7as4x3ikl/app.bsky.feed.generator/venezuela
Vladimir G Jr,2025-10-04T23:08:26.862Z,1,0,bluetrends.bsky.social,"Highlights, plays, and fan reactions featuring Vladimir Guerrero Jr and his on-field heroics.  Create your own feed with https://bluefacts.app/feed-builder ",at://did:plc:dnne5gbk6yjt4ej7as4x3ikl/app.bsky.feed.generator/vladimir-guerrero-jr.
Vanri's Art,2023-09-05T00:51:06.207Z,1,0,vanridraws.bsky.social,The things I've drawn.,at://did:plc:gciy334j2czubkd2ty6ijl7e/app.bsky.feed.generator/aaaghvcwadg5o
Artificial Intelligence🧑‍💻,2025-05-22T02:12:13.149Z,1,0,sugataai.com,AI(Artificial Intelligence)  Feed,at://did:plc:xlupw2b5v6f7dm5hpvsco4eq/app.bsky.feed.generator/aaaktnz3mzibs
Trending News 📰,2025-05-22T02:13:06.345Z,1,0,sugataai.com,Trending News,at://did:plc:xlupw2b5v6f7dm5hpvsco4eq/app.bsky.feed.generator/aaak7zwh2b7ze
Vietnam,2025-07-02T15:15:35.142Z,1,0,bluetrends.bsky.social,Updates on political and business developments concerning Vietnam.  Create your own feed with https://bluefacts.app/feed-builder ,at://did:plc:dnne5gbk6yjt4ej7as4x3ikl/app.bsky.feed.generator/vietnam
Vikings vs Steelers,2025-09-28T18:09:36.257Z,1,0,bluetrends.bsky.social,"Coverage of the NFL clash between the Vikings and the Steelers. Expect analysis, highlights, and in-depth post-game reactions.  Create your own feed with https://bluefacts.app/feed-builder ",at://did:plc:dnne5gbk6yjt4ej7as4x3ikl/app.bsky.feed.generator/vikings-vs-steelers
Politik Talk TV,2024-12-19T13:32:19.452Z,1,0,license-token.com,Politik Talk Sendungen per hashtags: Markus Lanz  Hart aber fair Anne Will Maischberge Miosga Elefantenrunde Illner,at://did:plc:evs3r7x66yqpvlqkwfzku2dw/app.bsky.feed.generator/aaanwztodrmie
CITY SC Matchday,2025-01-29T02:32:05.067Z,1,0,stlcity.soccer,"It's almost Matchday! This feed will update with opponent-specific keywords 3 days prior and will remain open 2 days post-match. Then, we load up the next opoonent.   Preseason Match 2 vs. New York Red Bulls (January 29)",at://did:plc:3hbgzprqmnq45vym3mpzh6o4/app.bsky.feed.generator/aaak7jwchhxlg
Lincoln Project feed,2025-07-28T23:19:40.390Z,1,0,devingaffney.com,Trending content from the lincoln project,at://did:plc:jijwtzgroy76samnivlqrpec/app.bsky.feed.generator/lincoln-project
blue_love,1970-01-01T00:00:00.000Z,1,0,so-asano.com,ギャルゲー第 1 弾です！,at://did:plc:pxwzal3aspfg2xnbbt2fjami/app.bsky.feed.generator/blue_love-1
monicafeed,2024-04-18T02:44:35.746Z,1,0,bskyfeedtest.bsky.social,Posts incluyendo estes # en los últimos 3 días:  #salud #epidemiología #dengue #covid #riesgos #mosquitos #educación #estadística,at://did:plc:tw5z6ugeo2ulgibku7ghoqjd/app.bsky.feed.generator/aaanagpee7i2m
cardxyzfeed,2024-04-18T02:44:22.595Z,1,0,bskyfeedtest.bsky.social,Posts from past 3 days using:  #IA #Technology #Privacy #Bitcoin #Cibersecurity #Psychology #Economy #Philosophy #Decentralized #Theology,at://did:plc:tw5z6ugeo2ulgibku7ghoqjd/app.bsky.feed.generator/aaanaglwljgxm
Trump News - BSKY Users,2024-12-18T20:09:30.560Z,1,0,license-token.com,A feed searching all mentions of President Trump of Bluesky Users,at://did:plc:evs3r7x66yqpvlqkwfzku2dw/app.bsky.feed.generator/aaanwxyx7lc5a
test,2025-02-15T09:46:21.854Z,1,0,tulipsocial.com,test,at://did:plc:ksl6aeeojwgfafuswlhucmne/app.bsky.feed.generator/test
Fantasy,2025-02-02T19:52:43.863Z,1,0,tulipsocial.com,"new fantasy books  laine taylor jk rowling",at://did:plc:ksl6aeeojwgfafuswlhucmne/app.bsky.feed.generator/fantasy-voky
The New Yorker news feed,2025-07-28T23:19:38.565Z,1,0,devingaffney.com,Trending content from The New Yorker,at://did:plc:jijwtzgroy76samnivlqrpec/app.bsky.feed.generator/newyorker-test
NSFW,2023-05-26T17:02:23.337Z,1,0,handle.invalid,Conversations of the lewd and nude (standalone images on the way),at://did:plc:xli6ltfng2enc7chgwff6hxk/app.bsky.feed.generator/nsfw
OccupyDems feed,2025-07-28T23:19:40.725Z,1,0,devingaffney.com,Trending content from Occupy Democrats,at://did:plc:jijwtzgroy76samnivlqrpec/app.bsky.feed.generator/occupydems
alvinfeed,2024-04-18T02:44:43.264Z,1,0,bskyfeedtest.bsky.social,Posts incluyendo estes # en los últimos 3 días:  #Uruguay #veganismo #barefoot #zettelkasten #RedesSociales #microdosis #IA #btc #educacion #musica  Hecho a pedido de @alvin1967.bsky.social.,at://did:plc:tw5z6ugeo2ulgibku7ghoqjd/app.bsky.feed.generator/aaanahalnu4pg
Western Finals,2025-05-29T02:53:32.145Z,1,0,bluetrends.bsky.social,Posts covering the Western Conference Finals action featuring the Timberwolves and Wolves in high-stakes NBA games.  Create your own feed with https://bluefacts.app/feed-builder ,at://did:plc:dnne5gbk6yjt4ej7as4x3ikl/app.bsky.feed.generator/west-finals
West Point,2025-09-06T22:07:54.105Z,1,0,bluetrends.bsky.social,"Posts on controversies and discussions involving West Point, including cancelled ceremonies and related debates.  Create your own feed with https://bluefacts.app/feed-builder ",at://did:plc:dnne5gbk6yjt4ej7as4x3ikl/app.bsky.feed.generator/west-point
White House,2025-08-10T19:07:05.701Z,1,0,bluetrends.bsky.social,"Curated posts on White House events, officials, controversies, and political government discussions.  Create your own feed with https://bluefacts.app/feed-builder ",at://did:plc:dnne5gbk6yjt4ej7as4x3ikl/app.bsky.feed.generator/white-house
USDA Update,2025-11-04T18:08:16.362Z,1,0,bluetrends.bsky.social,"Latest on USDA actions, SNAP updates, court orders, and political debates on food support programs.  Create your own feed with https://bluefacts.app/feed-builder ",at://did:plc:dnne5gbk6yjt4ej7as4x3ikl/app.bsky.feed.generator/usda
Wicks MVP,2025-11-27T22:08:12.534Z,1,0,bluetrends.bsky.social,"Posts highlighting standout performances by Dontayvion Wicks, featuring key stats, huge plays, and standout games.  Create your own feed with https://bluefacts.app/feed-builder ",at://did:plc:dnne5gbk6yjt4ej7as4x3ikl/app.bsky.feed.generator/wicks-mvp
Wikipedia,2025-10-01T18:08:18.962Z,1,0,bluetrends.bsky.social,"Posts discussing Wikipedia's role, controversies, and its impact on unbiased fact-checking.  Create your own feed with https://bluefacts.app/feed-builder ",at://did:plc:dnne5gbk6yjt4ej7as4x3ikl/app.bsky.feed.generator/wikipedia
Wimbledon,2025-07-09T18:15:54.146Z,1,0,bluetrends.bsky.social,"Tennis tournament highlights including match news, player performances, and Wimbledon traditions.  Create your own feed with https://bluefacts.app/feed-builder ",at://did:plc:dnne5gbk6yjt4ej7as4x3ikl/app.bsky.feed.generator/wimbledon
Walmart Pricing,2025-08-21T15:09:58.012Z,1,0,bluetrends.bsky.social,"Posts on Walmart's price hikes and tariffs. Excludes deal alerts, price drops and other promotional pricing posts.  Create your own feed with https://bluefacts.app/feed-builder ",at://did:plc:dnne5gbk6yjt4ej7as4x3ikl/app.bsky.feed.generator/walmart-prices
USC Football,2025-11-22T23:07:58.933Z,1,0,bluetrends.bsky.social,"Updates on USC's football performance, including game highlights, penalties, and special teams action. Excludes legal references.  Create your own feed with https://bluefacts.app/feed-builder ",at://did:plc:dnne5gbk6yjt4ej7as4x3ikl/app.bsky.feed.generator/usc-football
Winter Solstice,2025-12-21T18:08:02.933Z,1,0,bluetrends.bsky.social,"Posts celebrating the winter solstice, seasonal art, festivities, and special moments marking the year's shortest day.  Create your own feed with https://bluefacts.app/feed-builder ",at://did:plc:dnne5gbk6yjt4ej7as4x3ikl/app.bsky.feed.generator/winter-solstice
US Strikes Iran,2025-06-22T02:06:26.943Z,1,0,bluetrends.bsky.social,"Posts covering US military actions, strikes, and bombings targeting Iran, with a focus on nuclear site attacks and conflict escalation.  Create your own feed with https://bluefacts.app/feed-builder ",at://did:plc:dnne5gbk6yjt4ej7as4x3ikl/app.bsky.feed.generator/us-strikes-iran
Wretched Art,2025-07-30T19:17:14.508Z,1,0,hypnoidiot.bsky.social,"A feed of nothing but my art! At the very least, art I feel is complete and contains my personal lil hashtag ;0c",at://did:plc:hixvvpg5vfa37n4ev4dnxn2b/app.bsky.feed.generator/aaalzmf5ywojk
skeethose posts only,2025-11-07T01:42:27.162Z,1,0,handle.invalid,,at://did:plc:dtn24gefohi7kioijopa7e4q/app.bsky.feed.generator/aaafx5qwce75y
US Open,2025-09-02T00:07:21.104Z,1,0,bluetrends.bsky.social,"Latest posts and commentary about the US Open tennis tournament, featuring match highlights and expert insights.  Create your own feed with https://bluefacts.app/feed-builder ",at://did:plc:dnne5gbk6yjt4ej7as4x3ikl/app.bsky.feed.generator/us-open
US Marines,2025-06-13T22:34:50.147Z,1,0,bluetrends.bsky.social,"Updates and discussions on the activities of the US Marines, including deployments, detentions, and policy news.  Create your own feed with https://bluefacts.app/feed-builder ",at://did:plc:dnne5gbk6yjt4ej7as4x3ikl/app.bsky.feed.generator/us-marines
Wirtz,2025-08-10T15:08:05.701Z,1,0,bluetrends.bsky.social,"Posts discussing Florian Wirtz's performance, style, and impact on the pitch in football context.  Create your own feed with https://bluefacts.app/feed-builder ",at://did:plc:dnne5gbk6yjt4ej7as4x3ikl/app.bsky.feed.generator/wirtz
PK Backwards,2024-12-22T19:00:23.051Z,1,0,professorkiosk.wtf,Professor Kiosk from the beginning,at://did:plc:plpviiolyyfxmopm6cqloy2b/app.bsky.feed.generator/aaajlesrbufag
UVA President,2025-06-27T18:14:37.942Z,1,0,bluetrends.bsky.social,"Posts about the University of Virginia president, covering resignations, controversies, and political influence in higher education.  Create your own feed with https://bluefacts.app/feed-builder ",at://did:plc:dnne5gbk6yjt4ej7as4x3ikl/app.bsky.feed.generator/uva-president
USWNT,2025-05-31T22:28:37.450Z,1,0,bluetrends.bsky.social,Real-time updates and highlights on the U.S. Women's National Soccer Team from game moments and analysis.  Create your own feed with https://bluefacts.app/feed-builder ,at://did:plc:dnne5gbk6yjt4ej7as4x3ikl/app.bsky.feed.generator/uswnt
Buffett Buzz,2025-05-03T22:14:43.881Z,1,0,bluetrends.bsky.social,"Curated posts on Warren Buffett's insights, retirement, economic commentary, and Berkshire Hathaway updates.  Create your own feed with https://bluefacts.app/feed-builder ",at://did:plc:dnne5gbk6yjt4ej7as4x3ikl/app.bsky.feed.generator/warren-buffett
/dev/zero,2025-07-29T01:00:25.102Z,1,0,verdverm.com,"A feed of nothing, beauty lives in the spaces we make ourselves",at://did:plc:2jtyqespp2zfodukwvktqwe6/app.bsky.feed.generator/devzero
Warriors Feed,2025-05-05T02:28:06.386Z,1,0,bluetrends.bsky.social,"Curated posts and discussions about the Golden State Warriors, including game updates, player performances, and in-game highlights.  Create your own feed with https://bluefacts.app/feed-builder ",at://did:plc:dnne5gbk6yjt4ej7as4x3ikl/app.bsky.feed.generator/warriors
Blebbit,2025-07-29T01:00:25.506Z,1,0,verdverm.com,"feed for Blebbit.app posts, mentions, and such",at://did:plc:2jtyqespp2zfodukwvktqwe6/app.bsky.feed.generator/blebbit
Verm's ATDev Feed,2025-07-29T01:00:25.308Z,1,0,verdverm.com,Mostly people I talk to and/or recognize from the ATProto dev community,at://did:plc:2jtyqespp2zfodukwvktqwe6/app.bsky.feed.generator/atdev-feed
Warriors vs Clippers,2025-10-29T04:08:21.951Z,1,0,bluetrends.bsky.social,"In-depth analysis and commentary on the Golden State Warriors and LA Clippers matchup. Posts must mention both teams and be on the court, not related to other contexts.  Create your own feed with https://bluefacts.app/feed-builder ",at://did:plc:dnne5gbk6yjt4ej7as4x3ikl/app.bsky.feed.generator/warriors-vs-clippers
Memphis Alt Music,2025-01-29T02:27:26.250Z,1,0,null0perat0r.bsky.social,Feed for #Memphis Alternative Music   #electronic #punk #indy #901hitone #901growlers #|hyperemo #emo #goth #industrial #garagerock #lofi #underground #metal #hardcore #gonerrecords,at://did:plc:ve7ekf2pwx2uboknh3ufsuaf/app.bsky.feed.generator/aaak67c2zu3wq
bmann follows not moots,2025-10-21T06:53:05.862Z,1,0,bmann.ca,"People I follow who aren't moots. This means I can browse my Mutuals feed, then switch to Not Moots to see all my other follows.",at://did:plc:2cxgdrgtsmrbqnjkwyplmp43/app.bsky.feed.generator/bmannnotmoots
Warriors vs Rockets,2025-05-01T03:16:24.688Z,1,0,bluetrends.bsky.social,"Real-time updates, stats, and commentary on the Warriors vs Rockets game. Posts must mention both teams to qualify.  Create your own feed with https://bluefacts.app/feed-builder ",at://did:plc:dnne5gbk6yjt4ej7as4x3ikl/app.bsky.feed.generator/warriors-vs-rockets
Waterfox,2025-12-17T00:08:19.831Z,1,0,bluetrends.bsky.social,"Discussions and reviews about the Waterfox browser, including user experiences, performance insights, and comparisons with Firefox and other browsers.  Create your own feed with https://bluefacts.app/feed-builder ",at://did:plc:dnne5gbk6yjt4ej7as4x3ikl/app.bsky.feed.generator/waterfox
USMCA Talks,2025-05-06T18:16:34.082Z,1,0,bluetrends.bsky.social,"Join discussions on the USMCA trade deal, including negotiations and political commentary.  Create your own feed with https://bluefacts.app/feed-builder ",at://did:plc:dnne5gbk6yjt4ej7as4x3ikl/app.bsky.feed.generator/usmca-talks
Wells Fargo,2025-10-07T17:08:17.960Z,1,0,bluetrends.bsky.social,"Posts discussing Wells Fargo's banking practices, controversies, and customer experiences.  Create your own feed with https://bluefacts.app/feed-builder ",at://did:plc:dnne5gbk6yjt4ej7as4x3ikl/app.bsky.feed.generator/wells-fargo
Wes Anderson,2025-05-28T18:29:36.846Z,1,0,bluetrends.bsky.social,"Celebrate the unique style of Wes Anderson with posts on his films, aesthetics, and storytelling. Enjoy fan reviews, archival finds, and discussions about his directing.  Create your own feed with https://bluefacts.app/feed-builder ",at://did:plc:dnne5gbk6yjt4ej7as4x3ikl/app.bsky.feed.generator/wes-anderson
Chill Zone,2025-07-29T00:27:54.308Z,1,0,wanderlingworld.bsky.social,My timeline when I'm just chillin'.,at://did:plc:odqmsar3ikz5ubokya4sempk/app.bsky.feed.generator/chill-zone
Wes Moore,2025-08-25T17:07:46.508Z,1,0,bluetrends.bsky.social,Updates and political commentary on Maryland Gov. Wes Moore with policy insights.  Create your own feed with https://bluefacts.app/feed-builder ,at://did:plc:dnne5gbk6yjt4ej7as4x3ikl/app.bsky.feed.generator/wes-moore
Bowen Island,2025-08-29T03:59:06.314Z,1,0,bmann.ca,Residents from Bowen and posts about the island,at://did:plc:2cxgdrgtsmrbqnjkwyplmp43/app.bsky.feed.generator/bowenisland
Moon's Art Feed,2024-10-22T04:08:16.869Z,1,0,aedmoon.bsky.social,"Feed for all the artworks I made! Be it fanarts, OC art, or random sketches.",at://did:plc:irlquu4qsoxmzlbsoslvbbjc/app.bsky.feed.generator/aaalex65r7i4y
Moody Musings,2024-11-14T00:25:33.982Z,1,0,beaveinflow.bsky.social,Ry's randomness in order.,at://did:plc:kvec6rzfk4af2gjfiu33ccf2/app.bsky.feed.generator/aaacqcpv752e4
Earl's posts about Data,2024-11-23T10:11:27.856Z,1,0,earlgreymemes.club,"All posts by EGM mentioning Data or Brent Spiner, including the #DatasDay celebration",at://did:plc:hopmtyvc3dhv62ofiuzii5t7/app.bsky.feed.generator/aaakbt2zschi6
Earl's first anniversary,2024-11-23T05:51:19.254Z,1,0,earlgreymemes.club,Earl commemorates one year of EGM by revisiting some of his favorite originals  [ID: Picard drinking Earl Grey],at://did:plc:hopmtyvc3dhv62ofiuzii5t7/app.bsky.feed.generator/aaafpdgnmbobm
#wga,2023-05-22T13:44:04.433Z,1,0,skyfeed.xyz,Posts with #wga from the whole network,at://did:plc:tenurhgjptubkk5zf5qhi3og/app.bsky.feed.generator/h-wga
#twitter,2023-05-22T13:44:08.891Z,1,0,skyfeed.xyz,Posts with #twitter from the whole network,at://did:plc:tenurhgjptubkk5zf5qhi3og/app.bsky.feed.generator/h-twitter
#tezos,2023-05-22T13:44:17.929Z,1,0,skyfeed.xyz,Posts with #tezos from the whole network,at://did:plc:tenurhgjptubkk5zf5qhi3og/app.bsky.feed.generator/h-tezos
Happy Colombia,2025-03-22T22:01:43.356Z,1,0,sergio.bsky.col.social,Good vibes posts about Colombia. Keywords: colombia bogota medellin cali barranquilla,at://did:plc:4ysnxi6vujpjhovgtn5k4ztr/app.bsky.feed.generator/0w7c7z93vzwusab9.positive
Sad ATProto,2025-03-22T22:00:16.248Z,1,0,sergio.bsky.col.social,Bad vibes takes about the AT Protocol ,at://did:plc:4ysnxi6vujpjhovgtn5k4ztr/app.bsky.feed.generator/2erhctcqt9i23t2g.negative
🐵,2023-10-18T13:58:12.734Z,1,0,flicknow.xyz,A feed of people howling,at://did:plc:wzsilnxf24ehtmmc3gssy5bu/app.bsky.feed.generator/aaaeh2gxetq4m
Happy ATProto,2025-03-22T22:00:06.153Z,1,0,sergio.bsky.col.social,Good vibes posts about ATProto. ,at://did:plc:4ysnxi6vujpjhovgtn5k4ztr/app.bsky.feed.generator/2erhctcqt9i23t2g.positive
WeRateDogs news feed,2025-07-28T23:19:40.673Z,1,0,devingaffney.com,Trending content from WeRateDogs,at://did:plc:jijwtzgroy76samnivlqrpec/app.bsky.feed.generator/weratedogs-test
Picklesburgh,2023-07-20T21:02:52.830Z,1,0,flicknow.xyz,All things Picklesburgh,at://did:plc:wzsilnxf24ehtmmc3gssy5bu/app.bsky.feed.generator/aaahkgf3ldtre
Spit-Roast 🔞,2025-10-22T01:34:13.160Z,1,0,gonewild.social,[WIP],at://did:plc:i5t7odtmmv7gtawckadaf6v4/app.bsky.feed.generator/Spit-Roast
👏,2023-09-18T22:37:37.099Z,1,0,flicknow.xyz,People nicely asking to clap,at://did:plc:wzsilnxf24ehtmmc3gssy5bu/app.bsky.feed.generator/aaakwsbo7nr4k
Threesomes,2025-10-22T02:28:38.662Z,1,0,gonewild.social,[WIP],at://did:plc:i5t7odtmmv7gtawckadaf6v4/app.bsky.feed.generator/3somes
Kyiv,2023-06-23T22:53:23.567Z,1,0,dovgonosyk.bsky.social,"Local city feed for Kyiv— includes posts that mention Kyiv, Київ",at://did:plc:qgy7vt74xmouisyslwm3fgfj/app.bsky.feed.generator/aaaotstoygxjq
Кияни - теремчанам,2023-12-08T18:38:38.805Z,1,0,dovgonosyk.bsky.social,"Фід, де теремчани можуть просити блускайчан допомогти переночувати у хаті ближче до центру Києва, а кияни - можуть запропонувати свою хату Хештеги: #допомогаютеремчанам, #шукаюхатуукиян",at://did:plc:qgy7vt74xmouisyslwm3fgfj/app.bsky.feed.generator/aaaevnjqtohzo
たべものシリーズ,2024-02-28T02:11:30.966Z,1,0,so-asano.com,割と人気ある？,at://did:plc:pxwzal3aspfg2xnbbt2fjami/app.bsky.feed.generator/18ded42ce9234f5
#AndrastePhotoJourney,2024-10-19T23:38:00.352Z,1,0,andraste.fuckbgp.com,,at://did:plc:3s2iaaxxqnyesuu3np56uv7y/app.bsky.feed.generator/aaannyqrts3rc
club1,2024-10-22T19:52:17.533Z,1,0,devin.divy.zone,,at://did:plc:xgs3qrwos3dwxmixoflcxrhu/app.bsky.feed.generator/club1
#cat,2023-05-22T13:44:11.652Z,1,0,skyfeed.xyz,Posts with #cat from the whole network,at://did:plc:tenurhgjptubkk5zf5qhi3og/app.bsky.feed.generator/h-cat
Uchoten Filter Posts,2024-11-30T11:00:53.456Z,1,0,ucho-ten.net,included #UchotenFilter #うちょーてんフィルター  BlueskyFeedCreator.com,at://did:plc:metxzqysekddoeuepe7inggd/app.bsky.feed.generator/uchoten-filter
Spotify List,2024-09-21T23:08:40.684Z,1,0,renoviana.dev,,at://did:plc:32ejvo3lggl47tlvhzn35td7/app.bsky.feed.generator/aaaehtxsozvmu
📣,2024-01-10T02:38:50.944Z,1,0,flicknow.xyz,mentions of @everyone,at://did:plc:wzsilnxf24ehtmmc3gssy5bu/app.bsky.feed.generator/aaahgwnqdsvog
MarloTestimonial,2024-02-11T09:33:10.332Z,1,0,jakei.bsky.social,"any post from @marlo.ooo with the word ""testimonial""",at://did:plc:vjyot2w7zeomrslomwpfxirl/app.bsky.feed.generator/aaaiftmkb7fou
moremissmeringue backup,2025-09-21T03:48:06.503Z,1,0,missmeringue.love,more miss meringue backup,at://did:plc:2j4w2o4xmkbheromzo73r5sv/app.bsky.feed.generator/aaaguxz5wbyoy
Ashford Jewelry,2025-05-05T00:48:42.581Z,1,0,nheiraashford.com,,at://did:plc:yciiu7bu6kuan2sg4s5pydxm/app.bsky.feed.generator/aaaehha476r2q
🔥Memes🔥,2024-03-21T06:51:46.753Z,1,0,jakei.bsky.social,"Last 24 hours of posts with ""meme"" in alt text sorted by most likes.",at://did:plc:vjyot2w7zeomrslomwpfxirl/app.bsky.feed.generator/aaagt23gixxtq
Sufficiently Advanced,2025-02-11T22:36:32.057Z,1,0,spleenly.bsky.social,"Posts and replies fitting the sufficiently... advanced... indistinguishable pattern in the last week.  ""Any sufficiently advanced technology is indistinguishable from magic."" - Arthur C. Clarke",at://did:plc:s7sl7xitpx3fxmtj3fz4u7nl/app.bsky.feed.generator/aaapohit7jz5c
Hot100,2024-11-26T03:46:29.658Z,1,0,jakei.bsky.social,most recent posts with at least 100 likes,at://did:plc:vjyot2w7zeomrslomwpfxirl/app.bsky.feed.generator/aaagnezuswmuk
álvaro bangers,2024-11-22T04:59:28.468Z,1,0,jakei.bsky.social,álvaro posts sorted by most likes,at://did:plc:vjyot2w7zeomrslomwpfxirl/app.bsky.feed.generator/aaafepesjr5r4
THIS,2023-10-18T02:41:34.805Z,1,0,jakei.bsky.social,"anything where someone replies or quotes a post with just ""this""",at://did:plc:vjyot2w7zeomrslomwpfxirl/app.bsky.feed.generator/aaaec24c36bgu
Pythonistas,2025-03-01T15:43:16.758Z,1,0,monorepo.bsky.social,Global Pythonistas :),at://did:plc:nzcne7wqpb5wsopmxxyegf5q/app.bsky.feed.generator/aaaaghkc27xoe
Standup Videos,2025-10-05T19:58:13.357Z,1,0,sweetbee.vip,Anyone can use #StandUpComedy or #StandUpComedian to add a video post here,at://did:plc:lcytlkvzs3wslcgbk7i3ygak/app.bsky.feed.generator/JmTL0GjXXABjQb9
Contrails,2023-06-10T15:00:35.287Z,1,0,jcsalterego.bsky.social,Contrails,at://did:plc:vc7f4oafdgxsihk4cry2xpze/app.bsky.feed.generator/contrails
a feed,2024-11-16T16:33:22.878Z,1,0,im-all-id.me,,at://did:plc:nhytley6vv7tq6k2at6kvl5b/app.bsky.feed.generator/aaaej5c4k7tao
some kind of Feed,2025-09-17T11:22:05.608Z,1,0,earlgreymemes.club,Earl says some kind of thing,at://did:plc:hopmtyvc3dhv62ofiuzii5t7/app.bsky.feed.generator/aaakwdrknmu6o
Otter Image Feed,2023-09-09T21:29:42.442Z,1,0,mxvoid.com,All skeets with images that mention otters in the body text or alt text.  Very NSFW.  Otter feed image in the public domain courtesy of Dave Pape.,at://did:plc:xwoo7w5rf3cm3qyido5npkoc/app.bsky.feed.generator/aaaf5r3etlnwo
Glowvember,2023-10-19T13:19:17.460Z,1,0,kamakru.bsky.social,November art challenge tag for practicing drawing and painting things that glow! More info at: https://www.kamakru.com/glowvember  Use tag #Glowvember or #Glowvember2023,at://did:plc:iezydkhfoqtibjbrmhtkx4jl/app.bsky.feed.generator/aaaes7vtieevg
Best Day of My Life,2025-07-29T00:26:00.706Z,1,0,rockom.bsky.social,People describing the best days/nights/moments of their lives. Part of #joysky,at://did:plc:fgnkp5yb6fuvxsqpqpnan46u/app.bsky.feed.generator/bestday
bulk feed,2023-07-17T01:38:49.586Z,1,0,andraste.fuckbgp.com,,at://did:plc:3s2iaaxxqnyesuu3np56uv7y/app.bsky.feed.generator/aaagedksrmebo
truth seeder,2025-01-20T08:11:10.853Z,1,0,pixelpit.bsky.social,truth should be feeded,at://did:plc:xhiabptjyvwjykcm5ucd43w5/app.bsky.feed.generator/aaaifogp3kayu
Good music,2025-03-03T13:53:47.857Z,1,0,michaelshallcross.bsky.social,If you have exactly the same music taste as me this is the feed for you,at://did:plc:b6ena7xcunbhssmriguovl6y/app.bsky.feed.generator/aaaii62iu6q5m
Good Morning Bluesky 🌞,2023-06-10T20:37:00.276Z,1,0,handle.invalid,Keep track of the warm greetings and positive vibes that come your way on bluesky,at://did:plc:5s7z6ngkjck5gbwwyww7u6p7/app.bsky.feed.generator/gm-bluesky
AbortionHelp,2025-01-21T00:56:05.961Z,1,0,abortionhelp.bsky.social,We built the 1st and largest online directory for abortion clinics and abortion providers in 1995.,at://did:plc:shrpylcpepqugijiiauxy7wz/app.bsky.feed.generator/aaaimwonh4ta4
#lifeofdoggos,2025-03-11T13:02:16.450Z,1,0,sherifea.com,A feed all about our furry friends  BlueskyFeedCreator.com,at://did:plc:haqw4n5iho3xpq6wxkxyu7ef/app.bsky.feed.generator/lifeofdoggos
Tech News JP,2024-02-20T01:23:34.206Z,1,0,sugyan.com,,at://did:plc:4ee6oesrsbtmuln4gqsqf6fp/app.bsky.feed.generator/aaamazyvvn5os
BskyInfo Review,2025-03-04T02:57:04.449Z,1,0,ewalf.com,How would the user talk about bskyinfo.,at://did:plc:ix3oc3uqt2pyqj7hshv4h7nm/app.bsky.feed.generator/aaadn5scjttle
Pro Cycling Trending,2025-10-01T14:10:05.764Z,1,0,kris.to,"Trending Pro Cycling content from across the Bluesky network. Subscribe to @labeler.procycling.social to get a label.  Post with #procycling or any pro cycling keyword in your post or alt-text to be included. ",at://did:plc:542d7hnrdfvkldeieefmajxl/app.bsky.feed.generator/pca-trending
Apple II,2023-09-08T01:35:12.159Z,1,0,johnlf.bsky.social,"A feed relating to Apple II Computer hardware, and software",at://did:plc:mziptt6o2ngf4scj7jiwacde/app.bsky.feed.generator/aaaheevc6l72g
Aiyoku's Foodie Journey,2025-07-16T01:36:55.038Z,1,0,aiyoku.xyz,This is meant to keep track of all the food I choose to share photos of and/or talk about eating on here.,at://did:plc:kjnet2viyumgkqtjnzo6y4pz/app.bsky.feed.generator/aaakwzrzdidtq
VARK SHORTS,2024-12-31T15:37:11.649Z,1,0,aiyoku.xyz,A public feed for ANY videos made with VARK SHORTS.,at://did:plc:kjnet2viyumgkqtjnzo6y4pz/app.bsky.feed.generator/aaamf5blif54w
BOOTH Followers,2025-12-11T02:04:13.830Z,1,0,aiyoku.xyz,This feed is meant to help with finding customers who've purchased items from Nakasu Boutique. 👛,at://did:plc:kjnet2viyumgkqtjnzo6y4pz/app.bsky.feed.generator/aaanbrnhyz4tc
Aiyoku's Polls,2024-12-31T16:13:15.253Z,1,0,aiyoku.xyz,Any polls held by Aiyoku are saved in this custom feed for future reference.,at://did:plc:kjnet2viyumgkqtjnzo6y4pz/app.bsky.feed.generator/aaanwib7fvhdc
Zines & DIY Stuff,2025-12-11T02:17:39.227Z,1,0,aiyoku.xyz,This feed is here to catch any updates regarding digital & handmade zines released by yours truly.,at://did:plc:kjnet2viyumgkqtjnzo6y4pz/app.bsky.feed.generator/aaaob3o3htxti
Aiyoku's Website,2025-08-08T10:20:05.806Z,1,0,aiyoku.xyz,An exclusive feed to log any skeets mentioning my official website in any capacity.  The feed image is by @krazoa.bsky.social.,at://did:plc:kjnet2viyumgkqtjnzo6y4pz/app.bsky.feed.generator/aaapf5jhsec7s
Aiyoku's Collaborations,2025-07-04T13:14:41.440Z,1,0,aiyoku.xyz,Announcements about stream collaborations between Aiyoku & other VTubers are kept here. ,at://did:plc:kjnet2viyumgkqtjnzo6y4pz/app.bsky.feed.generator/aiyokus-collabs
BSFC Feature Spotlights,2025-01-05T21:03:45.651Z,1,0,blueskyfeedcreator.com,This feed includes all of the feature spotlights from the Bluesky Feed Creator account.,at://did:plc:45xkjogf53hfcwmpoj5afahn/app.bsky.feed.generator/spotlights
Data Engineering,2025-09-01T10:17:43.804Z,1,0,ssp.sh,Genuine news from the open-source data engineering ecosystem. Filter keywords and people from the data engineering ecosystem.  See also DE People list: https://bsky.app/profile/did:plc:edglm4muiyzty2snc55ysuqx/lists/3l6zjwqkxeh2r,at://did:plc:edglm4muiyzty2snc55ysuqx/app.bsky.feed.generator/aaaaiwku4msx6
MxVoid's Custom Art Feed,2023-08-07T16:43:56.959Z,1,0,mxvoid.com,"A custom art feed with a few of my favorite artists on Bluesky. LMK if you feel unfairly excluded, because ILY all.",at://did:plc:xwoo7w5rf3cm3qyido5npkoc/app.bsky.feed.generator/aaand363wicqo
FYP,2025-09-22T23:59:36.104Z,1,0,graze.social,FYP,at://did:plc:i6y3jdklpvkjvynvsrnqfdoq/app.bsky.feed.generator/fyp
Bee's Bangers,2025-10-11T20:57:05.883Z,1,0,sweetbee.vip,@sweetbee.vip's top posts of all time,at://did:plc:lcytlkvzs3wslcgbk7i3ygak/app.bsky.feed.generator/aaankdqbpbrbo
#blessed,2023-05-22T13:44:42.260Z,1,0,skyfeed.xyz,Posts with #blessed from the whole network,at://did:plc:tenurhgjptubkk5zf5qhi3og/app.bsky.feed.generator/h-blessed
WBW 2025 🤱🏽🌍🌱,2025-08-08T21:50:00.711Z,1,0,bridgetmcgann.medsky.social,"Posts from World Breastfeeding Week 2025. Theme: ""Creating Sustainable Support Systems"" 🌍🫶🏽  Update 8/8: This feed will capture posts through the weekend. After that, it will be inactive but will remain up as an archive. :)  BlueskyFeedCreator.com",at://did:plc:roq5gp36kgc3cied6notevst/app.bsky.feed.generator/wbw2025
IMMW 2025 🤱🏻🪶,2025-08-09T00:18:48.407Z,1,0,bridgetmcgann.medsky.social,"August 8–14, 2025 Unapologetically Indigenous: Love, Landback, and Liberation   This feed collects IMMW 2025 hashtags and terms. To save space, you can use “🤱🏻🪶” to push a tweet to the feed.  BlueskyFeedCreator.com",at://did:plc:roq5gp36kgc3cied6notevst/app.bsky.feed.generator/immw2025
You Wouldn't,2024-05-24T22:04:17.179Z,1,0,retr0.id,You wouldn't build a custom feed using skyfeed,at://did:plc:vwzwgnygau7ed7b7wt5ux7y2/app.bsky.feed.generator/aaakzh5y64iby
#PetsForDarth,2024-12-02T16:11:10.749Z,1,0,oracularhades.com,,at://did:plc:wtdzzfgzjpirnk5wvpjutqoy/app.bsky.feed.generator/aaaiqizlnrb7a
American Explanations,2024-12-09T05:14:01.201Z,1,0,retr0.id,imagine if a burger restaurant let you bring your own custom menu,at://did:plc:vwzwgnygau7ed7b7wt5ux7y2/app.bsky.feed.generator/aaaktuviwa2jc
Journaliste français,2023-10-21T09:16:58.470Z,1,0,stephanekenech.com,Journalistes français,at://did:plc:vo3jptnawxenjiicoz5fjbcp/app.bsky.feed.generator/aaafcburnoeve
martzcodes-2,2023-07-01T15:27:04.688Z,1,0,martzmakes.com,This is a test feed served up by an AWS Lambda. It is static (for now).,at://did:plc:a62mzn6xxxxwktpdprw2lvnc/app.bsky.feed.generator/martzcodes-2
📈 Cymru | Wales Trending,2024-11-26T14:33:33.752Z,1,0,jaz.co.uk,"Trending Cymru | Cynnwys Trendio  (bilingual Welsh English feed, ffrwd ddwyieithog Cymraeg Saesneg)  This feed is curated by @jaz.co.uk (@jaz.toot.wales.ap.brid.gy) - please DM for issues/removals etc.",at://did:plc:zqeneaobrxkk4u2dc255sobg/app.bsky.feed.generator/aaagrvtrhokl4
pics of belgians(dog),2024-11-14T07:13:28.379Z,1,0,jakei.bsky.social,"pics of Belgians (the dogs, not the people)",at://did:plc:vjyot2w7zeomrslomwpfxirl/app.bsky.feed.generator/aaacsepevoobs
hyperpop,2025-02-09T21:53:36.383Z,1,0,cxni.bsky.social,https://discord.gg/7TVbjdrabr,at://did:plc:mvb2prctcnsv3si64j6p2g7i/app.bsky.feed.generator/aaaozmc4ydf5o
Boxers,2024-11-14T07:11:44.083Z,1,0,jakei.bsky.social,,at://did:plc:vjyot2w7zeomrslomwpfxirl/app.bsky.feed.generator/aaacscfocuvv6
"AoNZ (top, not-gated)",2024-11-24T09:51:09.246Z,1,0,oracularhades.com,Feed that shows top posts from https://bsky.app/profile/oracularhades.com/feed/aaafxifzm6w64- includes users not on the NZ-only list.,at://did:plc:wtdzzfgzjpirnk5wvpjutqoy/app.bsky.feed.generator/aaaf3crbqqytk
atproto meta sorted,2025-03-30T13:10:23.699Z,1,0,aeshna-cyanea.neocities.org,likes from a list in descending order,at://did:plc:fxnw2wkzf23zya6shq4pxvh6/app.bsky.feed.generator/aaaowurxfjv4m
Everything vfx,2024-12-21T08:40:01.748Z,1,0,nielsdewitte.be,"Everything with the word vfx in it, probably not suited to actual following, but good for discovery",at://did:plc:dncb4exmt7adysozdty3nvld/app.bsky.feed.generator/aaamosxvkpy6o
Aiyoku's Toyhouse,2025-06-18T01:34:59.345Z,1,0,aiyoku.xyz,"An exclusive feed for updates about her account on Toyhouse, the character repository platform.",at://did:plc:kjnet2viyumgkqtjnzo6y4pz/app.bsky.feed.generator/aaaa476vnly4i
label test,2025-01-08T22:54:34.160Z,1,0,fema.monster,testing labelers,at://did:plc:lptjvw6ut224kwrj7ub3sqbe/app.bsky.feed.generator/aaamkrpuwvhzs
#Australia,2025-02-09T01:10:12.255Z,1,0,jakei.bsky.social,most recent posts/replies with #Australia,at://did:plc:vjyot2w7zeomrslomwpfxirl/app.bsky.feed.generator/aaaoqqie2cwzu
TheMoreYouKnow,2023-11-16T19:35:36.003Z,1,0,jakei.bsky.social,,at://did:plc:vjyot2w7zeomrslomwpfxirl/app.bsky.feed.generator/aaanvf4vcf6di
pangolin,2024-02-23T07:37:56.348Z,1,0,jakei.bsky.social,"anything with ""pangolin"" in the text",at://did:plc:vjyot2w7zeomrslomwpfxirl/app.bsky.feed.generator/aaanjznwfrwec
Market report,2025-06-01T21:07:47.251Z,1,0,oracularhades.com,Includes posts with #MarketReport - Images WITHOUT Alt Text will not appear in this feed.,at://did:plc:wtdzzfgzjpirnk5wvpjutqoy/app.bsky.feed.generator/market-report
Aquariums,2023-09-26T21:59:31.914Z,1,0,jakei.bsky.social,test,at://did:plc:vjyot2w7zeomrslomwpfxirl/app.bsky.feed.generator/aaalbk7hidmdw
Verified Politicians,2025-03-02T17:35:05.373Z,1,0,bluewave.social,,at://did:plc:oiac5c7c7xntscaoueh3z6ov/app.bsky.feed.generator/aaafp2xel3sxq
NBA+,2023-12-09T22:57:17.282Z,1,0,parkermolloy.com,,at://did:plc:hf7ezrajxadu7v3tzcyij424/app.bsky.feed.generator/aaaeyvzhdr3jm
Harvests,2025-11-27T18:05:03.332Z,1,0,anisota.net,,at://did:plc:lcieujcfkv4jx7gehsvok3pr/app.bsky.feed.generator/harvests
Aiyoku's BOOTH Shop,2025-06-18T01:53:06.460Z,1,0,aiyoku.xyz,Updates like new item releases & other news from Nakasu Boutique are collected in this feed for all to see.,at://did:plc:kjnet2viyumgkqtjnzo6y4pz/app.bsky.feed.generator/aaabxsxu2di6c
Aiyoku's VTuber Lore,2025-12-11T02:10:30.928Z,1,0,aiyoku.xyz,An exclusive feed that collects any skeets of mine where I talk about my VTuber lore in any capacity.  Feed image is a piece of fanart created by OOP5IED4ISY from X/Twitter.,at://did:plc:kjnet2viyumgkqtjnzo6y4pz/app.bsky.feed.generator/aaahrxnuwckza
Aiyoku's Cluster Log,2024-07-05T04:11:31.867Z,1,0,aiyoku.xyz,Aiyoku logs her virtual adventures & thoughts on the JP metaverse platform called Cluster via this feed.,at://did:plc:kjnet2viyumgkqtjnzo6y4pz/app.bsky.feed.generator/aaadex5om6v6a
Fanbase Content,2025-08-07T22:27:21.202Z,1,0,aiyoku.xyz,This custom feed is meant to highlight ANY posts from the current members of Aiyoku's Fanbase.,at://did:plc:kjnet2viyumgkqtjnzo6y4pz/app.bsky.feed.generator/aaadgvddmnvoi
Aiyoku's Music,2025-12-24T16:18:53.233Z,1,0,aiyoku.xyz,Song covers & original music produced by and/or featuring me are stored here for future reference.,at://did:plc:kjnet2viyumgkqtjnzo6y4pz/app.bsky.feed.generator/aaae53qkfl5fc
Aiyoku's Assets,2025-06-18T01:51:23.044Z,1,0,aiyoku.xyz,This feed is meant for custom VTuber assets that either I make for myself and/or receive as gifts from peers & close friends.  Feed image credit goes to Kuso09k & Granny Cherry.,at://did:plc:kjnet2viyumgkqtjnzo6y4pz/app.bsky.feed.generator/aaae5x4hupim6
Aiyoku's SFW Fanart,2025-06-18T01:50:11.554Z,1,0,aiyoku.xyz,All kinds of fanart drawn of Aiyoku's various VTuber models are gathered into this feed.   Make sure to use #yokuillust when posting any works of your own!,at://did:plc:kjnet2viyumgkqtjnzo6y4pz/app.bsky.feed.generator/aaae5zgy4pv4k
Aiyoku's VTuber Clips,2025-06-18T01:33:16.347Z,1,0,aiyoku.xyz,This exclusive feed is meant for logging video clips made by and/or featuring Aiyoku in any way.  YT Playlist: https://www.youtube.com/playlist?list=PLVlE6Typ3xH2qtW3ls-csNK9wll0P3BQs,at://did:plc:kjnet2viyumgkqtjnzo6y4pz/app.bsky.feed.generator/aaafpbo2prxqu
Aiyoku's Virtual Events,2025-06-19T03:14:46.248Z,1,0,aiyoku.xyz,This feed is meant to keep track of any past & future virtual events that I'm attending or hosting on Cluster & VRC.,at://did:plc:kjnet2viyumgkqtjnzo6y4pz/app.bsky.feed.generator/aaag4uvwuywgi
Guest Appearances,2025-06-18T01:59:44.811Z,1,0,aiyoku.xyz,This feed is meant to share the public interviews & other guest appearances that Aiyoku had over time.  YT Playlist: https://www.youtube.com/playlist?list=PLVlE6Typ3xH1wVK-xiBN1IkMy1ZRVYiG7,at://did:plc:kjnet2viyumgkqtjnzo6y4pz/app.bsky.feed.generator/aaag5ygfh3ble
Team Yoku Studio(s),2025-06-20T17:08:07.943Z,1,0,aiyoku.xyz,News related to Aiyoku's secondary YT channel (T.Y.S) are logged in here.,at://did:plc:kjnet2viyumgkqtjnzo6y4pz/app.bsky.feed.generator/aaag5zotlo2dw
VTuber Groups,2025-12-03T01:18:37.433Z,1,0,aiyoku.xyz,Use the hashtag #VTuberGroup to have your group's individual posts appear in this custom feed.,at://did:plc:kjnet2viyumgkqtjnzo6y4pz/app.bsky.feed.generator/aaagpgv6hcaxw
Cluster VR Feed Log,2025-06-19T00:32:13.751Z,1,0,aiyoku.xyz,Updates regarding the Cluster VR feed are logged in here.,at://did:plc:kjnet2viyumgkqtjnzo6y4pz/app.bsky.feed.generator/aaah6btj3f6ti
Aiyoku's Commissions,2024-12-21T13:00:44.651Z,1,0,aiyoku.xyz,Any updates regarding my commissions are collected into this exclusive feed.,at://did:plc:kjnet2viyumgkqtjnzo6y4pz/app.bsky.feed.generator/aaahrwikmczbk
🗞Notícias do Momento,2025-01-20T14:10:35.358Z,1,0,farofa.com.br,"Noticias em tempo real, assim que são publicadas ( e das últimas 24 horas), de fontes confiáveis  e canais oficiais do BlueSky",at://did:plc:7ba7lz54yll7pxslxv47ejws/app.bsky.feed.generator/aaaiiaqbalp7w
to_skybusty,2024-11-23T07:19:25.750Z,1,0,missmeringue.love,partial source for SkyBusty ❤️  BlueskyFeedCreator.com,at://did:plc:2j4w2o4xmkbheromzo73r5sv/app.bsky.feed.generator/bustyskyemoji
Latest from LaChrysalide,2024-11-17T14:48:18.447Z,1,0,armyvet1972.bsky.social,The latest posts from LaChrysalide,at://did:plc:lqmk3yojyhz5tnoe5e6zzpma/app.bsky.feed.generator/aaadvfjlru3hq
Portland vs ICE,2025-10-04T02:09:32.156Z,1,0,missmeringue.love,,at://did:plc:2j4w2o4xmkbheromzo73r5sv/app.bsky.feed.generator/portlandvsice
My Posts by Most Liked,2024-12-31T01:19:36.845Z,1,0,natesmith.dev,most liked skeets,at://did:plc:ymhwlftqc2ialnv34cqw3ikl/app.bsky.feed.generator/aaacfr2rpc6bg
View Transitions,2025-04-02T07:01:19.199Z,1,0,martr.app,A feed that collects posts about view transitions,at://did:plc:n6f2dfquqajnat3gik2djbiz/app.bsky.feed.generator/aaabmxyty7kia
Selfie Parade,2025-07-29T00:26:11.807Z,1,0,rockom.bsky.social,Images with a #selfie tag. ,at://did:plc:fgnkp5yb6fuvxsqpqpnan46u/app.bsky.feed.generator/selfie-parade
Ekşi Sözlük,2025-09-19T02:48:08.207Z,1,0,ssg.dev,Ekşi Sözlük paylaşımları,at://did:plc:4acfam7ybm4rtqrjpuss5hyb/app.bsky.feed.generator/Eksi-Sozluk
Yazılım,2025-09-18T20:51:06.315Z,1,0,ssg.dev,Yazılımla ilgili Türkçe paylaşımlar,at://did:plc:4acfam7ybm4rtqrjpuss5hyb/app.bsky.feed.generator/yazilim
Media,2024-02-20T13:00:26.679Z,1,0,wangdora.jp,@Wangdora.jp のMedia,at://did:plc:cgl62jlhroosxyjkaffidnon/app.bsky.feed.generator/aaajy7phmny5a
Gamedev Resources,2023-08-02T22:52:17.385Z,1,0,genrouthier.bsky.social,Accounts of users that regularly share helpful information on games making related topics.,at://did:plc:6trrqcvrpocdlgmvh6amf53v/app.bsky.feed.generator/aaaj4ya36sogq
#경비반장J3,2025-12-29T11:09:07.231Z,1,0,arkaingel.bsky.social,#J3 / J3 / J3으로 #제삼 / 제삼 / #제삼이 / 제삼이 / 경비반장 J3 #B조장 / B조장 / B조 조장 / #B조장님 / B조장님 B Leader / B Team Leader ⚠⚠⚠ Mute - NCP & CP Tags Included,at://did:plc:wntgeu7raa7v5t6v32u4dxdb/app.bsky.feed.generator/aaagaz3pnvpxg
ASO Feed,2024-02-07T12:40:11.623Z,1,0,pixeline.be,"ASO (App Store Optimization) watch feed. Gathers post containing ASO - related words. Add ""apptweak"" or ""app store optimisation"" in your skeet to have it included.",at://did:plc:v4zpi74gy7enfiwke7hmoxv5/app.bsky.feed.generator/aaalsp4xfvkzc
Dog Therapist,2025-04-09T01:39:45.785Z,1,0,capnwatsisname.bsky.social,,at://did:plc:efdtjcx67l6vpztu7muhp64s/app.bsky.feed.generator/aaabqmwjuznqi
Nederlandstalig België,2025-07-26T17:05:28.099Z,1,0,pixeline.be,Gesprekken in het Nederlands vanuit België.  algoritme: Berichten in het Nederlands van de “Belgen” lijst,at://did:plc:v4zpi74gy7enfiwke7hmoxv5/app.bsky.feed.generator/aaaepjdtce2wm
my posts,2024-11-23T00:22:22.566Z,1,0,capnwatsisname.bsky.social,,at://did:plc:efdtjcx67l6vpztu7muhp64s/app.bsky.feed.generator/aaafmy6fpa4zq
just my posts,2024-11-26T18:21:39.557Z,1,0,capnwatsisname.bsky.social,,at://did:plc:efdtjcx67l6vpztu7muhp64s/app.bsky.feed.generator/aaagtm4rhusl4
just my posts,2024-11-26T18:25:26.473Z,1,0,capnwatsisname.bsky.social,,at://did:plc:efdtjcx67l6vpztu7muhp64s/app.bsky.feed.generator/aaagtn6gr6isu
Jono's Posts,2024-11-13T22:30:53.399Z,1,0,ennuidoofen.bsky.social,,at://did:plc:7bv2ca3yawj662o7qxd5xyt7/app.bsky.feed.generator/aaacpjnbe2glk
Bluemotion 更新情報（テスト用）,2024-02-11T12:15:08.850Z,1,0,so-asano.com,テスト用です。,at://did:plc:pxwzal3aspfg2xnbbt2fjami/app.bsky.feed.generator/18d980aaaad2d21
Skeiths,2025-06-26T17:42:14.238Z,1,0,ennuidoofen.bsky.social,,at://did:plc:7bv2ca3yawj662o7qxd5xyt7/app.bsky.feed.generator/aaak2agiw6iwg
History,2024-03-20T05:06:55.325Z,1,0,wangdora.jp,@Wangdora.jp 旅の記録,at://did:plc:cgl62jlhroosxyjkaffidnon/app.bsky.feed.generator/aaajlsf3hdnlu
BonusEruptus 2024 movies,2024-01-02T20:46:09.229Z,1,0,bonuseruptus.bsky.social,Tracking movies watched in 2024,at://did:plc:5fmou4emwcgbhslcnm6vdieu/app.bsky.feed.generator/aaamrfcgwo7q4
Sad Colombia,2025-03-22T22:02:08.446Z,1,0,sergio.bsky.col.social,Bad vibes posts about Colombia. Keywords: colombia bogota medellin cali barranquilla,at://did:plc:4ysnxi6vujpjhovgtn5k4ztr/app.bsky.feed.generator/0w7c7z93vzwusab9.negative
Botany Reposted,2024-11-19T12:20:59.413Z,1,0,botany.one,The most shared Botany items from the past 48 hours.,at://did:plc:qau4bxir74udvsrci2wakk44/app.bsky.feed.generator/aaajpxcicu7qk
Botany 7,2025-06-12T10:46:36.545Z,1,0,botany.one,A list of the most reposted botany items from the past seven days (when it's working),at://did:plc:qau4bxir74udvsrci2wakk44/app.bsky.feed.generator/aaajwfst3rt3k
Arabidopsis,2024-07-08T14:15:09.731Z,1,0,botany.one,A collection of Arabidopsis posts from the past week.,at://did:plc:qau4bxir74udvsrci2wakk44/app.bsky.feed.generator/aaaktrgreo2zo
posters that post (feed),2024-10-29T21:52:20.146Z,1,0,literallyjustadog.online,my posters that post list in a feed!,at://did:plc:wpp4lklhvmopw6zcy6qb42ru/app.bsky.feed.generator/aaafmozpidr2m
Juni's skeets ,2024-02-09T05:18:42.490Z,1,0,literallyjustadog.online,All skeets from Juni in order of skeet date,at://did:plc:wpp4lklhvmopw6zcy6qb42ru/app.bsky.feed.generator/aaahm4bkvqumy
steeks s'inuj,2024-02-08T20:16:57.160Z,1,0,literallyjustadog.online,Juni's skeets but in starting with the oldest,at://did:plc:wpp4lklhvmopw6zcy6qb42ru/app.bsky.feed.generator/aaakctlmiy3lo
Juni's pins!,2024-02-08T20:18:37.221Z,1,0,literallyjustadog.online,skeets i wanna have easy access to! shows all skeets ive replied 📌 to,at://did:plc:wpp4lklhvmopw6zcy6qb42ru/app.bsky.feed.generator/aaakfm77ga6au
Epigraphy,2024-01-23T12:36:38.872Z,1,0,babelstone.co.uk,Posts mentioning epigraphy over the past 7 days,at://did:plc:7v2mqh7dhocngomglc7mhl6g/app.bsky.feed.generator/aaadym6dh2wlw
Pizza,2024-09-01T01:32:33.808Z,1,0,noah.wf,Pizzafy Your Feed 🍕,at://did:plc:2g2u2vpta4l664ixri4oipdo/app.bsky.feed.generator/aaacnsmkcp27u
Tangut,2024-07-01T15:25:09.340Z,1,0,babelstone.co.uk,Posts discussing Tangut language and script (𗼇𗟲) over the last 7 days,at://did:plc:7v2mqh7dhocngomglc7mhl6g/app.bsky.feed.generator/aaaoteuofuacu
SIPS 2025,2025-05-21T15:15:54.748Z,1,0,mekline.bsky.social,Collects posts with the #sips2025 hashtag - hooray for SIPS!  BlueskyFeedCreator.com,at://did:plc:boggd7ci5h7b5vja3qhc66a6/app.bsky.feed.generator/sips2025
#XIVFMNPride,2025-08-11T01:48:50.608Z,1,0,xivfanmerch.network,A feed dedicated to our LGBTQIA+ XIV Fan Merch creators and shop owners!,at://did:plc:7cxlxnvzlsin43ny575h7mxu/app.bsky.feed.generator/aaamez62wv73o
Minky Momo,2024-08-09T22:53:52.469Z,1,0,fenarinarsa.com,Posts related to the series Magical Princess Minky Momo 魔法のプリンセスミンキー モモについての投稿,at://did:plc:fb3iwxg23jziddgbtsixx3zu/app.bsky.feed.generator/aaanghtegv2tm
Art by ArtFella,2025-10-20T20:02:36.955Z,1,0,artfella.art,My Art Feed,at://did:plc:v32isonbexubtcbmq2hryr4m/app.bsky.feed.generator/aaai3xlapm3ay
Iron Lilacc,2025-12-11T01:56:41.230Z,1,0,armyvet1972.bsky.social,Most recent by Iron Lilacc,at://did:plc:lqmk3yojyhz5tnoe5e6zzpma/app.bsky.feed.generator/aaaoin4cyhcue
This is Jo. ,2024-12-12T15:43:14.457Z,1,0,armyvet1972.bsky.social,what's Jo? this is.   her latest,at://did:plc:lqmk3yojyhz5tnoe5e6zzpma/app.bsky.feed.generator/aaalxccmva7t6
Best Of LaChrysalide ,2024-11-17T14:52:57.937Z,1,0,armyvet1972.bsky.social,The posts from LaChrysalide with the most reactions,at://did:plc:lqmk3yojyhz5tnoe5e6zzpma/app.bsky.feed.generator/aaadvgydkdmys
Fine Artists | Flashes,2025-07-28T23:44:34.609Z,1,0,bsky.art,"A curated featured feed by @bsky.art for the @flashes.blue, spotlighting active traditional media artists on Bluesky. ",at://did:plc:y7crv2yh74s7qhmtx3mvbgv5/app.bsky.feed.generator/flashed-fine
Pizza,2024-09-01T01:52:22.837Z,1,0,noah.wf,Pizzafy your feed🍕  BlueskyFeedCreator.com,at://did:plc:2g2u2vpta4l664ixri4oipdo/app.bsky.feed.generator/pizza
Unicode,2024-07-17T15:57:45.690Z,1,0,babelstone.co.uk,Mentions of Unicode over the last 24 hours,at://did:plc:7v2mqh7dhocngomglc7mhl6g/app.bsky.feed.generator/aaajgl4hwneio
ラーメンフィード（テスト）,2023-11-08T00:28:06.610Z,1,0,so-asano.com,ラーメンフィード（テスト）ラーメンフィード（テスト）ラーメンフィード（テスト）ラーメンフィード（テスト）ラーメンフィード（テスト）ラーメンフィード（テスト）ラーメンフィード（テスト）ラーメンフィード（テスト）ラーメンフィード（テスト）ラーメンフィード（テスト）ラーメンフィード（テスト）ラーメンフィード（テスト）ラーメンフィード（テスト）ラーメンフィード（テスト）ラーメンフィード（テスト）ラーメンフィード（テスト）ラーメンフィード（テスト）ラーメンフィード（テスト）ラーメンフィード（テスト）ラーメンフィード（テスト）ラーメンフィード（テスト）ラーメンフィード（テスト）ラーメンフィード（テスト）,at://did:plc:pxwzal3aspfg2xnbbt2fjami/app.bsky.feed.generator/18bac544852284e
NASEM Events,2025-07-29T00:16:37.506Z,1,0,nationalacademies.org,"Posts about events being held by the National Academies of Sciences, Engineering and Medicine.",at://did:plc:n63se73uov6hkfx2ugbfbjne/app.bsky.feed.generator/aaag5xnqesyh6
NASEM Reports,2025-07-29T00:16:36.505Z,1,0,nationalacademies.org,Posts about the reports of the National Academies from our official accounts.,at://did:plc:n63se73uov6hkfx2ugbfbjne/app.bsky.feed.generator/aaag6jkngobho
NASEM Accounts,2025-07-29T00:16:41.305Z,1,0,nationalacademies.org,The new and trending posts of the accounts of the National Academies. ,at://did:plc:n63se73uov6hkfx2ugbfbjne/app.bsky.feed.generator/nasem-trending
illumi's bangers,2024-11-18T15:35:25.956Z,1,0,illumi.meme,illumi's bangers,at://did:plc:oqbijttmayqui2xv3e2xwcdz/app.bsky.feed.generator/aaakddkgpteg6
PC Gaming,2025-09-26T06:10:05.769Z,1,0,fema.monster,Icon: https://www.flaticon.com/free-icon/gaming-pc_9111403?term=gaming+pc&page=1&position=35&origin=tag&related_id=9111403,at://did:plc:lptjvw6ut224kwrj7ub3sqbe/app.bsky.feed.generator/bsky-video-dev
Top 8,2024-12-12T14:57:57.556Z,1,0,illumi.meme,,at://did:plc:oqbijttmayqui2xv3e2xwcdz/app.bsky.feed.generator/aaalwx6nkbg2e
Helenicchi's art,2024-02-10T19:46:10.478Z,1,0,helenicchi.bsky.social,Here's all my art!,at://did:plc:bisrwxiillxjitig52aw6bea/app.bsky.feed.generator/aaaf6lgkz76ru
Indianapolis Sports,2025-06-11T21:01:21.244Z,1,0,rager.tech,"Colts, Pacers, Fever, Indycar",at://did:plc:hjma5vxydcfn677sntdrwt4o/app.bsky.feed.generator/indy-sports
Top News,2024-12-19T21:31:33.148Z,1,0,illumi.meme,,at://did:plc:oqbijttmayqui2xv3e2xwcdz/app.bsky.feed.generator/aaam76zywcub6
Books,2023-11-16T12:35:34.955Z,1,0,crowgirl42.bsky.social,"Collocates any messages with book, books, or bookfeed in the text.",at://did:plc:hngo2tdxmimlip4yk3paxag4/app.bsky.feed.generator/aaam347nnnwtg
Bluski,2025-07-29T00:46:18.502Z,1,0,illumi.meme,Algorithmic feed,at://did:plc:oqbijttmayqui2xv3e2xwcdz/app.bsky.feed.generator/bluski
ぼくのかなしい自炊記録,2024-02-14T01:19:20.636Z,1,0,so-asano.com,更新予定です。基本おいしくないです。,at://did:plc:pxwzal3aspfg2xnbbt2fjami/app.bsky.feed.generator/18ba79b5db06fb0
Mastodon,2024-04-29T15:37:22.000Z,1,0,mackuba.eu,test test,at://did:plc:oio4hkxaop4ao4wz2pp3f4cr/app.bsky.feed.generator/mastodon
Test Feed,2023-05-20T16:01:27.828Z,1,0,skyfeed.xyz,"Posts with the word ""test"" from the whole network",at://did:plc:tenurhgjptubkk5zf5qhi3og/app.bsky.feed.generator/test
IGN news feed,2025-07-28T23:19:38.797Z,0,0,devingaffney.com,Trending content from IGN,at://did:plc:jijwtzgroy76samnivlqrpec/app.bsky.feed.generator/ign-test
Calciomercato,2023-09-28T00:57:40.561Z,0,0,francesko.bsky.social,Tutti i post con l'hashtag #calciomercato o la parola calciomercato sono visibili in questo feed,at://did:plc:2e722nqdw6bw7x3nd4o5wzz5/app.bsky.feed.generator/aaanrwg2qrfno
Metadata,2023-09-21T16:42:17.901Z,0,0,jason.parkendium.com,"Posts from the entire network from the past seven days where the post text includes the word ""metadata.""",at://did:plc:eutzelzskczq7yz6qivoducj/app.bsky.feed.generator/aaalug6q762ns
hy_mtdta.usr.lbls[*].val,2025-09-17T03:43:49.705Z,0,0,fema.monster,"not working   hydrated_metadata.user.labels[*].val",at://did:plc:lptjvw6ut224kwrj7ub3sqbe/app.bsky.feed.generator/tNrrBCV4VJItbt5
hungy,2025-07-28T23:19:38.514Z,0,0,devingaffney.com,chungyhungy,at://did:plc:jijwtzgroy76samnivlqrpec/app.bsky.feed.generator/hungyboy
feedin,2025-07-28T23:19:38.556Z,0,0,devingaffney.com,feed,at://did:plc:jijwtzgroy76samnivlqrpec/app.bsky.feed.generator/hungry
Galvão,2024-09-01T20:20:17.774Z,0,0,pedrofracassi.dev,,at://did:plc:gqmxpbwrp57eaczyi3bwfxzg/app.bsky.feed.generator/aaak6pb2bym4i
Hot Takes,2025-11-08T23:06:53.559Z,0,0,devingaffney.com,Hot Takes,at://did:plc:jijwtzgroy76samnivlqrpec/app.bsky.feed.generator/hot-takes
Positively Portland,2025-07-28T23:19:38.191Z,0,0,devingaffney.com,Positive posts from the Portland Metro,at://did:plc:jijwtzgroy76samnivlqrpec/app.bsky.feed.generator/happy-pdx
Algorithmic Pluralism,2024-10-06T15:42:43.378Z,0,0,marcfaddoul.com,A playground and proof of concept to illustrate what should become a social media standard  BlueskyFeedCreator.com,at://did:plc:wup7u6hncjby3jbptbh5bdox/app.bsky.feed.generator/algopluralism
iroh,2024-11-24T20:54:47.250Z,0,0,matheus23.com,Filtering for uncle iroh,at://did:plc:waus2e27lp3dbkkqzdkchn4m/app.bsky.feed.generator/aaaf73tuhlh7s
Non-default PLC posters,2025-08-26T21:42:21.807Z,0,0,matheus23.com,,at://did:plc:waus2e27lp3dbkkqzdkchn4m/app.bsky.feed.generator/non-default-plc
ESPN news feed,2025-07-28T23:19:38.623Z,0,0,devingaffney.com,Trending content from ESPN,at://did:plc:jijwtzgroy76samnivlqrpec/app.bsky.feed.generator/espn-test
Rori Loves To Watch,2024-09-09T22:38:20.176Z,0,0,roricomics.bsky.social,Feed of posts where I talk about movies (& sometimes TV) I've recently watched. Lots of horror and obscure films mixed in with popular ones.,at://did:plc:n5f7w4v7l65vjfaljp4727ng/app.bsky.feed.generator/aaanrlpfg4rjs
metababies,2023-11-20T10:05:25.350Z,0,0,mekline.bsky.social,Follows #PsychSciSky|#metasci|#devpsyc|#devpsy|#devpsychsky|#devpsycsky|🗣💬|#cogdev|🐦🐦|#cognitivescience|#cogsci,at://did:plc:boggd7ci5h7b5vja3qhc66a6/app.bsky.feed.generator/aaaaulw5qt64g
woeifje,2025-11-14T15:25:58.257Z,0,0,devingaffney.com,eawetw,at://did:plc:jijwtzgroy76samnivlqrpec/app.bsky.feed.generator/etseori
FT Data news feed,2025-07-28T23:19:40.259Z,0,0,devingaffney.com,Trending content from FT Data,at://did:plc:jijwtzgroy76samnivlqrpec/app.bsky.feed.generator/ftdata-test
FT trending,2025-07-28T23:19:40.715Z,0,0,devingaffney.com,Financial Times Trending Feed,at://did:plc:jijwtzgroy76samnivlqrpec/app.bsky.feed.generator/ft-trending
testfeed,2025-08-27T14:38:23.406Z,0,0,devingaffney.com,test,at://did:plc:jijwtzgroy76samnivlqrpec/app.bsky.feed.generator/feedtest
Test Feed,2025-04-14T14:23:55.279Z,0,0,bluefacts.app,Just testing,at://did:plc:j3qij7oqe6gie2x56gk5s6tx/app.bsky.feed.generator/test-feed
My bangers,2024-11-24T02:30:18.365Z,0,0,azedand2knots.bsky.social,My bangers according to the users of bluesky.,at://did:plc:kpnkmducrwtq3ly4miy3ymoe/app.bsky.feed.generator/aaafx7aquy2sm
Davis' Tidy Feed!,2024-02-25T16:11:47.898Z,0,0,davis.social,"my tidy feed. just my posts, no screenshots or reposts. 🙂",at://did:plc:2gx2noukxzwmj6dkxbmh3qt5/app.bsky.feed.generator/aaaob7p742pji
Jewsky+,2023-08-15T19:33:40.555Z,0,0,jewish.bsky.social,The Sky is Jew,at://did:plc:24atmhsxslaeuvf2gcmv7fh3/app.bsky.feed.generator/jewsky
Gaming,2025-10-01T17:37:43.056Z,0,0,trezy.codes,Game releases and gaming news,at://did:plc:4jrld6fwpnwqehtce56qshzv/app.bsky.feed.generator/gaming
Only Bangers,2024-11-16T20:28:55.974Z,0,0,roricomics.bsky.social,Posts with at least 50 reposts. ARE YOU NOT ENTERTAINED?,at://did:plc:n5f7w4v7l65vjfaljp4727ng/app.bsky.feed.generator/aaadnijeoxstc
Test Feed Do Not Use,2025-04-09T23:07:50.984Z,0,0,starsetbyte.lol,,at://did:plc:mzx7sybipkgt4dgi5n6vdzpa/app.bsky.feed.generator/aaain25li2ioy
New Game ++,2025-12-04T18:23:21.734Z,0,0,trezy.codes,,at://did:plc:4jrld6fwpnwqehtce56qshzv/app.bsky.feed.generator/new-game
Happy Gamedev,2025-03-30T19:11:12.501Z,0,0,sergio.bsky.col.social,Good vibes posts about Gamedev. Keywords: gamedev,at://did:plc:4ysnxi6vujpjhovgtn5k4ztr/app.bsky.feed.generator/e2b5y516ftsriwkj.positive
Juni's Genders,2024-02-15T18:55:11.339Z,0,0,literallyjustadog.online,all of my skeets that describe my gender,at://did:plc:wpp4lklhvmopw6zcy6qb42ru/app.bsky.feed.generator/aaaeqq6mkbaxo
OSINT,2025-08-26T21:09:07.608Z,0,0,osint-research.bsky.social,OSINT,at://did:plc:5pdtlj72h6psjh2y6me2lxxk/app.bsky.feed.generator/osint
Libya Floods ,2023-09-11T15:01:46.256Z,0,0,starsetbyte.lol,"A feed for the floods in Libya in sep. 2023, using ""storm daniel"", ""flood"", ""flooding"", ""medicane"", and ""libya"" to provide updates and information",at://did:plc:mzx7sybipkgt4dgi5n6vdzpa/app.bsky.feed.generator/aaaildxk7ijiw
Morocco Earthquake,2023-09-11T14:53:36.592Z,0,0,starsetbyte.lol,"Morocco, Earthquake, Morocco Earthquake, and 6.8 will show up here",at://did:plc:mzx7sybipkgt4dgi5n6vdzpa/app.bsky.feed.generator/aaahqyxwins2k
Lock example (Copy),2025-08-27T00:46:39.506Z,0,0,graze.social,An example,at://did:plc:i6y3jdklpvkjvynvsrnqfdoq/app.bsky.feed.generator/lock-example-co
Junis got jokes!,2024-04-02T04:39:53.473Z,0,0,literallyjustadog.online,any time i've had to specify that something is a joke,at://did:plc:wpp4lklhvmopw6zcy6qb42ru/app.bsky.feed.generator/aaaj2gdfenh32
Swing Dance,2025-07-29T00:44:44.005Z,0,0,kamo.moe,posts related to swing dance or lindy hop,at://did:plc:lgb2xgd64n3swnh7jbtgpvhl/app.bsky.feed.generator/swing
TechSky,2025-07-29T00:21:37.907Z,0,0,fema.monster,,at://did:plc:lptjvw6ut224kwrj7ub3sqbe/app.bsky.feed.generator/techsky
AT Geo,2025-08-26T21:05:29.311Z,0,0,atprotocol.dev,Location data for venues and geo on AT protocol. Use #atgeo to be included. ,at://did:plc:lehcqqkwzcwvjvw66uthu5oq/app.bsky.feed.generator/atgeo
Lock example,2025-08-27T00:46:39.409Z,0,0,graze.social,An example,at://did:plc:i6y3jdklpvkjvynvsrnqfdoq/app.bsky.feed.generator/lock-example
Migrant Moth,2025-01-18T10:58:05.648Z,0,0,migrantmothuk.bsky.social,Migrant Lepidoptera posts,at://did:plc:zkc3izyly5t4argjna3tyt7z/app.bsky.feed.generator/aaakygkb4ivyc
Labelling Tests,2025-04-20T21:21:03.977Z,0,0,promoted.blue,"Please disregard, this is a test.",at://did:plc:wnmw54dcinftinegubnet7lh/app.bsky.feed.generator/test-1
Happy Grazers,2025-07-29T00:17:51.406Z,0,0,graze.social,Feed of happy Graze Users,at://did:plc:i6y3jdklpvkjvynvsrnqfdoq/app.bsky.feed.generator/happy-grazers
Alt Text Conversations,2025-07-29T00:58:34.305Z,0,0,cred.blue,A feed of posts and discussions about Alt Text,at://did:plc:7lazllqgiktcts3gs4i6xtv6/app.bsky.feed.generator/alt-text-convos
journotest,2025-07-28T23:19:40.325Z,0,0,devingaffney.com,journo-test,at://did:plc:jijwtzgroy76samnivlqrpec/app.bsky.feed.generator/journalism
The Intercept news feed,2025-07-28T23:19:38.708Z,0,0,devingaffney.com,Trending content from The Intercept,at://did:plc:jijwtzgroy76samnivlqrpec/app.bsky.feed.generator/intercept-test
FamiWiki,2025-02-17T04:54:38.653Z,0,0,bro3256.com,famiwiki.net,at://did:plc:odt5jue4fpfofdfeeda6pfzo/app.bsky.feed.generator/aaabepvliwn7w
Arizona,2025-02-17T05:06:43.053Z,0,0,bro3256.com,"Arizona, USA",at://did:plc:odt5jue4fpfofdfeeda6pfzo/app.bsky.feed.generator/aaaberhcmbwtk
Independent Journalists,2025-07-28T23:19:42.228Z,0,0,devingaffney.com,Independent Journalists Example,at://did:plc:jijwtzgroy76samnivlqrpec/app.bsky.feed.generator/indy-journo
Indivisible news feed,2025-07-28T23:19:38.657Z,0,0,devingaffney.com,Trending content from Indivisible,at://did:plc:jijwtzgroy76samnivlqrpec/app.bsky.feed.generator/indivisible-tes
gaysexcausesmemoryloss,2024-09-05T04:16:17.588Z,0,0,literallyjustadog.online,Why is no one talking about how gay sex causes memory loss,at://did:plc:wpp4lklhvmopw6zcy6qb42ru/app.bsky.feed.generator/aaamazfwyozbs
Atmosphere Conf 2025,2025-07-29T00:17:51.318Z,0,0,graze.social,A feed with post about the 2024 Atmosphere Conference,at://did:plc:i6y3jdklpvkjvynvsrnqfdoq/app.bsky.feed.generator/atmosphere-conf
#Calcio,2023-09-28T00:51:52.645Z,0,0,francesko.bsky.social,Ogni post con l'hashtag #calcio apparirà in questo feed. | Every post with the hashtag #calcio will appear on this feed.,at://did:plc:2e722nqdw6bw7x3nd4o5wzz5/app.bsky.feed.generator/aaanrvfukifiy
LeeSky,2023-09-07T18:17:00.406Z,0,0,starsetbyte.lol,"using the terms #leesky , hurricane lee, and tropical storm lee, for information and weather tracking",at://did:plc:mzx7sybipkgt4dgi5n6vdzpa/app.bsky.feed.generator/aaagqsus6qpq2
Datamaster,2025-09-23T08:14:34.303Z,0,0,fema.monster,Update Feed,at://did:plc:lptjvw6ut224kwrj7ub3sqbe/app.bsky.feed.generator/datamaster
El Mundo Today news feed,2025-07-28T23:19:39.795Z,0,0,devingaffney.com,Trending content from El Mundo Today,at://did:plc:jijwtzgroy76samnivlqrpec/app.bsky.feed.generator/elmundotoday-te
Letterboxd: Reviews 🔥,2025-07-29T00:21:46.309Z,0,0,fema.monster,"Sorted by: popular posts. Reviews Trending! Not affiliated with Letterboxd. This is a test.",at://did:plc:lptjvw6ut224kwrj7ub3sqbe/app.bsky.feed.generator/letterboxd-revi
Letterboxd: Reviews ⚡,2025-07-29T00:21:48.003Z,0,0,fema.monster,"Sorted by: real-time chronological posts. Reviews Live! Not affiliated with Letterboxd. This is a test.",at://did:plc:lptjvw6ut224kwrj7ub3sqbe/app.bsky.feed.generator/letterboxd-r-li
Letterboxd: Now Watching,2025-07-29T00:21:44.005Z,0,0,fema.monster,Not affiliated with Letterboxd. This is a test.,at://did:plc:lptjvw6ut224kwrj7ub3sqbe/app.bsky.feed.generator/letterboxd-now
Letterboxd: Lists,2025-07-29T00:21:08.610Z,0,0,fema.monster,Not affiliated with Letterboxd. This is a test.,at://did:plc:lptjvw6ut224kwrj7ub3sqbe/app.bsky.feed.generator/letterboxd-list
Sad Game Dev,2025-03-30T19:11:46.510Z,0,0,sergio.bsky.col.social,Bad vibes posts about game development,at://did:plc:4ysnxi6vujpjhovgtn5k4ztr/app.bsky.feed.generator/e2b5y516ftsriwkj.negative
애니 감상 모음,2023-09-20T00:18:34.510Z,0,0,sidewinder.bsky.social,애니 감상 모음,at://did:plc:p7wvaaybiv5g76a27tcxpzde/app.bsky.feed.generator/aaak7ahp27l7q
Happy Rust Language ,2025-03-22T22:03:01.547Z,0,0,sergio.bsky.col.social,Good vibes posts about Rust Language. Keywords: #rustlang rustlang,at://did:plc:4ysnxi6vujpjhovgtn5k4ztr/app.bsky.feed.generator/1nlxe3kr0zdb1jh8.positive
Rust Language,2025-03-22T21:56:47.845Z,0,0,sergio.bsky.col.social,Posts about Rust Language. Keywords: rustlang,at://did:plc:4ysnxi6vujpjhovgtn5k4ztr/app.bsky.feed.generator/1nlxe3kr0zdb1jh8.all
Basic Feed Template,2025-07-29T00:21:14.710Z,0,0,fema.monster,Basic Feed Template,at://did:plc:lptjvw6ut224kwrj7ub3sqbe/app.bsky.feed.generator/basic-feed-temp
DiscussingFilm news feed,2025-07-28T23:19:38.699Z,0,0,devingaffney.com,Trending content from DiscussingFilm,at://did:plc:jijwtzgroy76samnivlqrpec/app.bsky.feed.generator/discussfilm-tes
ADD SPAM FEED,2025-07-29T00:20:43.402Z,0,0,fema.monster,,at://did:plc:lptjvw6ut224kwrj7ub3sqbe/app.bsky.feed.generator/add-spam-feed
Toronto,2023-07-03T09:59:20.285Z,0,0,cfeeley.org,"Testing feed for Toronto, Canada",at://did:plc:bz36isntml36mj67o4hubnbr/app.bsky.feed.generator/toronto
Colombia,2025-03-22T22:03:44.646Z,0,0,sergio.bsky.col.social,Posts about Colombia. Keywords: colombia bogota medellin  barranquilla,at://did:plc:4ysnxi6vujpjhovgtn5k4ztr/app.bsky.feed.generator/0w7c7z93vzwusab9.all
Top PT,2024-10-06T22:17:09.448Z,0,0,ealmuina.xyz,Publicações das contas com mais interações no Bluesky em português.  Posts in Portuguese from the accounts with the most engagement.,at://did:plc:qinqxdwwxgme6r4lgmkry5qu/app.bsky.feed.generator/top_portuguese
블친소 (Introduction),2023-09-20T00:29:15.610Z,0,0,sidewinder.bsky.social,블친소를 메인트 대용으로 걸어둠.,at://did:plc:p7wvaaybiv5g76a27tcxpzde/app.bsky.feed.generator/aaak7dwwg4k36
蓝天,2025-01-23T20:37:07.647Z,0,0,ealmuina.xyz,Bluesky 上的中文帖子 // Bluesky posts in chinese.,at://did:plc:qinqxdwwxgme6r4lgmkry5qu/app.bsky.feed.generator/chinese
Coffee,2023-12-26T14:07:43.758Z,0,0,crowgirl42.bsky.social,"Collocates all messages with ""coffee, coffeefeed"" in the main text.",at://did:plc:hngo2tdxmimlip4yk3paxag4/app.bsky.feed.generator/aaakm25n43jiq
Bandcamp,2025-07-29T00:21:49.105Z,0,0,fema.monster,Not affiliated with Bandcamp. This is a test.,at://did:plc:lptjvw6ut224kwrj7ub3sqbe/app.bsky.feed.generator/bandcamp
El País Trending,2025-07-28T23:19:42.051Z,0,0,devingaffney.com,Trending Content from El País,at://did:plc:jijwtzgroy76samnivlqrpec/app.bsky.feed.generator/el-pais-trend
#yarrbooty #2024,2024-11-25T10:03:01.057Z,0,0,pimoroni.com,"Ahoy Swashbucklers! Swindle swag from your pirate pals with another raucous round of creative challenges.  Follow @pimoroni.com or keep an eye on this feed for challenges, and use tag #yarrbooty for your entries to count!  Terms & Conditions apply: https://shop.pimoroni.com/pages/yarrbooty-2024",at://did:plc:5hjd7glsnvwxf6wiouvtq5wt/app.bsky.feed.generator/yarrbooty
Best of Dying Twit feed,2025-07-28T23:19:39.871Z,0,0,devingaffney.com,Trending content from Best of Dying Twit,at://did:plc:jijwtzgroy76samnivlqrpec/app.bsky.feed.generator/dyingtwit-test
Sky Museum Testing Feed,2025-07-29T00:08:41.709Z,0,0,davis.social,,at://did:plc:2gx2noukxzwmj6dkxbmh3qt5/app.bsky.feed.generator/sky-museum-test
amazon no aff,2025-07-29T00:21:33.405Z,0,0,fema.monster,,at://did:plc:lptjvw6ut224kwrj7ub3sqbe/app.bsky.feed.generator/amazon-no-aff
happy friday,2025-07-29T00:08:41.719Z,0,0,davis.social,,at://did:plc:2gx2noukxzwmj6dkxbmh3qt5/app.bsky.feed.generator/happyfriday
Great Art!,2025-07-29T00:08:41.811Z,0,0,davis.social,,at://did:plc:2gx2noukxzwmj6dkxbmh3qt5/app.bsky.feed.generator/great-art
만화 감상 모음,2023-09-20T00:19:13.524Z,0,0,sidewinder.bsky.social,만화 감상 모음,at://did:plc:p7wvaaybiv5g76a27tcxpzde/app.bsky.feed.generator/aaak7bsukzbne
Starterpack Feed,2025-07-29T00:21:14.108Z,0,0,fema.monster,,at://did:plc:lptjvw6ut224kwrj7ub3sqbe/app.bsky.feed.generator/starterpack
Bandcamp New,2025-07-29T00:21:45.308Z,0,0,fema.monster,Not affiliated with Bandcamp. This is a test.,at://did:plc:lptjvw6ut224kwrj7ub3sqbe/app.bsky.feed.generator/sjqkw6fzuo8xsuk
Democracy Now news feed,2025-07-28T23:19:38.806Z,0,0,devingaffney.com,Trending content from Democracy Now,at://did:plc:jijwtzgroy76samnivlqrpec/app.bsky.feed.generator/demnow-test
Demo Feed,2025-09-03T02:40:52.503Z,0,0,devingaffney.com,Demonstration Feed,at://did:plc:jijwtzgroy76samnivlqrpec/app.bsky.feed.generator/demofeed
Letterboxd: Community ⚡,2025-07-29T00:21:40.902Z,0,0,fema.monster,"Sorted by: new posts.  Not affiliated with Letterboxd. This is a test.",at://did:plc:lptjvw6ut224kwrj7ub3sqbe/app.bsky.feed.generator/rwnhrc0k9mbs02q
Squid Game 🔥 BO1,2025-07-29T00:20:49.706Z,0,0,fema.monster,"Sorted by: popular posts in the last 24 hours.  Not affiliated with Netflix. This is a test.",at://did:plc:lptjvw6ut224kwrj7ub3sqbe/app.bsky.feed.generator/rgN6aUJklhx7trJ
Toronto (Testing),2023-07-13T04:03:33.020Z,0,0,cfeeley.org,Testing feed for Toronto things,at://did:plc:bz36isntml36mj67o4hubnbr/app.bsky.feed.generator/toronto-testing
Urbanism+ 1.5,2025-07-29T00:20:43.602Z,0,0,fema.monster,Social Filter + Label Filter + U+ Regex,at://did:plc:lptjvw6ut224kwrj7ub3sqbe/app.bsky.feed.generator/repost
Newsfeed counterfactuals,2025-08-26T21:07:19.813Z,0,0,sjgreenwood.bsky.social,,at://did:plc:kkhfvbrf4me4ogph35hjx3zc/app.bsky.feed.generator/Newsfeed-counte
Alg Paper Feed Dev,2025-08-18T14:32:21.112Z,0,0,sjgreenwood.bsky.social,Personalized research digest based on accounts you follow,at://did:plc:kkhfvbrf4me4ogph35hjx3zc/app.bsky.feed.generator/algfeed-dev
PhD Recruitment,2025-12-03T21:50:49.635Z,0,0,sjgreenwood.bsky.social,,at://did:plc:kkhfvbrf4me4ogph35hjx3zc/app.bsky.feed.generator/phd-recruitment
martzcodes-feed-test,2023-07-01T04:31:50.064Z,0,0,martzmakes.com,,at://did:plc:a62mzn6xxxxwktpdprw2lvnc/app.bsky.feed.generator/feed-test
The Nice Feed ,2025-08-26T20:46:45.207Z,0,0,aendra.com,"Positive sentiment score headlines from verified news organisations in reverse-chronological order. Maintained by @aendra.com. May contain promoted posts, which are designated using the #promoted hashtag.",at://did:plc:kkf4naxqmweop7dv4l2iqqf5/app.bsky.feed.generator/nice
Sad Mastodon,2025-04-12T22:42:17.979Z,0,0,sergio.bsky.col.social,A sad feed about Mastodon. Bad vibes and hate only,at://did:plc:4ysnxi6vujpjhovgtn5k4ztr/app.bsky.feed.generator/i7d9e58wc5pvkau6.negative
Squid Game 🔥,2025-07-29T00:21:47.005Z,0,0,fema.monster,"Sorted by: popular posts in the last 24 hours.  Not affiliated with Netflix. This is a test.",at://did:plc:lptjvw6ut224kwrj7ub3sqbe/app.bsky.feed.generator/r3LYbx9IkYV98gy
ProPublica New,2025-07-29T00:20:52.606Z,0,0,fema.monster,Not affiliated with ProPublica. This is a test.,at://did:plc:lptjvw6ut224kwrj7ub3sqbe/app.bsky.feed.generator/propublica-new
📰 News (No Sports),2025-10-17T02:10:28.958Z,0,0,aendra.com,"Headlines from verified news organisations in reverse-chronological order. Maintained by @aendra.com. May contain promoted posts, which are designated using the #promoted hashtag.  This version of my original feed filters out all *sports* content.",at://did:plc:kkf4naxqmweop7dv4l2iqqf5/app.bsky.feed.generator/news-no-sports
PortlandSky,2025-07-29T00:26:17.406Z,0,0,rockom.bsky.social,IRL Portlanders,at://did:plc:fgnkp5yb6fuvxsqpqpnan46u/app.bsky.feed.generator/PortlandSky
ProPublica Journalists,2025-07-29T00:20:51.504Z,0,0,fema.monster,Not affiliated with ProPublica. This is a test.,at://did:plc:lptjvw6ut224kwrj7ub3sqbe/app.bsky.feed.generator/propublica-jour
Testing,2025-08-26T20:59:44.012Z,0,0,handle.invalid,Testing the feeds,at://did:plc:6wkdzithaumwncokrsqc67cq/app.bsky.feed.generator/testing
ProPublica,2025-07-29T00:20:48.405Z,0,0,fema.monster,Not affiliated with ProPublica. This is a test.,at://did:plc:lptjvw6ut224kwrj7ub3sqbe/app.bsky.feed.generator/propublica
Squid Game 🔥T1,2025-07-29T00:21:51.003Z,0,0,fema.monster,"Sorted by: popular posts in the last 24 hours.  Not affiliated with Netflix. This is a test.",at://did:plc:lptjvw6ut224kwrj7ub3sqbe/app.bsky.feed.generator/nz0z5Y6w222W1jE
DemWins trending,2025-07-28T23:19:41.941Z,0,0,devingaffney.com,Trending Content from Democratic Wins,at://did:plc:jijwtzgroy76samnivlqrpec/app.bsky.feed.generator/demwins-trend
nsfw test,2025-08-28T02:35:18.805Z,0,0,fema.monster,,at://did:plc:lptjvw6ut224kwrj7ub3sqbe/app.bsky.feed.generator/nsfw-test
Small Accounts,2023-07-11T18:37:34.654Z,0,0,jewish.bsky.social,Small accounts I follow that I like,at://did:plc:24atmhsxslaeuvf2gcmv7fh3/app.bsky.feed.generator/aaaeofpqcyobk
Abolition Discover,2025-07-29T00:20:45.503Z,0,0,fema.monster,"Abolition Discover, posts from outside the abolition network (functionally the way the feed used to work)",at://did:plc:lptjvw6ut224kwrj7ub3sqbe/app.bsky.feed.generator/abolition-disc
Any X of These,2025-09-26T06:40:43.453Z,0,0,fema.monster,,at://did:plc:lptjvw6ut224kwrj7ub3sqbe/app.bsky.feed.generator/multi-match
xPdx,2025-07-29T00:26:00.905Z,0,0,rockom.bsky.social,TESTING FEED ONLY,at://did:plc:fgnkp5yb6fuvxsqpqpnan46u/app.bsky.feed.generator/xpdx
google ad test,2025-07-29T00:21:33.606Z,0,0,fema.monster,,at://did:plc:lptjvw6ut224kwrj7ub3sqbe/app.bsky.feed.generator/google-ad-test
WIRED Team,2025-07-28T23:19:42.343Z,0,0,devingaffney.com,WIRED Team,at://did:plc:jijwtzgroy76samnivlqrpec/app.bsky.feed.generator/wired-team
おはようフィード（テスト）,2023-11-08T00:21:41.677Z,0,0,so-asano.com,おはようおはよう,at://did:plc:pxwzal3aspfg2xnbbt2fjami/app.bsky.feed.generator/18bac4e68add24b
ラーメンフィード（テスト）,2023-11-08T00:27:27.996Z,0,0,so-asano.com,ラーメンフィード（テスト）ラーメンフィード（テスト）ラーメンフィード（テスト）ラーメンフィード（テスト）ラーメンフィード（テスト）ラーメンフィード（テスト）ラーメンフィード（テスト）ラーメンフィード（テスト）ラーメンフィード（テスト）ラーメンフィード（テスト）ラーメンフィード（テスト）ラーメンフィード（テスト）ラーメンフィード（テスト）ラーメンフィード（テスト）ラーメンフィード（テスト）ラーメンフィード（テスト）ラーメンフィード（テスト）ラーメンフィード（テスト）ラーメンフィード（テスト）ラーメンフィード（テスト）ラーメンフィード（テスト）ラーメンフィード（テスト）ラーメンフィード（テスト）,at://did:plc:pxwzal3aspfg2xnbbt2fjami/app.bsky.feed.generator/18bac53b17c9192
ラーメンフィード（テスト）,2023-11-08T00:27:49.763Z,0,0,so-asano.com,ラーメンフィード（テスト）ラーメンフィード（テスト）ラーメンフィード（テスト）ラーメンフィード（テスト）ラーメンフィード（テスト）ラーメンフィード（テスト）ラーメンフィード（テスト）ラーメンフィード（テスト）ラーメンフィード（テスト）ラーメンフィード（テスト）ラーメンフィード（テスト）ラーメンフィード（テスト）ラーメンフィード（テスト）ラーメンフィード（テスト）ラーメンフィード（テスト）ラーメンフィード（テスト）ラーメンフィード（テスト）ラーメンフィード（テスト）ラーメンフィード（テスト）ラーメンフィード（テスト）ラーメンフィード（テスト）ラーメンフィード（テスト）ラーメンフィード（テスト）,at://did:plc:pxwzal3aspfg2xnbbt2fjami/app.bsky.feed.generator/18bac540683caf4
ラーメンフィード（テスト）,2023-11-08T00:28:01.078Z,0,0,so-asano.com,ラーメンフィード（テスト）ラーメンフィード（テスト）ラーメンフィード（テスト）ラーメンフィード（テスト）ラーメンフィード（テスト）ラーメンフィード（テスト）ラーメンフィード（テスト）ラーメンフィード（テスト）ラーメンフィード（テスト）ラーメンフィード（テスト）ラーメンフィード（テスト）ラーメンフィード（テスト）ラーメンフィード（テスト）ラーメンフィード（テスト）ラーメンフィード（テスト）ラーメンフィード（テスト）ラーメンフィード（テスト）ラーメンフィード（テスト）ラーメンフィード（テスト）ラーメンフィード（テスト）ラーメンフィード（テスト）ラーメンフィード（テスト）ラーメンフィード（テスト）,at://did:plc:pxwzal3aspfg2xnbbt2fjami/app.bsky.feed.generator/18bac5432b526d6
ラーメンフィード（テスト）,2023-11-08T01:53:49.154Z,0,0,so-asano.com,テストですよ,at://did:plc:pxwzal3aspfg2xnbbt2fjami/app.bsky.feed.generator/18baca2c052d64b
モカマタリさん手品傑作選,2023-11-08T11:05:01.858Z,0,0,so-asano.com,モカさんの超能力を Bluemotion で堪能しましょう。,at://did:plc:pxwzal3aspfg2xnbbt2fjami/app.bsky.feed.generator/18bae9b59eebac2
test 1221,2023-12-21T04:40:18.997Z,0,0,so-asano.com,test,at://did:plc:pxwzal3aspfg2xnbbt2fjami/app.bsky.feed.generator/18bca13f2cc79f3
物干しが組み立てられない,2023-11-27T04:36:19.100Z,0,0,so-asano.com,なんでなん,at://did:plc:pxwzal3aspfg2xnbbt2fjami/app.bsky.feed.generator/18bca5d2efb99d7
BonusEruptus 2026 movies,2025-12-28T19:22:16.633Z,0,0,bonuseruptus.bsky.social,,at://did:plc:5fmou4emwcgbhslcnm6vdieu/app.bsky.feed.generator/aaagm2gw4bpc2
公開のテストしとらんかった,2023-11-14T13:46:20.554Z,0,0,so-asano.com,テストせな,at://did:plc:pxwzal3aspfg2xnbbt2fjami/app.bsky.feed.generator/18bce153b125c82
🧿 の作り方 by たらさん,2023-11-30T05:31:04.683Z,0,0,so-asano.com,お守りだそうです。,at://did:plc:pxwzal3aspfg2xnbbt2fjami/app.bsky.feed.generator/18c1eb350b2e89c
イマダさんによる🧿錬成,2023-11-30T07:48:16.900Z,0,0,so-asano.com,勝手にまとめました。イマダさんは天才。,at://did:plc:pxwzal3aspfg2xnbbt2fjami/app.bsky.feed.generator/18c1f33249acf13
test 用,2024-02-15T22:45:27.010Z,0,0,so-asano.com,test です,at://did:plc:pxwzal3aspfg2xnbbt2fjami/app.bsky.feed.generator/18da9a1c1d7d642
test 2/16,2024-02-17T05:08:12.238Z,0,0,so-asano.com,test です,at://did:plc:pxwzal3aspfg2xnbbt2fjami/app.bsky.feed.generator/18dafc729208c46
test 2/18,2024-02-20T21:44:29.159Z,0,0,so-asano.com,test です。,at://did:plc:pxwzal3aspfg2xnbbt2fjami/app.bsky.feed.generator/18db9eef25cb99f
主要な告知など by So Asano,2024-02-21T14:35:24.143Z,0,0,so-asano.com,これまでのぼくの主要な告知ポストをまとめました。,at://did:plc:pxwzal3aspfg2xnbbt2fjami/app.bsky.feed.generator/18dcc167f1b50c2
test 2/25,2024-02-25T17:21:15.500Z,0,0,so-asano.com,test です。 https://example.com,at://did:plc:pxwzal3aspfg2xnbbt2fjami/app.bsky.feed.generator/18dddc0871bafbd
test 2/26,2024-02-27T04:54:14.834Z,0,0,so-asano.com,test https://example.com @so-asano.com,at://did:plc:pxwzal3aspfg2xnbbt2fjami/app.bsky.feed.generator/18de14a84eadd83
ぼくの過去の人気ポスト,2023-11-14T10:23:45.420Z,0,0,so-asano.com,こんなかんじでした。,at://did:plc:pxwzal3aspfg2xnbbt2fjami/app.bsky.feed.generator/18bcd5bc1da8f2b
BtV - Classic Strips,2023-09-13T20:04:16.975Z,0,0,sillyvamp.bsky.social,A collection of Biff strips & artwork from through the years.,at://did:plc:puthqslg2u5mnzkt322z5x24/app.bsky.feed.generator/aaajb67nx2ykq
ICWSM,2025-07-28T23:37:05.719Z,0,0,jackbandy.com,"Posts from anyone in the starter pack (https://bsky.app/starter-pack-short/GDkQ3y7) Posts with ICWSM, ICWSM25, or ICWSM2025 Sorted by newest posts first",at://did:plc:jygezaz6gd2m5jiw5fj4naij/app.bsky.feed.generator/icwsm25
いとこんごった煮,2023-11-14T21:39:53.398Z,0,0,itokonn.bsky.social,いとこんのこれまでのpostがランダムに出現するだけのfeedです,at://did:plc:qq4q5nsxhl4m7gmvnf7mdgek/app.bsky.feed.generator/aaalglmccc54g
Research papers,2025-07-29T00:36:12.807Z,0,0,healthpapers.bsky.social,"A stream of curated research papers.  Feed searching by link or doi in posts. Reverse chronological order.   #medsky #research #Health #science ",at://did:plc:hlnkzvj34hh7bqwmlbwz3ibd/app.bsky.feed.generator/research-papers
Health papers,2025-07-29T00:36:17.305Z,0,0,healthpapers.bsky.social,"A stream of curated health papers.  Feed searching by link or doi in posts. Reverse chronological order.   #medsky #research #Health",at://did:plc:hlnkzvj34hh7bqwmlbwz3ibd/app.bsky.feed.generator/healthpapers2
discover,2025-08-17T22:24:01.203Z,0,0,healthpapers.bsky.social,discover,at://did:plc:hlnkzvj34hh7bqwmlbwz3ibd/app.bsky.feed.generator/discover
JournlSrch,2025-11-04T20:10:58.058Z,0,0,healthpapers.bsky.social,Jrnlsrch,at://did:plc:hlnkzvj34hh7bqwmlbwz3ibd/app.bsky.feed.generator/JournlSrch
React ⚛️ (WIP 🧪),2025-07-29T00:59:19.505Z,0,0,tom.sherman.is,(Experimental 🧪) React and React Native ecosystem feed,at://did:plc:2xau7wbgdq4phuou2ypwuen7/app.bsky.feed.generator/react
Atproto Browser Mentions,2025-07-29T00:59:17.003Z,0,0,tom.sherman.is,Atproto Browser Mentions,at://did:plc:2xau7wbgdq4phuou2ypwuen7/app.bsky.feed.generator/atproto-browser
sid's follows - mutuals,2025-07-29T00:46:09.704Z,0,0,sid.st,posts from people I follow minus mutuals,at://did:plc:27c6rwbwbyazm53vcpnoecba/app.bsky.feed.generator/follows-mutuals
Unconfirmed Rabbit,2025-07-12T12:55:56.843Z,0,0,just-some-feeds.bsky.social,Unconfirmed Rabbit posts,at://did:plc:eubjsqnf5edgvcc6zuoyixhw/app.bsky.feed.generator/not-rabbit
Somnius SFW,2025-10-31T21:26:38.463Z,0,0,somni.us,A sfw timeline of all my follows  BlueskyFeedCreator.com Donate: https://blueskyfeedcreator.com/p/somni.us/smns-flw-sfw#donate,at://did:plc:qykcybqwbdzh744x67dbfvzd/app.bsky.feed.generator/smns-flw-sfw
WaPo news feed,2025-07-28T23:19:40.421Z,0,0,devingaffney.com,Trending content from Washington Post,at://did:plc:jijwtzgroy76samnivlqrpec/app.bsky.feed.generator/wapo-test
woweie,2025-07-28T23:19:43.073Z,0,0,devingaffney.com,woewoeo,at://did:plc:jijwtzgroy76samnivlqrpec/app.bsky.feed.generator/weoweie
Akizuki Agenda,2025-05-16T14:58:20.152Z,0,0,engielolz.ritsuko.akizuki.best,"A feed for the Akizuki cousins of THE iDOLM@STER, namely, Ritsuko and Ryo Akizuki! Check here for the last 7 days of the Akizuki Agenda.",at://did:plc:s2cyuhd7je7eegffpnurnpud/app.bsky.feed.generator/aaaohfshxdqjw
RitsukoP-osting,2025-05-16T15:00:46.146Z,0,0,engielolz.ritsuko.akizuki.best,akizuki ricchan pineapples shrimp with the occasional ryo,at://did:plc:s2cyuhd7je7eegffpnurnpud/app.bsky.feed.generator/aaanfclwbo7au
Daily Ritsuko Akizuki,2024-09-07T15:14:40.176Z,0,0,engielolz.ritsuko.akizuki.best,"A feed for all the #DailyRicchan posts 💚  (This is made with SkyFeed's Feed Builder, so if this isn't working SkyFeed might be down. It may also not work if you aren't logged in)",at://did:plc:s2cyuhd7je7eegffpnurnpud/app.bsky.feed.generator/aaalel47lmm3k
The Silver Feed,2025-01-20T15:31:21.161Z,0,0,engielolz.ritsuko.akizuki.best,"This is a silver feed for the silver queen of THE iDOLM@STER, Takane Shijou! Look here for the latest sightings of this mysterious princess.",at://did:plc:s2cyuhd7je7eegffpnurnpud/app.bsky.feed.generator/aaaiiuecwsvku
WHO news feed,2025-07-28T23:19:38.665Z,0,0,devingaffney.com,Trending content from WHO,at://did:plc:jijwtzgroy76samnivlqrpec/app.bsky.feed.generator/who-test
WIRED Beat,2025-07-28T23:19:42.141Z,0,0,devingaffney.com,WIRED Beat,at://did:plc:jijwtzgroy76samnivlqrpec/app.bsky.feed.generator/wired-beat
NinGeko's Sketch Feed,2023-07-25T01:22:52.428Z,0,0,ningeko.bsky.social,All of NinGeko's sketches and rough art goes here!,at://did:plc:2sd35sdunqrrbcmgmhkaw6zq/app.bsky.feed.generator/aaaiw4inqofem
Subscribers & Stickies,2025-07-28T23:19:33.885Z,0,0,devingaffney.com,Subscription Feed and Sticky Post Test,at://did:plc:jijwtzgroy76samnivlqrpec/app.bsky.feed.generator/subscribers-sti
Germ Friends,2025-12-17T01:03:48.132Z,0,0,germnetwork.com,"Your mutuals, on Germ. Send the first DM! ",at://did:plc:4yvwfwxfz5sney4twepuzdu7/app.bsky.feed.generator/Germ-Friends
Tech Feed,2025-07-28T23:19:42.309Z,0,0,devingaffney.com,Tech Demo,at://did:plc:jijwtzgroy76samnivlqrpec/app.bsky.feed.generator/tech
TechCrunch news feed,2025-07-28T23:19:38.633Z,0,0,devingaffney.com,Trending content from TechCrunch,at://did:plc:jijwtzgroy76samnivlqrpec/app.bsky.feed.generator/techcrunch-test
test,2025-07-28T23:19:39.817Z,0,0,devingaffney.com,test,at://did:plc:jijwtzgroy76samnivlqrpec/app.bsky.feed.generator/test
waefwwef,2025-07-28T23:19:43.113Z,0,0,devingaffney.com,waefwwef,at://did:plc:jijwtzgroy76samnivlqrpec/app.bsky.feed.generator/waefwwef
Test,2025-07-28T23:19:42.247Z,0,0,devingaffney.com,Test feed,at://did:plc:jijwtzgroy76samnivlqrpec/app.bsky.feed.generator/test-media-foll
Test,2025-07-28T23:19:42.991Z,0,0,devingaffney.com,Testspeed,at://did:plc:jijwtzgroy76samnivlqrpec/app.bsky.feed.generator/test-speed
tesetes,2025-08-14T02:25:43.205Z,0,0,devingaffney.com,test,at://did:plc:jijwtzgroy76samnivlqrpec/app.bsky.feed.generator/testeddd
The Team,2023-07-31T15:02:41.000Z,0,0,mackuba.eu,Under construction,at://did:plc:oio4hkxaop4ao4wz2pp3f4cr/app.bsky.feed.generator/team
The Verge news feed,2025-07-28T23:19:38.606Z,0,0,devingaffney.com,Trending content from The Verge,at://did:plc:jijwtzgroy76samnivlqrpec/app.bsky.feed.generator/verge-test
tested,2025-08-09T00:43:20.607Z,0,0,devingaffney.com,testing,at://did:plc:jijwtzgroy76samnivlqrpec/app.bsky.feed.generator/testingz
UpdateCharts news feed,2025-07-28T23:19:38.574Z,0,0,devingaffney.com,Trending content from UpdateCharts,at://did:plc:jijwtzgroy76samnivlqrpec/app.bsky.feed.generator/updatecharts-te
Trending Videos,2025-07-28T23:19:38.378Z,0,0,devingaffney.com,Trending Videos on Bluesky!,at://did:plc:jijwtzgroy76samnivlqrpec/app.bsky.feed.generator/trending-vid
test,2025-11-04T20:38:38.561Z,0,0,devingaffney.com,tester,at://did:plc:jijwtzgroy76samnivlqrpec/app.bsky.feed.generator/testr
TPM news feed,2025-07-28T23:19:39.356Z,0,0,devingaffney.com,Trending content from TPM,at://did:plc:jijwtzgroy76samnivlqrpec/app.bsky.feed.generator/tpm-test
TestSpace,2025-07-28T23:19:38.206Z,0,0,devingaffney.com,Test Space,at://did:plc:jijwtzgroy76samnivlqrpec/app.bsky.feed.generator/testspace
Test,2025-07-28T23:19:38.477Z,0,0,devingaffney.com,tests,at://did:plc:jijwtzgroy76samnivlqrpec/app.bsky.feed.generator/testtest
TestSpace,2025-07-28T23:19:38.336Z,0,0,devingaffney.com,Test Space 2,at://did:plc:jijwtzgroy76samnivlqrpec/app.bsky.feed.generator/testspace2
TESTERES,2025-08-26T21:17:51.707Z,0,0,devingaffney.com,test,at://did:plc:jijwtzgroy76samnivlqrpec/app.bsky.feed.generator/testeres
DailyRicchan (Ascending),2024-10-07T02:00:57.510Z,0,0,engielolz.ritsuko.akizuki.best,"Ascending version of the #DailyRicchan feed 💚  (This is made with SkyFeed's Feed Builder, so if this isn't working SkyFeed might be down. It may also not work if you aren't logged in)",at://did:plc:s2cyuhd7je7eegffpnurnpud/app.bsky.feed.generator/aaagjmwjr44ha
Amami Halookup,2024-10-31T17:35:41.275Z,0,0,engielolz.ritsuko.akizuki.best,"A feed dedicated to Haruka Amami, the face of THE iDOLM@STER! Pulls in the latest Harurun brainrot from the past week.",at://did:plc:s2cyuhd7je7eegffpnurnpud/app.bsky.feed.generator/aaafaeaujzgtw
Popular imasimgbot posts,2024-11-16T22:52:15.638Z,0,0,engielolz.ritsuko.akizuki.best,The most popular images posted by the idol bots powered by imasimgbot sorted by like count,at://did:plc:s2cyuhd7je7eegffpnurnpud/app.bsky.feed.generator/aaacv3hmnaqhe
Small News (Copy),2025-08-26T21:37:05.911Z,0,0,jackbandy.com,"Recent links from smaller independent news organizations (avoids larger and/or billionaire-owned outlets)  INCLUDED: ProPublica, Texas Tribune, Block Club Chicago... EXCLUDED: New York Times, Wall Street Journal, Washington Post...",at://did:plc:jygezaz6gd2m5jiw5fj4naij/app.bsky.feed.generator/buyhiomrelrx8ao
Cloud9,2025-08-26T21:37:05.836Z,0,0,jackbandy.com,Posts with positive energy,at://did:plc:jygezaz6gd2m5jiw5fj4naij/app.bsky.feed.generator/cloud9
My Latest Mistakes ,2025-10-06T06:23:54.261Z,0,0,therobcee.bsky.social,Straight out the oven,at://did:plc:qgwtblhb4535ga5juzjpeqss/app.bsky.feed.generator/aaalqktwrilum
24時間の日本語,2024-03-03T00:13:25.476Z,0,0,fenarinarsa.com,過去24時間における日本語のベスト投稿,at://did:plc:fb3iwxg23jziddgbtsixx3zu/app.bsky.feed.generator/aaap65qfcmnlk
何の日,2025-11-30T13:20:49.734Z,0,0,fenarinarsa.com,,at://did:plc:fb3iwxg23jziddgbtsixx3zu/app.bsky.feed.generator/aaapy2h7hvyso
PopBase news feed,2025-07-28T23:19:38.599Z,0,0,devingaffney.com,Trending content from PopBase,at://did:plc:jijwtzgroy76samnivlqrpec/app.bsky.feed.generator/popbase-test
Steam news feed,2025-07-28T23:19:39.458Z,0,0,devingaffney.com,Trending content from Steam,at://did:plc:jijwtzgroy76samnivlqrpec/app.bsky.feed.generator/steam-test
Devin's Version,2025-07-28T23:19:43.053Z,0,0,devingaffney.com,Test,at://did:plc:jijwtzgroy76samnivlqrpec/app.bsky.feed.generator/pp-devin-test
ProPublica news feed,2025-07-28T23:19:38.421Z,0,0,devingaffney.com,Trending content from ProPublica,at://did:plc:jijwtzgroy76samnivlqrpec/app.bsky.feed.generator/propublica-test
repro,2025-07-28T23:19:43.012Z,0,0,devingaffney.com,repro of #3101,at://did:plc:jijwtzgroy76samnivlqrpec/app.bsky.feed.generator/repro
Rob Cee's Stickiest,2025-10-06T06:13:24.363Z,0,0,therobcee.bsky.social,My most popular mistakes,at://did:plc:qgwtblhb4535ga5juzjpeqss/app.bsky.feed.generator/aaalqgy4owtxg
testerse,2025-07-28T23:19:38.148Z,0,0,devingaffney.com,fawefawez,at://did:plc:jijwtzgroy76samnivlqrpec/app.bsky.feed.generator/restesrz
Reuters news feed,2025-07-28T23:19:38.583Z,0,0,devingaffney.com,Trending content from Reuters,at://did:plc:jijwtzgroy76samnivlqrpec/app.bsky.feed.generator/reuters-test
SciFri Trending,2025-07-28T23:19:41.967Z,0,0,devingaffney.com,Trending Content from Science Friday,at://did:plc:jijwtzgroy76samnivlqrpec/app.bsky.feed.generator/scifri-trend
sensoryart,2025-09-29T20:43:12.056Z,0,0,devingaffney.com,sensoryart,at://did:plc:jijwtzgroy76samnivlqrpec/app.bsky.feed.generator/sensoryart
fungi friends 2,2025-07-29T00:35:06.008Z,0,0,goose.art,"Testing logic for fungi friends feed migration ",at://did:plc:hsqwcidfez66lwm3gxhfv5in/app.bsky.feed.generator/fung-friend
Simon's Trade Feed,2025-08-14T02:41:25.308Z,0,0,devingaffney.com,Test of Simon's Trade Feed,at://did:plc:jijwtzgroy76samnivlqrpec/app.bsky.feed.generator/simon-trade-fee
Portland OR,2025-07-28T23:19:42.211Z,0,0,devingaffney.com,Portland OR News,at://did:plc:jijwtzgroy76samnivlqrpec/app.bsky.feed.generator/portland-or
Finance,2025-11-18T04:02:16.757Z,0,0,fema.monster,finance,at://did:plc:lptjvw6ut224kwrj7ub3sqbe/app.bsky.feed.generator/Finance
bsky video dev (Copy),2025-09-25T03:37:53.954Z,0,0,fema.monster,,at://did:plc:lptjvw6ut224kwrj7ub3sqbe/app.bsky.feed.generator/Gea6hV1lyw4XFGh
HD VIDEO,2025-09-24T05:25:56.404Z,0,0,fema.monster,,at://did:plc:lptjvw6ut224kwrj7ub3sqbe/app.bsky.feed.generator/HD-VIDEO
HYDRATIONVIEWER,2025-09-17T19:05:30.305Z,0,0,fema.monster,,at://did:plc:lptjvw6ut224kwrj7ub3sqbe/app.bsky.feed.generator/HYDRATION
Turbostream Test 1 (Copy,2025-09-17T07:47:29.004Z,0,0,fema.monster,,at://did:plc:lptjvw6ut224kwrj7ub3sqbe/app.bsky.feed.generator/Ir5ogw5ZzmtHRdQ
Feed Mod Test Feed 3,2025-12-02T16:53:32.330Z,0,0,fema.monster,,at://did:plc:lptjvw6ut224kwrj7ub3sqbe/app.bsky.feed.generator/MOD
MOD TEST FEED,2025-11-18T19:59:31.359Z,0,0,fema.monster,d,at://did:plc:lptjvw6ut224kwrj7ub3sqbe/app.bsky.feed.generator/MOD-TEST-FEED
NSFW FEEDMASTER,2025-09-23T08:12:54.703Z,0,0,fema.monster,Feed to assist in NSFW features on feedmaster app,at://did:plc:lptjvw6ut224kwrj7ub3sqbe/app.bsky.feed.generator/NSFW-FEEDMASTER
NSFW FILTER FEED,2025-08-27T19:44:05.320Z,0,0,fema.monster,nsfw filter,at://did:plc:lptjvw6ut224kwrj7ub3sqbe/app.bsky.feed.generator/NSFW-FILTER-FEE
BtV - Comics & Stuff,2023-09-13T16:29:19.915Z,0,0,sillyvamp.bsky.social,Main feed for current strips & Biff-related artwork.,at://did:plc:puthqslg2u5mnzkt322z5x24/app.bsky.feed.generator/aaahf4lzscbhw
adblocker test (Copy),2025-08-28T17:35:20.709Z,0,0,fema.monster,,at://did:plc:lptjvw6ut224kwrj7ub3sqbe/app.bsky.feed.generator/SYzibW1RIMN3acO
Feed Mod Test Feed 4,2025-12-11T18:41:49.932Z,0,0,fema.monster,,at://did:plc:lptjvw6ut224kwrj7ub3sqbe/app.bsky.feed.generator/T4UjsjM1JRe2gSu
Turbostream Test 1,2025-09-17T01:02:32.205Z,0,0,fema.monster,,at://did:plc:lptjvw6ut224kwrj7ub3sqbe/app.bsky.feed.generator/Turbostream-Tes
Squid Game ⚡,2025-07-29T00:21:52.208Z,0,0,fema.monster,"Sorted by: new posts.  Not affiliated with Netflix. This is a test.",at://did:plc:lptjvw6ut224kwrj7ub3sqbe/app.bsky.feed.generator/aV0gON48GU0UqtJ
2025 Backup Urbanism+,2025-01-31T15:59:26.452Z,0,0,fema.monster,,at://did:plc:lptjvw6ut224kwrj7ub3sqbe/app.bsky.feed.generator/aaaitm2fbuhpc
Ratio,2025-02-03T22:25:48.049Z,0,0,numb.comfortab.ly,Ratio,at://did:plc:pmyqirafcp3jqdhrl7crpq7t/app.bsky.feed.generator/ratio
"""Hits""",2025-05-29T20:56:22.946Z,0,0,allhailjerry.myatproto.social,,at://did:plc:xmlxuck3ds7hbgl37iuut3kr/app.bsky.feed.generator/aaaar42e2v3am
ATProtoFans In The Wild,2025-12-10T18:16:34.833Z,0,0,atprotofans.com,Links to atprotofans.com,at://did:plc:7ewx3bksukdk6a4vycoykhhw/app.bsky.feed.generator/atpf-links
Ucho-ten tutorial,2023-12-26T05:14:31.733Z,0,0,ucho-ten.net,Tutorial Feed for Ucho-ten,at://did:plc:metxzqysekddoeuepe7inggd/app.bsky.feed.generator/aaakjcnb6ny6q
UHD VIDEO,2025-09-29T07:35:37.251Z,0,0,fema.monster,Feed icon: https://www.flaticon.com/free-icon/4k-film_2958829?term=4k&page=1&position=4&origin=tag&related_id=2958829,at://did:plc:lptjvw6ut224kwrj7ub3sqbe/app.bsky.feed.generator/SNuPE6JUyrerEEt
Space Jew,2024-06-17T00:12:05.875Z,0,0,jewish.bsky.social,The horrible things I say,at://did:plc:24atmhsxslaeuvf2gcmv7fh3/app.bsky.feed.generator/aaacg7io5nf6e
"Moots, fredz, cool peeps",2023-08-14T18:47:09.951Z,0,0,jewish.bsky.social,"Mutuals, friends, or cool people I just like following.",at://did:plc:24atmhsxslaeuvf2gcmv7fh3/app.bsky.feed.generator/aaaai2naddqk6
topic: bluesky,2025-10-17T21:30:43.056Z,0,0,cxni.bsky.social,"feed that's strictly about bluesky, the topic at hand is ''bluesky''",at://did:plc:mvb2prctcnsv3si64j6p2g7i/app.bsky.feed.generator/aaapic5ve4bpk
♨️ Cymru | Wales Hot,2024-11-26T14:33:59.966Z,0,0,jaz.co.uk,"Popular Conversations about Cymru | Sgyrsiau Poblogaidd am Gymru   (bilingual Welsh English feed, ffrwd ddwyieithog Cymraeg Saesneg)  This feed is curated by @jaz.co.uk  (@jaz.toot.wales.ap.brid.gy) - please DM for issues/removals etc.",at://did:plc:zqeneaobrxkk4u2dc255sobg/app.bsky.feed.generator/aaagkmxcvvbtg
Soundcloud Techno,2025-07-03T18:17:13.744Z,0,0,jeffg.ca,Any soundcloud links hashtagged with #techno 😎,at://did:plc:r33d6wynfbi5mfinrjqfbmt5/app.bsky.feed.generator/aaanc72yo6vk2
"""bangers""",2024-11-29T17:26:51.455Z,0,0,ditchpony.bsky.social,ditchpony's greatest hits,at://did:plc:e7cj3zz5x64obhphxxlbsngg/app.bsky.feed.generator/aaaftvv5rw4dm
Bangers and Jam,2025-12-29T02:55:05.944Z,0,0,james.tarnation.lol,,at://did:plc:3m5c2aiko7heyjmwbrkp3ym5/app.bsky.feed.generator/aaagqbxvl5bnw
Panic! At the Feed,2024-08-08T13:41:40.661Z,0,0,retr0.id,,at://did:plc:vwzwgnygau7ed7b7wt5ux7y2/app.bsky.feed.generator/aaadem7hzzklw
mean things to my skeets,2023-08-22T10:47:32.680Z,0,0,meantomyself.bsky.social,,at://did:plc:bofndnzkklhukq45ys4pvwd5/app.bsky.feed.generator/aaabi5mikdxok
ENDPOINTTEST,2025-11-15T17:53:36.260Z,0,0,fema.monster,EPT,at://did:plc:lptjvw6ut224kwrj7ub3sqbe/app.bsky.feed.generator/ENDPOINTTEST
topic television,2024-02-27T10:50:50.737Z,0,0,why.bsky.team,topic detection based feed,at://did:plc:vpkhqolt662uhesyj6nxm7ys/app.bsky.feed.generator/topic-tv
My Bangers,2025-10-13T23:14:26.478Z,0,0,numb.comfortab.ly,My bangers.,at://did:plc:pmyqirafcp3jqdhrl7crpq7t/app.bsky.feed.generator/aaai7jjjyvczo
topic science,2024-02-15T14:50:45.557Z,0,0,why.bsky.team,topic detection based feed,at://did:plc:vpkhqolt662uhesyj6nxm7ys/app.bsky.feed.generator/topic-science
topic nature,2024-02-27T10:50:20.439Z,0,0,why.bsky.team,topic detection based feed,at://did:plc:vpkhqolt662uhesyj6nxm7ys/app.bsky.feed.generator/topic-nature
Sentry,2025-08-26T20:59:49.905Z,0,0,timfish.dev,Testing Sentry,at://did:plc:ui3df4hvgeb7p6hup65q4vfb/app.bsky.feed.generator/sentry
topic books,2024-02-27T10:57:07.871Z,0,0,why.bsky.team,topic detection based feed,at://did:plc:vpkhqolt662uhesyj6nxm7ys/app.bsky.feed.generator/topic-books
Feed Mod Test Feed 1,2025-12-02T16:52:30.832Z,0,0,fema.monster,,at://did:plc:lptjvw6ut224kwrj7ub3sqbe/app.bsky.feed.generator/0FVgE6GFn7xgEy7
ProPublica 3.5,2025-07-29T00:20:47.507Z,0,0,fema.monster,Not affiliated with ProPublica. This is a test.,at://did:plc:lptjvw6ut224kwrj7ub3sqbe/app.bsky.feed.generator/0ttmuesdo0zoruk
ALL CREATORS,2025-09-17T20:16:38.504Z,0,0,fema.monster,,at://did:plc:lptjvw6ut224kwrj7ub3sqbe/app.bsky.feed.generator/ALL-CREATORS
DunkSky,2025-11-04T15:38:01.260Z,0,0,fema.monster,Fuck MAGA. Post your dunks. #DunkSky,at://did:plc:lptjvw6ut224kwrj7ub3sqbe/app.bsky.feed.generator/DunkSky
Alison's skeets,2023-08-20T15:38:01.803Z,0,0,meantomyself.bsky.social,,at://did:plc:bofndnzkklhukq45ys4pvwd5/app.bsky.feed.generator/aaabi4jotuegs
Minnesota Timberwolves,2025-07-28T23:19:33.936Z,0,0,devingaffney.com,Example Feed for following the Minnesota Timberwolves,at://did:plc:jijwtzgroy76samnivlqrpec/app.bsky.feed.generator/mn-wolves
Woodworking,2025-07-28T23:19:38.198Z,0,0,devingaffney.com,Woodworking feed,at://did:plc:jijwtzgroy76samnivlqrpec/app.bsky.feed.generator/woodworking
mingotest,2025-07-28T23:19:38.164Z,0,0,devingaffney.com,mingotest,at://did:plc:jijwtzgroy76samnivlqrpec/app.bsky.feed.generator/mingotest
Mercury Trending,2025-07-28T23:19:38.361Z,0,0,devingaffney.com,Trending news from the Portland Mercury,at://did:plc:jijwtzgroy76samnivlqrpec/app.bsky.feed.generator/mercury-trendin
WSJ news feed,2025-07-28T23:19:38.690Z,0,0,devingaffney.com,Trending content from WSJ,at://did:plc:jijwtzgroy76samnivlqrpec/app.bsky.feed.generator/wsj-test
mamma-mia,2025-11-30T18:48:13.533Z,0,0,devingaffney.com,mamma-mia mamma-mia,at://did:plc:jijwtzgroy76samnivlqrpec/app.bsky.feed.generator/mamma-mia
LLM/AI/ML,2025-07-28T23:19:40.624Z,0,0,devingaffney.com,LLM/AI/ML Feed,at://did:plc:jijwtzgroy76samnivlqrpec/app.bsky.feed.generator/llm-ai-ml
WWeek Trending,2025-07-28T23:19:38.344Z,0,0,devingaffney.com,Trending Posts from The Willamette Week,at://did:plc:jijwtzgroy76samnivlqrpec/app.bsky.feed.generator/wweek-test
no feed here,2025-10-01T14:14:47.758Z,0,0,kris.to,nothin,at://did:plc:542d7hnrdfvkldeieefmajxl/app.bsky.feed.generator/no-feed-here
test 2/27,2024-02-27T05:35:09.396Z,0,0,so-asano.com,テストです,at://did:plc:pxwzal3aspfg2xnbbt2fjami/app.bsky.feed.generator/18de90f45ecb063
Lawfare news feed,2025-07-28T23:19:39.849Z,0,0,devingaffney.com,Trending content from Lawfare,at://did:plc:jijwtzgroy76samnivlqrpec/app.bsky.feed.generator/lawfare-test
List/artshare/noreply,2025-08-16T17:49:07.805Z,0,0,devingaffney.com,Example feed,at://did:plc:jijwtzgroy76samnivlqrpec/app.bsky.feed.generator/lan-example
Levon test 03033,2025-03-03T07:51:37.155Z,0,0,ewalf.com,"just a test feed on 0303,levon 0303-4 1551",at://did:plc:ix3oc3uqt2pyqj7hshv4h7nm/app.bsky.feed.generator/aaafvqid6jug4
Kiev Independent,2025-07-28T23:19:40.743Z,0,0,devingaffney.com,Trending Content From the Kiev Independent,at://did:plc:jijwtzgroy76samnivlqrpec/app.bsky.feed.generator/kiev-indy
Favorite Species,2025-08-31T10:34:12.502Z,0,0,matrixfurry.com,,at://did:plc:zmjoeu3stwcn44647rhxa44o/app.bsky.feed.generator/Favorite-Specie
meglish makes,2024-11-09T18:05:50.981Z,0,0,meglish.com,"stuff I make! art, sewing, design, etc. (food in a separate feed)",at://did:plc:fzisovu4o5ga6mwl4x7rrgq6/app.bsky.feed.generator/aaabedr65hhpa
meglish bakes,2024-11-09T18:05:39.685Z,0,0,meglish.com,"food I make! mostly baking and cookies, bt sometimes not",at://did:plc:fzisovu4o5ga6mwl4x7rrgq6/app.bsky.feed.generator/aaabefzepbqa4
save the earth,2025-01-08T22:31:13.748Z,0,0,eaarthnet.bsky.social,searching like-minded accounts and feeds,at://did:plc:psc5iohxh3yq6uvnj4osb77q/app.bsky.feed.generator/aaaep6wix3uom
Hello World,2024-11-21T12:14:08.073Z,0,0,amac0.bsky.social,"Just displays one post, a hello world",at://did:plc:shzwxt4dylelme3eksq4wwoi/app.bsky.feed.generator/hello-world
LIB-Test,2025-09-18T18:40:19.013Z,0,0,devingaffney.com,Love Is Blind Test,at://did:plc:jijwtzgroy76samnivlqrpec/app.bsky.feed.generator/lib-test
pkm,2025-07-28T23:19:40.122Z,0,0,devingaffney.com,pkm,at://did:plc:jijwtzgroy76samnivlqrpec/app.bsky.feed.generator/pkm
test 2/27 - 2,2024-02-27T06:44:27.124Z,0,0,so-asano.com,テストです,at://did:plc:pxwzal3aspfg2xnbbt2fjami/app.bsky.feed.generator/18de90fe971dc49
test 2/28,2024-02-27T17:18:30.334Z,0,0,so-asano.com,テストです,at://did:plc:pxwzal3aspfg2xnbbt2fjami/app.bsky.feed.generator/18deb62db049481
test 2/28,2024-02-28T19:08:26.063Z,0,0,so-asano.com,test,at://did:plc:pxwzal3aspfg2xnbbt2fjami/app.bsky.feed.generator/18ded51d11c8542
pets,2025-08-20T15:27:24.208Z,0,0,devingaffney.com,petspets,at://did:plc:jijwtzgroy76samnivlqrpec/app.bsky.feed.generator/petspets
Palmer Report news feed,2025-07-28T23:19:39.363Z,0,0,devingaffney.com,Trending content from Palmer Report,at://did:plc:jijwtzgroy76samnivlqrpec/app.bsky.feed.generator/palmer-test
paintchip,2025-07-28T23:19:38.174Z,0,0,devingaffney.com,paintchip,at://did:plc:jijwtzgroy76samnivlqrpec/app.bsky.feed.generator/paintchip
Oregonian Trending,2025-07-28T23:19:38.369Z,0,0,devingaffney.com,Trending news from The Oregonian,at://did:plc:jijwtzgroy76samnivlqrpec/app.bsky.feed.generator/oregonian-trend
onlyspams,2025-10-10T17:45:27.980Z,0,0,devingaffney.com,onlyspams,at://did:plc:jijwtzgroy76samnivlqrpec/app.bsky.feed.generator/onlyspams
More Perfect Feed,2025-07-28T23:19:41.886Z,0,0,devingaffney.com,Trending content from More Perfect Union,at://did:plc:jijwtzgroy76samnivlqrpec/app.bsky.feed.generator/more-perfect-u
Wired news feed,2025-07-28T23:19:40.659Z,0,0,devingaffney.com,Trending content from Wired,at://did:plc:jijwtzgroy76samnivlqrpec/app.bsky.feed.generator/wired-test
NYTimes trend,2025-07-28T23:19:40.338Z,0,0,devingaffney.com,Trending content from NYTimes,at://did:plc:jijwtzgroy76samnivlqrpec/app.bsky.feed.generator/nytimes-test
nvidia,2025-11-18T01:50:59.464Z,0,0,devingaffney.com,nvidia,at://did:plc:jijwtzgroy76samnivlqrpec/app.bsky.feed.generator/nvidia-test
NPR news feed,2025-07-28T23:19:39.822Z,0,0,devingaffney.com,Trending content from NPR,at://did:plc:jijwtzgroy76samnivlqrpec/app.bsky.feed.generator/npr-test
Noposts,2025-07-28T23:19:38.181Z,0,0,devingaffney.com,no posts example,at://did:plc:jijwtzgroy76samnivlqrpec/app.bsky.feed.generator/noposts
BBC Newsnight news feed,2025-07-28T23:19:39.395Z,0,0,devingaffney.com,Trending content from BBC Newsnight,at://did:plc:jijwtzgroy76samnivlqrpec/app.bsky.feed.generator/newsnight-test
awefawefo,2025-07-09T03:21:11.138Z,0,0,devingaffney.com,wefaoweifjw,at://did:plc:jijwtzgroy76samnivlqrpec/app.bsky.feed.generator/woefijawe
News test,2025-12-28T22:58:51.730Z,0,0,devingaffney.com,news test,at://did:plc:jijwtzgroy76samnivlqrpec/app.bsky.feed.generator/news-test
newbie-id,2025-10-10T13:46:51.685Z,0,0,devingaffney.com,newbie-id,at://did:plc:jijwtzgroy76samnivlqrpec/app.bsky.feed.generator/newbie-id
Museum Example,2025-10-13T14:19:41.878Z,0,0,devingaffney.com,Example Feed,at://did:plc:jijwtzgroy76samnivlqrpec/app.bsky.feed.generator/museum-ex
NYTimes Trending,2025-07-28T23:19:42.123Z,0,0,devingaffney.com,Trending Articles from the New York Times,at://did:plc:jijwtzgroy76samnivlqrpec/app.bsky.feed.generator/nytimes-trendin
Auditioning Ontology,2023-11-26T18:30:48.010Z,0,0,michaelshallcross.bsky.social,,at://did:plc:b6ena7xcunbhssmriguovl6y/app.bsky.feed.generator/aaaaxoa4ivbq2
勝手にアンケート,2025-11-25T11:19:07.832Z,0,0,feed-navi.bsky.expert,フィーナビ名物「勝手にアンケート」バックナンバー  下へ行くほど古いアンケートです。今でもアンケートに回答できます😊  アンケート結果は「Show results」からご覧いただけます,at://did:plc:hsf6h23omw3jphz27kfeqqy2/app.bsky.feed.generator/aaabddapucsac
music,2025-09-17T09:33:47.504Z,0,0,devin.divy.zone,,at://did:plc:xgs3qrwos3dwxmixoflcxrhu/app.bsky.feed.generator/3lyzjrjjdvc2a
music,2025-09-17T09:29:34.202Z,0,0,devin.divy.zone,,at://did:plc:xgs3qrwos3dwxmixoflcxrhu/app.bsky.feed.generator/3lyzjjxw5hc2a
TestFeed,2025-07-28T23:20:06.305Z,0,0,lucidillusions.in,testing something out,at://did:plc:36h6ttx2g23zqr4accilbvo7/app.bsky.feed.generator/testfeed
Test_DesiWatch,2024-12-27T17:13:34.649Z,0,0,lucidillusions.in,testing some features.,at://did:plc:36h6ttx2g23zqr4accilbvo7/app.bsky.feed.generator/aaaasddexfgau
Conferences,2025-09-05T16:35:53.707Z,0,0,mehdikhan.dev,,at://did:plc:4jtlhcxyql6z4iismctxtd5z/app.bsky.feed.generator/aaabviwhnpi3y
Tech Confs,2025-09-26T23:24:01.449Z,0,0,mehdikhan.dev,"Go, Rust, SRE, Performance, Observability ",at://did:plc:4jtlhcxyql6z4iismctxtd5z/app.bsky.feed.generator/Tech-Confs
Conferences,2025-09-05T16:26:31.034Z,0,0,mehdikhan.dev,,at://did:plc:4jtlhcxyql6z4iismctxtd5z/app.bsky.feed.generator/Conferences
📌,2024-09-14T11:23:47.223Z,0,0,bruno.rocha.social,Bruno Rocha Favorites,at://did:plc:cktri7m43ay2mdgb45xt6jwk/app.bsky.feed.generator/aaapaql6oc2ws
エゴサをします,2025-05-07T09:54:30.046Z,0,0,barine.co,,at://did:plc:q57l5d4iz2uzezutebljzrd2/app.bsky.feed.generator/aaajkrmypdmwa
Feed,2023-06-10T15:00:36.147Z,0,0,jcsalterego.bsky.social,Feed about Feed,at://did:plc:vc7f4oafdgxsihk4cry2xpze/app.bsky.feed.generator/feed
Bluesky App,2023-06-26T19:59:17.288Z,0,0,jcsalterego.bsky.social,Updates about the app,at://did:plc:vc7f4oafdgxsihk4cry2xpze/app.bsky.feed.generator/bluesky-app
test,2025-08-26T21:37:48.100Z,0,0,dylanfreedman.nytimes.com,test,at://did:plc:zeqq4z7aybrqg6go6vx6lzwt/app.bsky.feed.generator/test
following_following Skyf,2025-06-13T13:35:44.343Z,0,0,luiscordoba.bsky.social,list://{{$user.did}}/followers  list://{{$user.did}}/following  list://{{$user.did}}/following_following  list://{{$user.did}}/mutuals,at://did:plc:gkdzhhasll5lweby2pnakh3c/app.bsky.feed.generator/aaags66mvbwqm
Asterix (Test Feed),2025-07-29T00:39:47.711Z,0,0,bergsbites.bsky.social,This is a test feed using the keyword Asterix,at://did:plc:nkahctfdi6bxk72umytfwghw/app.bsky.feed.generator/aaagrltspj2mi
My Custom Account Feed,2023-09-04T14:14:29.169Z,0,0,bergsbites.bsky.social,This feed shows a curated list of user accounts.,at://did:plc:nkahctfdi6bxk72umytfwghw/app.bsky.feed.generator/aaafouzawqbdk
BB Test Feed,2025-06-23T01:51:42.939Z,0,0,bergsbites.bsky.social,Test Feed - Subfeed input for Ontario Weather Feedto pull in posts from The Weather Network that mention Ontario.,at://did:plc:nkahctfdi6bxk72umytfwghw/app.bsky.feed.generator/aaaejtcw4sv36
all links,2025-07-29T00:49:56.403Z,0,0,missmeringue.love,,at://did:plc:2j4w2o4xmkbheromzo73r5sv/app.bsky.feed.generator/all-links
miss meringue videos,2025-09-23T09:37:47.002Z,0,0,missmeringue.love,miss meringue videos,at://did:plc:2j4w2o4xmkbheromzo73r5sv/app.bsky.feed.generator/aaahlzldcumii
skybusty sf,2025-06-02T06:33:23.045Z,0,0,missmeringue.love,,at://did:plc:2j4w2o4xmkbheromzo73r5sv/app.bsky.feed.generator/aaac6pfobrrzy
Portland vs ICE (air),2025-10-03T06:45:31.960Z,0,0,missmeringue.love,,at://did:plc:2j4w2o4xmkbheromzo73r5sv/app.bsky.feed.generator/Portland-vs-DHS
OnlyEngineers (All),2025-09-21T05:23:19.704Z,0,0,missmeringue.love,posts from spicy engineers!,at://did:plc:2j4w2o4xmkbheromzo73r5sv/app.bsky.feed.generator/OnlyEngineersA
Evil Eepymix,2024-11-30T00:40:41.864Z,0,0,eepy.bsky.social,All the posts that were removed from my Eepymix feed.,at://did:plc:5rw2on4i56btlcajojaxwcat/app.bsky.feed.generator/aaahmviznjac4
Eepymix,2024-11-30T00:45:45.651Z,0,0,eepy.bsky.social,"Feed is in BETA  What's Hot except every time I see something annoying, I add whoever posted it to a list to hide all their posts from this feed.  v0.3",at://did:plc:5rw2on4i56btlcajojaxwcat/app.bsky.feed.generator/aaahk5cykcktu
Regional Feed Template,2024-11-28T01:16:58.162Z,0,0,eepy.bsky.social,Template for regional feed creators.,at://did:plc:5rw2on4i56btlcajojaxwcat/app.bsky.feed.generator/aaadoeciztqpy
"Hello, world!",2023-08-10T21:32:04.813Z,0,0,reilukah.bsky.social,sdfsf,at://did:plc:bzrneq7hkfbyjmqztnnexujc/app.bsky.feed.generator/aaaoejwlfuit4
Fork of Web Dev Trending,2025-08-26T21:26:33.712Z,0,0,corylr.bsky.social,Fork of Web Dev Trending - https://www.graze.social/feeds/1702,at://did:plc:23itsk3pl5l5unckofzs3d74/app.bsky.feed.generator/fork-of-web-dev
test,2025-08-18T15:32:39.301Z,0,0,baileytownsend.dev,test,at://did:plc:rnpkyqnmsw4ipey6eotbdnnf/app.bsky.feed.generator/test2
Catch Up (Shitpostsky),2024-12-19T21:32:55.155Z,0,0,illumi.meme,,at://did:plc:oqbijttmayqui2xv3e2xwcdz/app.bsky.feed.generator/aaaobvmrhchxi
Refchat,2025-08-30T12:43:09.702Z,0,0,markposts.bsky.social,"I just thought it'd be funny. A place to chat (vent) about sports refereeing decisions. Know where the line is, please. ",at://did:plc:pmyrbehllqy5rbbxuhqwev4p/app.bsky.feed.generator/Refchat
Harry Styles,2025-06-03T11:19:30.644Z,0,0,oracularhades.com,Feed containing references to Harry Styles,at://did:plc:wtdzzfgzjpirnk5wvpjutqoy/app.bsky.feed.generator/harrystyles
Fortnite,2025-05-18T03:41:58.542Z,0,0,oracularhades.com,https://en.wikipedia.org/wiki/Fortnite,at://did:plc:wtdzzfgzjpirnk5wvpjutqoy/app.bsky.feed.generator/fortnite
BSFC prod test,2025-06-19T04:19:33.234Z,0,0,oracularhades.com,bsfc prod test,at://did:plc:wtdzzfgzjpirnk5wvpjutqoy/app.bsky.feed.generator/bsfc-test
bsfc,2025-07-04T15:04:14.036Z,0,0,oracularhades.com,bsfc,at://did:plc:wtdzzfgzjpirnk5wvpjutqoy/app.bsky.feed.generator/bsfc
Blowdart's kittens,2025-07-05T17:21:35.941Z,0,0,oracularhades.com,Kitten photos from @blowdart.me,at://did:plc:wtdzzfgzjpirnk5wvpjutqoy/app.bsky.feed.generator/barry-kittens
Gen Z,2024-09-08T01:28:29.570Z,0,0,oracularhades.com,"Different cultures, united in bussin",at://did:plc:wtdzzfgzjpirnk5wvpjutqoy/app.bsky.feed.generator/aaamxzutun24g
club9,2024-10-23T15:49:17.885Z,0,0,devin.divy.zone,,at://did:plc:xgs3qrwos3dwxmixoflcxrhu/app.bsky.feed.generator/club9
club7,2024-10-22T19:52:17.533Z,0,0,devin.divy.zone,,at://did:plc:xgs3qrwos3dwxmixoflcxrhu/app.bsky.feed.generator/club7
club6,2024-10-22T19:52:17.533Z,0,0,devin.divy.zone,,at://did:plc:xgs3qrwos3dwxmixoflcxrhu/app.bsky.feed.generator/club6
club5,2024-10-22T19:52:17.533Z,0,0,devin.divy.zone,,at://did:plc:xgs3qrwos3dwxmixoflcxrhu/app.bsky.feed.generator/club5
club4,2024-10-22T19:52:17.533Z,0,0,devin.divy.zone,,at://did:plc:xgs3qrwos3dwxmixoflcxrhu/app.bsky.feed.generator/club4
club3,2024-10-22T19:52:17.533Z,0,0,devin.divy.zone,,at://did:plc:xgs3qrwos3dwxmixoflcxrhu/app.bsky.feed.generator/club3
club2,2024-10-22T19:52:17.533Z,0,0,devin.divy.zone,,at://did:plc:xgs3qrwos3dwxmixoflcxrhu/app.bsky.feed.generator/club2
music,2025-09-17T10:03:42.103Z,0,0,devin.divy.zone,,at://did:plc:xgs3qrwos3dwxmixoflcxrhu/app.bsky.feed.generator/3lyzlgyky422a
Inscribing Pandemonium,2024-10-15T09:10:04.758Z,0,0,michaelshallcross.bsky.social,Assorted stuff that's relevant in some way to the research project I'm working on,at://did:plc:b6ena7xcunbhssmriguovl6y/app.bsky.feed.generator/aaaiw5xswh42s
Follow Lewds,2023-11-13T23:28:24.303Z,0,0,flicknow.xyz,Posts with lewd labels from the people you follow,at://did:plc:wzsilnxf24ehtmmc3gssy5bu/app.bsky.feed.generator/f-lewds
Follow Gm/Gn,2023-11-13T23:24:05.960Z,0,0,flicknow.xyz,All Gm and Gn posts from the people you follow,at://did:plc:wzsilnxf24ehtmmc3gssy5bu/app.bsky.feed.generator/f-gmgn
gm/gn's,2025-07-28T23:56:29.410Z,0,0,flicknow.xyz,gm/gn posts from mark's list,at://did:plc:wzsilnxf24ehtmmc3gssy5bu/app.bsky.feed.generator/cool-people-gm
mutuals,2024-05-09T00:46:57.774Z,0,0,flicknow.xyz,mutuals feed but with replies,at://did:plc:wzsilnxf24ehtmmc3gssy5bu/app.bsky.feed.generator/aaafvq7g4ajms
Say It Back,2023-07-20T14:02:43.113Z,0,0,flicknow.xyz,Posts that want you to say it back,at://did:plc:wzsilnxf24ehtmmc3gssy5bu/app.bsky.feed.generator/aaad4et6ic7ia
AtlasBoard,2025-01-17T13:59:27.649Z,0,0,ubanis.com,Atlas用,at://did:plc:lmftezsq52hi53taz762s7pc/app.bsky.feed.generator/atlas-1737122367420
Feed of Feeds,2023-07-10T16:21:31.588Z,0,0,radobrien.myatproto.social,Just a feed that looks for the word feed or regex,at://did:plc:kpmeqsgi52jt2vz2ttaj43nq/app.bsky.feed.generator/aaaec4aechaja
Boatercycle,2023-08-02T12:44:49.736Z,0,0,tilmonedwards.com,Jet skis should be called boatercycles,at://did:plc:txfqncx66asrjzitxfur3of6/app.bsky.feed.generator/aaalohic2rs6y
Instagramish,2024-12-13T04:03:12.256Z,0,0,tilmonedwards.com,,at://did:plc:txfqncx66asrjzitxfur3of6/app.bsky.feed.generator/aaal4j4nhitcu
What's Glam,2023-05-26T18:12:06.161Z,0,0,handle.invalid,A custom feed for Glam that shows only images posted by accounts you follow.,at://did:plc:yasyxs3yvd3oseodjz5ivn3b/app.bsky.feed.generator/whats-glam
1/100 日本語反映ふゐゐど,2025-10-03T15:26:45.757Z,0,0,ja-stats.blue,日本語高速反映ふゐゐどの流速を100分の1に抑えたものです。  github: https://github.com/bluesky-ja-stats/ja-feed,at://did:plc:4obritwv62ohd6yeodt5q33z/app.bsky.feed.generator/thinned-ja-posts
Pinned SkyLine - ja,2025-10-03T14:38:32.863Z,0,0,ja-stats.blue,日本語の固定ポストが固定された時系列順に出てきます。  github: https://github.com/bluesky-ja-stats/pinned-skyline,at://did:plc:4obritwv62ohd6yeodt5q33z/app.bsky.feed.generator/pinned-skyline-ja
動画高速反映ふゐゐど,2025-09-19T15:35:22.610Z,0,0,ja-stats.blue,日本語高速反映ふゐゐどから動画付きポストを集めたもの  github: https://github.com/bluesky-ja-stats/ja-feed,at://did:plc:4obritwv62ohd6yeodt5q33z/app.bsky.feed.generator/ja-videos
メディア高速反映ふゐゐど,2025-11-08T14:03:25.362Z,0,0,ja-stats.blue,日本語高速反映ふゐゐどからメディア付きのポストを集めたもの  github: https://github.com/bluesky-ja-stats/ja-feed,at://did:plc:4obritwv62ohd6yeodt5q33z/app.bsky.feed.generator/ja-media
Kelli Anna's posts,2025-03-20T04:42:02.253Z,0,0,kellianna.bsky.social,Kelli Anna's posts,at://did:plc:6zjzmdreync7mcriotvkgv2c/app.bsky.feed.generator/aaaldwmr7xft6
music,2025-09-17T09:48:31.704Z,0,0,devin.divy.zone,,at://did:plc:xgs3qrwos3dwxmixoflcxrhu/app.bsky.feed.generator/3lyzklukdks2a
萌え建築,2024-02-21T11:48:26.740Z,0,0,nonohara.bsky.social,埜々原の萌え建築イラストや画像だけが見れるフィード Feed for only moe architectural illustrations and images from Nonohara.,at://did:plc:i4bveiezfm4b7wk52nx5czmd/app.bsky.feed.generator/aaamwgdfupbsw
#BuildingBookLabs25,2025-05-21T06:39:46.346Z,0,0,literaturegeek.bsky.social,"#BuildingBookLabs25! (This was not pulling in my own tweets for some reason? May have fixed it, unsure)",at://did:plc:quschouau47zm4f3ntsw7j5y/app.bsky.feed.generator/aaao26zkvl3va
Letterpress+ gallery,2025-11-28T13:24:13.431Z,0,0,literaturegeek.bsky.social,Letterpress & related media gallery,at://did:plc:quschouau47zm4f3ntsw7j5y/app.bsky.feed.generator/aaamvhfiqznjc
#DHmakes accounts,2025-04-29T10:07:17.279Z,0,0,literaturegeek.bsky.social,"Experimental feed to capture accounts posting to #DHmakes, for use in #DHmakes starter pack population",at://did:plc:quschouau47zm4f3ntsw7j5y/app.bsky.feed.generator/aaaicalqowcje
"Green XS, no replies",2025-04-25T10:07:29.381Z,0,0,literaturegeek.bsky.social,,at://did:plc:quschouau47zm4f3ntsw7j5y/app.bsky.feed.generator/aaagy2sgv7ilc
"Green, no replies",2025-04-29T10:08:11.977Z,0,0,literaturegeek.bsky.social,"Green list, but without replies",at://did:plc:quschouau47zm4f3ntsw7j5y/app.bsky.feed.generator/aaafz7c7zw4am
J庭57,2024-11-18T20:54:06.871Z,0,0,sweetchouxcream.bsky.social,Feed for posts with the hashtag #J庭57 // Made at BlueskyFeeds.com,at://did:plc:6yiz46aud6hg4nud6johlcnf/app.bsky.feed.generator/jgarden57-feed
BL Labels and Publishers,2025-02-04T03:37:05.456Z,0,0,sweetchouxcream.bsky.social,"BL コミック/小説/ドラマCD  Feed of official BL label accounts; including comics, novels, and drama CDs. Please contact me if I missed any! Mainly Japanese, but will include some English platforms/publishers! // Made at BlueskyFeeds.com",at://did:plc:6yiz46aud6hg4nud6johlcnf/app.bsky.feed.generator/bl-labels
poyozo #art #doodle 🔀,2025-01-30T13:02:25.254Z,0,0,poyozo.bsky.social,Blueskyに投稿した絵まとめ (ラクガキ) 🔀,at://did:plc:rn3t75domztvexxjrfpyncq5/app.bsky.feed.generator/aaapb5nso6c6g
poyozo #art #doodle,2024-11-05T12:55:10.882Z,0,0,poyozo.bsky.social,Blueskyに投稿した絵まとめ (ラクガキ),at://did:plc:rn3t75domztvexxjrfpyncq5/app.bsky.feed.generator/aaapb4g2bdfxw
poyozo #art #doodle ♥,2025-01-30T13:01:13.457Z,0,0,poyozo.bsky.social,Blueskyに投稿した絵まとめ (ラクガキ) ♥,at://did:plc:rn3t75domztvexxjrfpyncq5/app.bsky.feed.generator/aaapb45xvvqfi
poyozo #art #tips ♥,2025-08-24T06:29:05.808Z,0,0,poyozo.bsky.social,Blueskyに投稿した絵まとめ (tips) ♥,at://did:plc:rn3t75domztvexxjrfpyncq5/app.bsky.feed.generator/aaanvkrv64pu4
poyozo #art #tips 🔀,2025-08-24T06:28:47.906Z,0,0,poyozo.bsky.social,Blueskyに投稿した絵まとめ (tips) 🔀,at://did:plc:rn3t75domztvexxjrfpyncq5/app.bsky.feed.generator/aaanvk3b6v24o
poyozo #art #tips,2025-08-24T06:29:17.307Z,0,0,poyozo.bsky.social,Blueskyに投稿した絵まとめ (tips),at://did:plc:rn3t75domztvexxjrfpyncq5/app.bsky.feed.generator/aaanvjb6sdboi
BG Stats,2025-06-27T11:48:18.238Z,0,0,bgstatsapp.bsky.social,All posts containing either BGStats or BG Stats.,at://did:plc:fwfpavutv3kvkfred5ng2bgc/app.bsky.feed.generator/aaalckvmnnn4m
poyozo #art #original 🔀,2025-01-30T12:57:25.957Z,0,0,poyozo.bsky.social,Blueskyに投稿した絵まとめ (一次創作) 🔀,at://did:plc:rn3t75domztvexxjrfpyncq5/app.bsky.feed.generator/aaajxbi7wn6iu
poyozo #art #original ♥,2025-01-30T12:57:12.662Z,0,0,poyozo.bsky.social,Blueskyに投稿した絵まとめ (一次創作) ♥,at://did:plc:rn3t75domztvexxjrfpyncq5/app.bsky.feed.generator/aaajvzsppar2q
poyozo #art ♥,2025-01-30T12:53:38.355Z,0,0,poyozo.bsky.social,Blueskyに投稿した絵まとめ ♥,at://did:plc:rn3t75domztvexxjrfpyncq5/app.bsky.feed.generator/aaajv3o4ruafu
poyozo #art 🔀,2025-01-30T12:50:27.861Z,0,0,poyozo.bsky.social,Blueskyに投稿した絵まとめ 🔀,at://did:plc:rn3t75domztvexxjrfpyncq5/app.bsky.feed.generator/aaajv36kbxzuk
poyozo #art #fanart ♥,2025-01-30T12:59:00.553Z,0,0,poyozo.bsky.social,Blueskyに投稿した絵まとめ (二次創作) ♥,at://did:plc:rn3t75domztvexxjrfpyncq5/app.bsky.feed.generator/aaajv25rfb67a
poyozo #art #original,2024-11-05T12:54:35.281Z,0,0,poyozo.bsky.social,Blueskyに投稿した絵まとめ (一次創作),at://did:plc:rn3t75domztvexxjrfpyncq5/app.bsky.feed.generator/aaajnif7k4czo
Botany 7 Remixed,2025-07-29T00:58:19.404Z,0,0,botany.one,An attempt to improve the Botany 7 feed.,at://did:plc:qau4bxir74udvsrci2wakk44/app.bsky.feed.generator/botany-7-remix
Botany Jobs,2025-01-26T18:33:54.345Z,0,0,botany.one,"Botany Jobs, a fork of @somssich.bsky.social's PlantSciJobs feed.",at://did:plc:qau4bxir74udvsrci2wakk44/app.bsky.feed.generator/aaadnpvkdgmyw
Botany 24/7,2024-11-17T12:17:26.442Z,0,0,botany.one,Test for a curated Botany feed. This will take a LONG time to build. It might be promoted in the New Year.,at://did:plc:qau4bxir74udvsrci2wakk44/app.bsky.feed.generator/aaacnvuenmod4
Crop Modeling,2024-11-16T19:36:40.479Z,0,0,botany.one,Test for a crop model feed,at://did:plc:qau4bxir74udvsrci2wakk44/app.bsky.feed.generator/aaacmvqc5qm3o
Waveform Discussion,2025-05-30T12:48:37.347Z,0,0,j4ck.xyz,A Surf feed for the conversation around MKBHD’s #Waveform podcast!  Created with surf.social,at://did:plc:4hawmtgzjx3vclfyphbhfn7v/app.bsky.feed.generator/waveform-disc
UK Feed Test,2025-07-29T14:40:32.208Z,0,0,j4ck.xyz,UK Feed Test,at://did:plc:4hawmtgzjx3vclfyphbhfn7v/app.bsky.feed.generator/ukfeed
Test3 custom feed...,2025-10-18T21:10:35.062Z,0,0,j4ck.xyz,A custom feed,at://did:plc:4hawmtgzjx3vclfyphbhfn7v/app.bsky.feed.generator/testing-local-feed3
Test custom feed...,2025-10-18T21:09:46.682Z,0,0,j4ck.xyz,A custom feed,at://did:plc:4hawmtgzjx3vclfyphbhfn7v/app.bsky.feed.generator/testing-local-feed2
Test custom feed...,2025-10-18T21:02:17.053Z,0,0,j4ck.xyz,A custom feed,at://did:plc:4hawmtgzjx3vclfyphbhfn7v/app.bsky.feed.generator/testing-local-feed
poyozo #art #fanart 🔀,2025-01-30T12:59:15.251Z,0,0,poyozo.bsky.social,Blueskyに投稿した絵まとめ (二次創作) 🔀,at://did:plc:rn3t75domztvexxjrfpyncq5/app.bsky.feed.generator/aaajxbxx3tsx6
lalalyds ,2023-08-20T22:39:42.063Z,0,0,lalalyds.bsky.social,,at://did:plc:wrs5ycqkoik4ol4s3fhkdoug/app.bsky.feed.generator/aaablxno6jrig
My Art Posts,2023-07-24T23:12:40.628Z,0,0,lauragalliart.bsky.social,LauraGalliArt's Art Posts,at://did:plc:nkhqmbukwev5hgcnw4gpwgdx/app.bsky.feed.generator/aaair24zzd45q
testnba,2025-09-21T01:50:58.602Z,0,0,shamsbot.bsky.social,,at://did:plc:sa73fbx3vxzh2fw5pu5wmief/app.bsky.feed.generator/NBA-Feeeeeed
Fediversky,2025-07-28T23:47:33.715Z,0,0,box464.com,Discussions of the fediverse and activitypub on Bluesky.,at://did:plc:otg2nwpt63fp2cscvzh54rwj/app.bsky.feed.generator/hey-you-ve-got-
Just Zeu,2025-12-22T15:52:34.728Z,0,0,zeu.dev,,at://did:plc:gotnvwkr56ibs33l4hwgfoet/app.bsky.feed.generator/Just-Zeu
Data visualization,2025-08-26T21:38:30.401Z,0,0,datavisfriendly.bsky.social,,at://did:plc:nxtjxs4l37scbdun2i6jgon7/app.bsky.feed.generator/data-visualizat
firehose,2024-11-08T21:59:22.388Z,0,0,techsavvytravvy.com,,at://did:plc:us2i2eu4f3jtguaakhialc26/app.bsky.feed.generator/aaaa3rlljqfmq
Alice's Art Feed,2025-06-28T09:15:05.646Z,0,0,alicethexenoblader.bsky.social,This is a feed containing Alice's art!,at://did:plc:vt73urjtagyerwiqhqii5wqg/app.bsky.feed.generator/aaallq5cxdsse
Syndication,2025-04-03T03:21:29.405Z,0,0,claire.chapien.net,,at://did:plc:rm76gmxw3bcqghndbzzscxzf/app.bsky.feed.generator/aaaptj5qzac5q
#gameartdirection,2023-08-06T22:54:20.284Z,0,0,genrouthier.bsky.social,gamedev gameart artdirection leadership gametips,at://did:plc:6trrqcvrpocdlgmvh6amf53v/app.bsky.feed.generator/aaamm5bntoplm
Global Fishing Watch,2024-12-05T19:49:06.862Z,0,0,paulwoods.io,Global Fishing Watch people and mentions,at://did:plc:o6xj2pdl7cdyfgil6q3fgj7d/app.bsky.feed.generator/aaafursrciyca
Leen's Top Posts ,2025-04-22T12:06:47.882Z,0,0,ennuidoofen.bsky.social,,at://did:plc:7bv2ca3yawj662o7qxd5xyt7/app.bsky.feed.generator/aaaf2y3zcynyc
spicy creator chatter,2025-10-04T03:03:52.661Z,0,0,missmeringue.love,,at://did:plc:2j4w2o4xmkbheromzo73r5sv/app.bsky.feed.generator/spicy-creator-c
thank you for visiting.,2024-11-21T20:34:16.691Z,0,0,capnwatsisname.bsky.social,"the best I could do, under the circumstances, you understand",at://did:plc:efdtjcx67l6vpztu7muhp64s/app.bsky.feed.generator/aaafazozv26va
Arkaingel Art,2025-02-21T09:24:44.850Z,0,0,arkaingel.bsky.social,Original Art Content,at://did:plc:wntgeu7raa7v5t6v32u4dxdb/app.bsky.feed.generator/aaajlwqnv24qw
Test2,2023-07-07T10:03:17.748Z,0,0,oleksanovyk.com,ORly?,at://did:plc:rq6jsdmsptn4m7tfz7cd7nyv/app.bsky.feed.generator/all
Arkaingel OC,2024-10-22T19:18:19.241Z,0,0,arkaingel.bsky.social,Original Character Content,at://did:plc:wntgeu7raa7v5t6v32u4dxdb/app.bsky.feed.generator/aaajadjclowpo
Arkaingel GDCG,2025-12-26T17:08:22.531Z,0,0,arkaingel.bsky.social,GDCG Fandom Rot Content Repost Free,at://did:plc:wntgeu7raa7v5t6v32u4dxdb/app.bsky.feed.generator/aaafw57ao4jxc
Arkaingel Only Posts,2025-12-26T17:08:41.037Z,0,0,arkaingel.bsky.social,Post and Reply Only Content Repost Free,at://did:plc:wntgeu7raa7v5t6v32u4dxdb/app.bsky.feed.generator/aaafw4rouwf4a
bangers,2025-07-28T23:47:56.204Z,0,0,aviva.gay,bangers,at://did:plc:jx4g6baqkwdlonylsetvpu7c/app.bsky.feed.generator/bangers
vtbag,2025-08-26T20:59:45.613Z,0,0,martr.app,All things View Transitions and vtbag.dev,at://did:plc:n6f2dfquqajnat3gik2djbiz/app.bsky.feed.generator/vtbag
OnlyNerds (All),2025-09-21T05:20:23.507Z,0,0,missmeringue.love,posts from spicy nerds!,at://did:plc:2j4w2o4xmkbheromzo73r5sv/app.bsky.feed.generator/onlynerdsall
discord links,2025-07-29T00:50:05.630Z,0,0,missmeringue.love,,at://did:plc:2j4w2o4xmkbheromzo73r5sv/app.bsky.feed.generator/discord-links
Photos | Flashes,2025-07-28T23:44:35.003Z,0,0,bsky.art,"A curated featured feed by @bsky.art for the @flashes.blue, spotlighting active photography on Bluesky. ",at://did:plc:y7crv2yh74s7qhmtx3mvbgv5/app.bsky.feed.generator/flashes-photos
Digital Art | Flashes,2025-07-28T23:44:34.806Z,0,0,bsky.art,"A curated featured feed by @bsky.art for the @flashes.blue, spotlighting active digital media artists on Bluesky. ",at://did:plc:y7crv2yh74s7qhmtx3mvbgv5/app.bsky.feed.generator/flashes-digital
@bsky.art | Flashes,2025-07-28T23:44:24.802Z,0,0,bsky.art,@bsky.art Featured Feed for @flashes.blue,at://did:plc:y7crv2yh74s7qhmtx3mvbgv5/app.bsky.feed.generator/flashes
Tariffs test,2025-07-29T00:40:22.911Z,0,0,thomas.tms7331.xyz,Tariffs news,at://did:plc:if6nqmw7xr2xls6o5bcrjd62/app.bsky.feed.generator/tmstarifftest
Crypto News,2025-07-29T00:40:22.921Z,0,0,thomas.tms7331.xyz,Latest about crypto industry,at://did:plc:if6nqmw7xr2xls6o5bcrjd62/app.bsky.feed.generator/crypto-news
AtProtoBuilders,2025-07-29T00:40:22.905Z,0,0,thomas.tms7331.xyz,Follow progress of everyone building apps on the atprotocol,at://did:plc:if6nqmw7xr2xls6o5bcrjd62/app.bsky.feed.generator/atprotobuilders
music,2025-07-29T00:57:03.908Z,0,0,mmatt.net,test,at://did:plc:tas6hj2xjrqben5653v5kohk/app.bsky.feed.generator/music
Test2,2023-07-07T10:02:13.444Z,0,0,oleksanovyk.com,ORly?,at://did:plc:rq6jsdmsptn4m7tfz7cd7nyv/app.bsky.feed.generator/test2
Arkonography,2025-04-14T11:24:21.182Z,0,0,arkaingel.bsky.social,Mascot Arch Content,at://did:plc:wntgeu7raa7v5t6v32u4dxdb/app.bsky.feed.generator/aaajao3xoosdw
goddess's original posts,2025-10-16T23:59:56.361Z,0,0,the-goddess-speaks.bsky.social,This feed is just yours truly. Thanks for following me!❤️,at://did:plc:ul4iopilqtuwsb5x6pw2nwop/app.bsky.feed.generator/aaao6s747yqi2
🔥Overheard🔥,2023-12-20T08:53:23.695Z,0,0,jakei.bsky.social,The OverheardBluesky Feed sorted by most likes (only last 7 days of posts),at://did:plc:vjyot2w7zeomrslomwpfxirl/app.bsky.feed.generator/aaahmhf2fh2nc
HotRightNow,2024-11-26T03:49:00.952Z,0,0,jakei.bsky.social,posts with the most likes from the last 30 minutes,at://did:plc:vjyot2w7zeomrslomwpfxirl/app.bsky.feed.generator/aaagnffej4wyc
☠️Woody Allen☠️,2024-03-18T05:13:33.581Z,0,0,jakei.bsky.social,feed tracking posts about Woody Allen dying,at://did:plc:vjyot2w7zeomrslomwpfxirl/app.bsky.feed.generator/aaae76kczvx2s
BlueskyMoment,2025-06-03T09:40:05.150Z,0,0,jakei.bsky.social,,at://did:plc:vjyot2w7zeomrslomwpfxirl/app.bsky.feed.generator/aaadkiewcxbaa
my mids,2024-08-27T14:05:42.570Z,0,0,andraste.fuckbgp.com,,at://did:plc:3s2iaaxxqnyesuu3np56uv7y/app.bsky.feed.generator/aaajijo2qkmpg
Thaumaturgy,2024-07-03T04:35:59.933Z,0,0,andraste.fuckbgp.com,,at://did:plc:3s2iaaxxqnyesuu3np56uv7y/app.bsky.feed.generator/aaahnufdfrigw
PREZENT,2024-11-20T13:58:58.784Z,0,0,zeroses.bsky.social,,at://did:plc:iqpa22jpz2ralmounvwcmijf/app.bsky.feed.generator/aaaetxgqkedq6
Sung Hanbin,2024-11-24T10:27:03.602Z,0,0,zeroses.bsky.social,,at://did:plc:iqpa22jpz2ralmounvwcmijf/app.bsky.feed.generator/aaaddaelf4oss
Kim Jiwoong,2024-11-26T07:39:33.256Z,0,0,zeroses.bsky.social,,at://did:plc:iqpa22jpz2ralmounvwcmijf/app.bsky.feed.generator/aaadc7yboa5au
Zhang Hao,2024-11-15T20:23:34.339Z,0,0,zeroses.bsky.social,,at://did:plc:iqpa22jpz2ralmounvwcmijf/app.bsky.feed.generator/aaadc7ppkc2uo
Seok Matthew,2024-11-15T20:22:20.426Z,0,0,zeroses.bsky.social,,at://did:plc:iqpa22jpz2ralmounvwcmijf/app.bsky.feed.generator/aaadc7fuwaxa2
Kim Taerae,2024-11-15T20:20:20.533Z,0,0,zeroses.bsky.social,,at://did:plc:iqpa22jpz2ralmounvwcmijf/app.bsky.feed.generator/aaadc6uvwq2ke
Ricky,2024-11-15T20:17:38.325Z,0,0,zeroses.bsky.social,,at://did:plc:iqpa22jpz2ralmounvwcmijf/app.bsky.feed.generator/aaadc6bc43ias
Joji,2025-06-03T11:20:57.151Z,0,0,oracularhades.com,Feed containing references to Joji,at://did:plc:wtdzzfgzjpirnk5wvpjutqoy/app.bsky.feed.generator/joji
Park Gunwook,2024-11-15T20:14:01.042Z,0,0,zeroses.bsky.social,,at://did:plc:iqpa22jpz2ralmounvwcmijf/app.bsky.feed.generator/aaadc5h3emhb6
Han Yujin,2024-11-20T10:18:14.581Z,0,0,zeroses.bsky.social,,at://did:plc:iqpa22jpz2ralmounvwcmijf/app.bsky.feed.generator/aaadc4h7bzdwq
Random Earl Grey,2025-12-01T10:23:19.229Z,0,0,earlgreymemes.club,All posts by EMG in random order,at://did:plc:hopmtyvc3dhv62ofiuzii5t7/app.bsky.feed.generator/aaanriu6hpqx4
Earl's posts about JL,2024-11-23T10:11:01.052Z,0,0,earlgreymemes.club,"All posts by EGM mentioning Captain Picard or Patrick Stewart, including the #CaptainPicardDay celebration",at://did:plc:hopmtyvc3dhv62ofiuzii5t7/app.bsky.feed.generator/aaakbxci3plik
Earl's posts about FotH,2024-11-23T10:13:52.048Z,0,0,earlgreymemes.club,"All posts by EGM mentioning Faith of the Heart, including the #FaithOfTheHeartWeek celebration",at://did:plc:hopmtyvc3dhv62ofiuzii5t7/app.bsky.feed.generator/aaakb7ysu66na
Earl's oldest posts,2024-12-09T12:24:32.404Z,0,0,earlgreymemes.club,All posts by EGM in chronological order,at://did:plc:hopmtyvc3dhv62ofiuzii5t7/app.bsky.feed.generator/aaajj5kzitt6o
#wgastrong,2023-05-22T13:43:52.271Z,0,0,skyfeed.xyz,Posts with #wgastrong from the whole network,at://did:plc:tenurhgjptubkk5zf5qhi3og/app.bsky.feed.generator/h-wgastrong
#wgastrike,2023-05-22T13:44:27.669Z,0,0,skyfeed.xyz,Posts with #wgastrike from the whole network,at://did:plc:tenurhgjptubkk5zf5qhi3og/app.bsky.feed.generator/h-wgastrike
#teamorca,2023-05-22T13:44:17.056Z,0,0,skyfeed.xyz,Posts with #teamorca from the whole network,at://did:plc:tenurhgjptubkk5zf5qhi3og/app.bsky.feed.generator/h-teamorca
#tbt,2023-05-22T13:44:07.123Z,0,0,skyfeed.xyz,Posts with #tbt from the whole network,at://did:plc:tenurhgjptubkk5zf5qhi3og/app.bsky.feed.generator/h-tbt
#stopcopcity,2023-05-22T13:44:39.312Z,0,0,skyfeed.xyz,Posts with #stopcopcity from the whole network,at://did:plc:tenurhgjptubkk5zf5qhi3og/app.bsky.feed.generator/h-stopcopcity
#mothersday,2023-05-22T13:44:18.850Z,0,0,skyfeed.xyz,Posts with #mothersday from the whole network,at://did:plc:tenurhgjptubkk5zf5qhi3og/app.bsky.feed.generator/h-mothersday
#hashtags,2023-05-22T13:44:00.901Z,0,0,skyfeed.xyz,Posts with #hashtags from the whole network,at://did:plc:tenurhgjptubkk5zf5qhi3og/app.bsky.feed.generator/h-hashtags
#hashtag,2023-05-22T13:44:36.355Z,0,0,skyfeed.xyz,Posts with #hashtag from the whole network,at://did:plc:tenurhgjptubkk5zf5qhi3og/app.bsky.feed.generator/h-hashtag
#ff,2023-05-22T13:43:54.999Z,0,0,skyfeed.xyz,Posts with #ff from the whole network,at://did:plc:tenurhgjptubkk5zf5qhi3og/app.bsky.feed.generator/h-ff
Kim Gyuvin,2024-11-15T20:18:43.755Z,0,0,zeroses.bsky.social,,at://did:plc:iqpa22jpz2ralmounvwcmijf/app.bsky.feed.generator/aaadc5ue2u3iu
Urbanism+ Custom Nodes,2025-09-27T00:59:26.652Z,0,0,fema.monster,,at://did:plc:lptjvw6ut224kwrj7ub3sqbe/app.bsky.feed.generator/urbanism-custom
Hourly Comics Day!,2024-02-01T15:07:34.632Z,0,0,davis.social,"A chronological feed for #hourlycomicsday  (singular and plural for ""comics"" will both appear!)",at://did:plc:2gx2noukxzwmj6dkxbmh3qt5/app.bsky.feed.generator/aaadz4xp5r2yc
Favorite APODs 🛰️,2023-09-11T21:59:10.837Z,0,0,unbandito.bsky.social,Random Astronomy Pictures of the Day from the archives,at://did:plc:tvxdnawj2x7g6pxaqhmd3n2p/app.bsky.feed.generator/aaaiof3msuspy
Happy Québec,2025-03-22T21:36:38.144Z,0,0,sergio.bsky.col.social,Posts positifs sur le Québec. Keywords: quebec ,at://did:plc:4ysnxi6vujpjhovgtn5k4ztr/app.bsky.feed.generator/zttl5jos3sz4uh4k.positive
Sad Québec ,2025-03-22T21:39:06.346Z,0,0,sergio.bsky.col.social,Bad vibes posts about Québec. Keywords: quebec ,at://did:plc:4ysnxi6vujpjhovgtn5k4ztr/app.bsky.feed.generator/zttl5jos3sz4uh4k.negative
Québec,2025-03-22T21:55:50.756Z,0,0,sergio.bsky.col.social,Posts about Québec. Keywords: quebec,at://did:plc:4ysnxi6vujpjhovgtn5k4ztr/app.bsky.feed.generator/zttl5jos3sz4uh4k.all
Happy Emacs,2025-03-22T22:07:44.950Z,0,0,sergio.bsky.col.social,only good vibes posts about the emacs text editor. Keywords: emacs emacslisp,at://did:plc:4ysnxi6vujpjhovgtn5k4ztr/app.bsky.feed.generator/riv7nc8v83976cwr.positive
Sad Emacs,2025-03-22T22:09:11.052Z,0,0,sergio.bsky.col.social,Bad vibes posts about Emacs. Keywords: emacs emacslisp,at://did:plc:4ysnxi6vujpjhovgtn5k4ztr/app.bsky.feed.generator/riv7nc8v83976cwr.negative
hydrated_verification,2025-09-17T04:38:47.804Z,0,0,fema.monster,"  hydrated_metadata.user.verification.verified_status",at://did:plc:lptjvw6ut224kwrj7ub3sqbe/app.bsky.feed.generator/z759wlvuiC0l4Dl
Letterboxd: Community 🔥,2025-07-29T00:21:42.107Z,0,0,fema.monster,"Sorted by: trending posts.  Not affiliated with Letterboxd. This is a test.",at://did:plc:lptjvw6ut224kwrj7ub3sqbe/app.bsky.feed.generator/xtettimqcpsnrqp
ADD SPAM FEED REMOVE,2025-07-29T00:20:40.807Z,0,0,fema.monster,,at://did:plc:lptjvw6ut224kwrj7ub3sqbe/app.bsky.feed.generator/vqtynocagpwxfcb
VIDEO FEED,2025-07-29T00:21:42.609Z,0,0,fema.monster,,at://did:plc:lptjvw6ut224kwrj7ub3sqbe/app.bsky.feed.generator/video-feed
Hub Feed,2025-09-26T06:21:42.854Z,0,0,fema.monster,"Urbanism-Hub  Icon: https://www.flaticon.com/free-icon/network_957980?term=hub&page=1&position=1&origin=search&related_id=957980",at://did:plc:lptjvw6ut224kwrj7ub3sqbe/app.bsky.feed.generator/urbanism-hub
adblocker test,2025-08-28T19:57:24.203Z,0,0,fema.monster,,at://did:plc:lptjvw6ut224kwrj7ub3sqbe/app.bsky.feed.generator/adblocker-test
u+test,2025-10-05T01:49:28.855Z,0,0,fema.monster,,at://did:plc:lptjvw6ut224kwrj7ub3sqbe/app.bsky.feed.generator/u-test
Yu-gi-oh!,2023-05-30T14:00:01.739Z,0,0,neilbefore.me,A Yugioh community feed.,at://did:plc:cx4zd7btpgjkn46rtikc3qxo/app.bsky.feed.generator/ygo
U+ Labels Filter,2025-07-29T00:20:52.005Z,0,0,fema.monster,filter labels,at://did:plc:lptjvw6ut224kwrj7ub3sqbe/app.bsky.feed.generator/u-labels-filter
U+ EXPANDED TERMS,2025-07-29T00:21:31.506Z,0,0,fema.monster,,at://did:plc:lptjvw6ut224kwrj7ub3sqbe/app.bsky.feed.generator/u-expanded-term
Urbanism+ UpdateTester,2025-10-08T03:46:36.558Z,0,0,fema.monster,"A feed for urbanists, transit nerds, cyclists, and advocates of safe and accessible cities.   Check out @labeler.urbanism.plus for moderation and flair!  Fund the project: tinyurl.com/m5jrmc25",at://did:plc:lptjvw6ut224kwrj7ub3sqbe/app.bsky.feed.generator/tz2leTVMepuFMSr
Feed Mod Test Feed 2,2025-12-02T16:52:45.929Z,0,0,fema.monster,,at://did:plc:lptjvw6ut224kwrj7ub3sqbe/app.bsky.feed.generator/testfeed
Latest from jenius630,2025-01-13T14:23:32.749Z,0,0,armyvet1972.bsky.social,The latest posts by jenius630,at://did:plc:lqmk3yojyhz5tnoe5e6zzpma/app.bsky.feed.generator/aaagacs3gdz6o
Allie,2025-12-24T12:47:30.429Z,0,0,armyvet1972.bsky.social,Allie,at://did:plc:lqmk3yojyhz5tnoe5e6zzpma/app.bsky.feed.generator/aaafaxyifpjhw
jcalabro-debug-feed-1,2025-08-06T14:12:06.005Z,0,0,calabro.io,,at://did:plc:4uz2445cjiw7w4nobfgnu35f/app.bsky.feed.generator/jcalabro-debug-feed-1
fluxui,2025-07-29T00:40:10.405Z,0,0,pixeline.be,Gathers posts about Flux https://fluxui.dev,at://did:plc:v4zpi74gy7enfiwke7hmoxv5/app.bsky.feed.generator/fluxui
Happy Mastodon,2025-04-12T22:41:52.884Z,0,0,sergio.bsky.col.social,A happy feed about the mastodon social network. Good vibes only,at://did:plc:4ysnxi6vujpjhovgtn5k4ztr/app.bsky.feed.generator/i7d9e58wc5pvkau6.positive
Riley Atherton,2025-06-29T20:37:05.337Z,0,0,xinghaii.bsky.social,A feed for my oc Riley <3,at://did:plc:xlxytdbwiry2bqvswht26vhk/app.bsky.feed.generator/aaal2z5v6b5xw
Morgan's Art,2025-05-31T23:11:45.344Z,0,0,xinghaii.bsky.social,A feed of all my art!,at://did:plc:xlxytdbwiry2bqvswht26vhk/app.bsky.feed.generator/aaacrhb6x35ao
My favorite artists,2024-11-11T22:46:19.708Z,0,0,xinghaii.bsky.social,A feed so I can follow my favorite artists. Check them out!,at://did:plc:xlxytdbwiry2bqvswht26vhk/app.bsky.feed.generator/aaabnb3rstark
Morgan's Art Moots,2024-11-18T14:45:57.485Z,0,0,xinghaii.bsky.social,Art mutuals!!,at://did:plc:xlxytdbwiry2bqvswht26vhk/app.bsky.feed.generator/aaab3ony66rgo
Software Builders,2025-06-11T21:07:34.148Z,0,0,rager.tech,A feed about people building software and sharing information about tech.,at://did:plc:hjma5vxydcfn677sntdrwt4o/app.bsky.feed.generator/softwarebuilder
Purdue Sports,2025-06-11T21:09:59.451Z,0,0,rager.tech,Purdue Sports,at://did:plc:hjma5vxydcfn677sntdrwt4o/app.bsky.feed.generator/purdue-sports
U+ Social Filter,2025-07-29T00:20:47.706Z,0,0,fema.monster,filter,at://did:plc:lptjvw6ut224kwrj7ub3sqbe/app.bsky.feed.generator/u-social-filter
The Machinist (Fortnite),2024-12-14T09:50:55.950Z,0,0,mae.wtf,Posts related to The Machinist from Fortnite,at://did:plc:nhj3ztssujixe2rxi2l6ftxr/app.bsky.feed.generator/aaao56vxg2os2
𓅣,2025-11-28T21:21:39.933Z,0,0,heron.tunji.dev,A feed of different kinds of herons,at://did:plc:coo5y44dzkgujeypdrkjtgk6/app.bsky.feed.generator/herons
한국어 블루스카이,2024-10-17T08:07:06.377Z,0,0,ssogari.dev,한국어만 모아봅니다,at://did:plc:mnxfyl5dylsvl5ldfvtphtqa/app.bsky.feed.generator/aaajtaiz2nbe4
Sherlock Hound Mentioned,2025-04-20T00:29:55.389Z,0,0,sherlockhound.net,,at://did:plc:xjprvvxrvqy75fi5okkw62w5/app.bsky.feed.generator/aaafbft2affaa
Testing,2025-09-21T23:27:39.607Z,0,0,bugtype.bsky.social,Testing  BlueskyFeedCreator.com Donate: https://blueskyfeedcreator.com/p/bugtype.bsky.social/testing283628#donate,at://did:plc:pis3ks5avm6t3t7mijhqlpnt/app.bsky.feed.generator/testing283628
Bskies,2024-12-08T07:26:27.150Z,0,0,bugtype.bsky.social,Personal feed with all of my first bsky friends posts in it,at://did:plc:pis3ks5avm6t3t7mijhqlpnt/app.bsky.feed.generator/bskyclassic
^_^,2025-01-22T19:59:00.748Z,0,0,bugtype.bsky.social,"Friends from twitter, conventions, real life, etc",at://did:plc:pis3ks5avm6t3t7mijhqlpnt/app.bsky.feed.generator/aaafmnmt4hsfk
Backup Eagles Feed,2025-09-05T18:21:54.111Z,0,0,bugtype.bsky.social,This is the backup Eagles feed for when the main Eagles feed goes down. Quality cannot be guaranteed. You may see spam or offensive content here.,at://did:plc:pis3ks5avm6t3t7mijhqlpnt/app.bsky.feed.generator/aaabkrydmp2sm
fry69 follows,2025-07-29T01:00:34.310Z,0,0,aeshna-cyanea.neocities.org,,at://did:plc:fxnw2wkzf23zya6shq4pxvh6/app.bsky.feed.generator/fry-follows
Bluesky News,2025-07-29T01:00:34.303Z,0,0,aeshna-cyanea.neocities.org,Filtered by follows,at://did:plc:fxnw2wkzf23zya6shq4pxvh6/app.bsky.feed.generator/bluesky-news
atproto meta top posts,2025-07-29T01:00:34.602Z,0,0,aeshna-cyanea.neocities.org,posts from users in https://bsky.app/profile/aeshna-cyanea.bsky.social/lists/3lb4cfi7tfc2e sorted by likes,at://did:plc:fxnw2wkzf23zya6shq4pxvh6/app.bsky.feed.generator/atproto-meta-li
chriso-wiki sources,2025-10-20T13:31:18.357Z,0,0,aeshna-cyanea.neocities.org,convenience feed of posts with sources from chrisO-wiki threads,at://did:plc:fxnw2wkzf23zya6shq4pxvh6/app.bsky.feed.generator/aaaadt7uh2fri
"Posts, reposts, replies",2025-11-19T17:57:56.141Z,0,0,robbieandrew.bsky.social,,at://did:plc:xlope3oo4etb3hq5l3adqznx/app.bsky.feed.generator/aaaj2k5mmwc4q
Daffodil Testing Feed,2024-12-18T18:58:25.050Z,0,0,blueskyfeedcreator.com,,at://did:plc:45xkjogf53hfcwmpoj5afahn/app.bsky.feed.generator/test_daffodils
Mirror Selfies,2025-10-22T17:36:09.155Z,0,0,gonewild.social,#mirrorSelfie/#mirrorSelfies,at://did:plc:i5t7odtmmv7gtawckadaf6v4/app.bsky.feed.generator/mirrorselfies
VTuber Zine Club (VZC),2025-12-26T13:59:29.633Z,0,0,aiyoku.xyz,VZC is a public webring founded in December 2025. All related news and status updates are logged within this feed.,at://did:plc:kjnet2viyumgkqtjnzo6y4pz/app.bsky.feed.generator/aaad4bcmrh66c
Stina's Bangers,2025-10-27T17:19:13.262Z,0,0,stinasdemons.com,Stina's Bangers,at://did:plc:tcvpjkdcsdotgvcgdf6epyoe/app.bsky.feed.generator/aaacnkg5q76c2
WurmMeat's ArtFeed,2023-08-02T23:39:53.271Z,0,0,wurmmeat.bsky.social,All my Art in one place,at://did:plc:bb3f7uuwcimzzyka2idye5vi/app.bsky.feed.generator/aaalszcssu22k
Politicians,2025-07-28T23:56:54.213Z,0,0,bluewave.social,Politicians feed for BlueWave,at://did:plc:oiac5c7c7xntscaoueh3z6ov/app.bsky.feed.generator/politicians
National News,2025-07-28T23:56:54.103Z,0,0,bluewave.social,National News feed for BlueWave,at://did:plc:oiac5c7c7xntscaoueh3z6ov/app.bsky.feed.generator/national-news
Journalists,2025-07-28T23:56:54.203Z,0,0,bluewave.social,Journalist feed for BlueWave,at://did:plc:oiac5c7c7xntscaoueh3z6ov/app.bsky.feed.generator/journalists
BlueWave TV,2025-07-28T23:56:54.308Z,0,0,bluewave.social,Video feed for BlueWave,at://did:plc:oiac5c7c7xntscaoueh3z6ov/app.bsky.feed.generator/bluewave-tv
National News - Youtube,2025-03-01T18:38:08.760Z,0,0,bluewave.social,,at://did:plc:oiac5c7c7xntscaoueh3z6ov/app.bsky.feed.generator/aaaff5y4spcrc
National - Journalists,2025-03-01T18:43:12.458Z,0,0,bluewave.social,Bluewave.social feed for national journalists,at://did:plc:oiac5c7c7xntscaoueh3z6ov/app.bsky.feed.generator/aaae7abn4mmns
National News,2025-03-05T02:17:21.457Z,0,0,bluewave.social,Bluewave Social News Feed,at://did:plc:oiac5c7c7xntscaoueh3z6ov/app.bsky.feed.generator/aaae6mxfuw54e
My Awesome Test Feed,2025-05-14T07:07:21.547Z,0,0,oracularhades.com,nice  BlueskyFeedCreator.com,at://did:plc:wtdzzfgzjpirnk5wvpjutqoy/app.bsky.feed.generator/testfeed
Crank window enthusiasts,2025-05-17T15:37:29.852Z,0,0,oracularhades.com,best millennial nostalgia content on bluesky,at://did:plc:wtdzzfgzjpirnk5wvpjutqoy/app.bsky.feed.generator/rolldownwindows
smaller list of mutuals,2025-06-14T04:41:52.444Z,0,0,oracularhades.com,a smaller list of mutuals,at://did:plc:wtdzzfgzjpirnk5wvpjutqoy/app.bsky.feed.generator/mutual-s
Elders learning zoomer,2025-06-17T12:32:44.249Z,0,0,oracularhades.com,Links to KnowYourMeme.com,at://did:plc:wtdzzfgzjpirnk5wvpjutqoy/app.bsky.feed.generator/knowyourmeme
Kendrick Lamar,2025-06-03T11:18:14.150Z,0,0,oracularhades.com,Feed containing references to Kendrick and his albums,at://did:plc:wtdzzfgzjpirnk5wvpjutqoy/app.bsky.feed.generator/kendricklamar
The Nakasu Archives,2025-12-11T00:52:21.131Z,0,0,aiyoku.xyz,An exclusive feed meant just for updates related to my experimental Buttondown newsletter.,at://did:plc:kjnet2viyumgkqtjnzo6y4pz/app.bsky.feed.generator/aaaodfv77casa
NSFW Massage,2025-10-22T02:26:25.558Z,0,0,gonewild.social,[WIP],at://did:plc:i5t7odtmmv7gtawckadaf6v4/app.bsky.feed.generator/massage
Porn GIFs,2025-10-22T02:34:06.158Z,0,0,gonewild.social,[WIP],at://did:plc:i5t7odtmmv7gtawckadaf6v4/app.bsky.feed.generator/gifs
Titty Fuckin',2025-10-22T02:41:12.055Z,0,0,gonewild.social,[WIP],at://did:plc:i5t7odtmmv7gtawckadaf6v4/app.bsky.feed.generator/boobjobs
Backshots,2025-10-22T01:47:47.059Z,0,0,gonewild.social,[WIP],at://did:plc:i5t7odtmmv7gtawckadaf6v4/app.bsky.feed.generator/backshots
Impact Play 🔞,2025-10-22T17:31:37.457Z,0,0,gonewild.social,#impactPlay,at://did:plc:i5t7odtmmv7gtawckadaf6v4/app.bsky.feed.generator/Impact-Play
Довгоносик політичний,2024-08-02T20:05:36.192Z,0,0,dovgonosyk.bsky.social,Політичні думки Довгоносика,at://did:plc:qgy7vt74xmouisyslwm3fgfj/app.bsky.feed.generator/aaaist2epx6zy
My Media Bangers,2024-09-11T21:03:15.429Z,0,0,andraste.fuckbgp.com,,at://did:plc:3s2iaaxxqnyesuu3np56uv7y/app.bsky.feed.generator/aaaofxwxmgjb4
#community,2023-05-22T13:44:40.323Z,0,0,skyfeed.xyz,Posts with #community from the whole network,at://did:plc:tenurhgjptubkk5zf5qhi3og/app.bsky.feed.generator/h-community
#booth,2023-05-22T13:44:33.479Z,0,0,skyfeed.xyz,Posts with #booth from the whole network,at://did:plc:tenurhgjptubkk5zf5qhi3og/app.bsky.feed.generator/h-booth
overheardtest,2025-07-29T00:48:26.006Z,0,0,jakei.bsky.social,testing the overheard feed on graze,at://did:plc:vjyot2w7zeomrslomwpfxirl/app.bsky.feed.generator/overheard
SuperBowlLIX,2025-02-09T04:14:58.555Z,0,0,jakei.bsky.social,all most recent posts about Super Bowl LIX,at://did:plc:vjyot2w7zeomrslomwpfxirl/app.bsky.feed.generator/aaaor2irpiyom
#AusPolTrending,2025-02-05T01:19:58.350Z,0,0,jakei.bsky.social,Most-liked #AusPol posts of the last 12 hours.,at://did:plc:vjyot2w7zeomrslomwpfxirl/app.bsky.feed.generator/aaanhlmhumvh4
Holesome,2024-02-25T03:59:22.413Z,0,0,jakei.bsky.social,"uh.... reply to anything with ""holesome"" and it appears... its the anti-wholesome feed, and deals mostly with holes, if you don't understand its not for you",at://did:plc:vjyot2w7zeomrslomwpfxirl/app.bsky.feed.generator/aaan4ol2dwrju
WHC No Pics,2023-08-04T20:24:08.069Z,0,0,jakei.bsky.social,"What's Hot Classic - No Pictures  Most recent posts with 12 likes or more, no reposts/replies, without any images.",at://did:plc:vjyot2w7zeomrslomwpfxirl/app.bsky.feed.generator/aaamhnwywq2fm
OverGooned,2023-12-27T08:10:45.269Z,0,0,jakei.bsky.social,"OverGooned - like the overheard feed but for gooning. See someone gooning too hard, reply only the word ""overgooned""",at://did:plc:vjyot2w7zeomrslomwpfxirl/app.bsky.feed.generator/aaakuueshdgc2
パソコン系,2024-02-08T13:08:27.561Z,0,0,sakakibara-rem.com,パソコン系,at://did:plc:a2llsklgeauaqvsadhdzimvf/app.bsky.feed.generator/aaairqfnoaksk
UPPERCASE,2025-07-02T21:16:25.237Z,0,0,oracularhades.com,UPPERCASE,at://did:plc:wtdzzfgzjpirnk5wvpjutqoy/app.bsky.feed.generator/UPPERCASE
News,2024-12-06T00:51:11.752Z,0,0,parkermolloy.com,,at://did:plc:hf7ezrajxadu7v3tzcyij424/app.bsky.feed.generator/aaajs4tfasaru
Substacks,2023-12-21T01:15:41.367Z,0,0,parkermolloy.com,,at://did:plc:hf7ezrajxadu7v3tzcyij424/app.bsky.feed.generator/aaaguzbndhgrq
Local Live,2025-07-29T00:36:55.707Z,0,0,fireproof.storage,Local First data is faster,at://did:plc:hxml6dpyctvonejln5oxj7qe/app.bsky.feed.generator/local-live
Watersports 🔞,2025-10-22T18:33:51.459Z,0,0,gonewild.social,"#watersports aka #pissPlay from verified real creators.  (@babesky.com to be featured)",at://did:plc:i5t7odtmmv7gtawckadaf6v4/app.bsky.feed.generator/watersports
Trans Porn,2025-10-22T18:30:53.157Z,0,0,gonewild.social,"#transPorn by verified real creators 🔞  (@babesky.com to be featured)",at://did:plc:i5t7odtmmv7gtawckadaf6v4/app.bsky.feed.generator/transporn
I don't know,2024-12-08T06:34:02.855Z,0,0,oracularhades.com,"These skeeters don't know. (Keywords: I don't know, idk, i dont know, dont know)",at://did:plc:wtdzzfgzjpirnk5wvpjutqoy/app.bsky.feed.generator/aaakj6allkyge
Xbox 360,2024-12-08T06:34:26.454Z,0,0,oracularhades.com,Feed for the legendary console,at://did:plc:wtdzzfgzjpirnk5wvpjutqoy/app.bsky.feed.generator/aaakj4vxqno4y
mfer said,2025-03-10T13:37:13.349Z,0,0,oracularhades.com,Note: This feed shows posts since 4th Match 2025,at://did:plc:wtdzzfgzjpirnk5wvpjutqoy/app.bsky.feed.generator/aaaiarbkhtgke
Grand Theft Auto | GTA,2024-11-30T06:42:43.258Z,0,0,oracularhades.com,"You forget a thousand things every day, how about you make sure this is one of them.",at://did:plc:wtdzzfgzjpirnk5wvpjutqoy/app.bsky.feed.generator/aaahxpdqxgpvi
*loads shotgun*,2025-03-07T18:37:06.558Z,0,0,oracularhades.com,"Please note! Due to technical reasons, this feed shows posts since 01 March 2025.",at://did:plc:wtdzzfgzjpirnk5wvpjutqoy/app.bsky.feed.generator/aaahdy2yydqyk
Jerry's shotgun,2025-03-07T18:32:11.648Z,0,0,oracularhades.com,,at://did:plc:wtdzzfgzjpirnk5wvpjutqoy/app.bsky.feed.generator/aaahdxsagifew
internet of shit,2025-01-01T14:25:32.250Z,0,0,oracularhades.com,,at://did:plc:wtdzzfgzjpirnk5wvpjutqoy/app.bsky.feed.generator/aaaceqfjhjsga
F2,2025-12-20T15:43:14.734Z,0,0,mia.pds.parakeet.at,,at://did:plc:63y3oh7iakdueqhlj6trojbq/app.bsky.feed.generator/f2
Alan Couzens Feed,2025-01-13T15:44:32.154Z,0,0,alancouzens.bsky.social,personal feed of Alan Couzens,at://did:plc:5ljyfrwf6gj2st5lseiyivsf/app.bsky.feed.generator/alan_couzens_feed
#gentleskeets,2025-02-13T22:18:07.052Z,0,0,oracularhades.com,Posts with #gentleskeets,at://did:plc:wtdzzfgzjpirnk5wvpjutqoy/app.bsky.feed.generator/aaaacyum36suk
Nighthaven Talks,2023-09-28T08:25:51.015Z,0,0,so-asano.com,Talks with Mr.Nighthaven.,at://did:plc:pxwzal3aspfg2xnbbt2fjami/app.bsky.feed.generator/nighthaven-1
Doomscroll,2025-10-02T03:25:15.753Z,0,0,barometer.digital,An algorithmn powered by network analysis and natural language processing.,at://did:plc:yhhtets4kkizqtsyukhlwnld/app.bsky.feed.generator/doomscroll
Web Summit Vancouver,2025-07-28T23:20:25.071Z,0,0,bmann.ca,"Gathering posts about Web Summit Vancouver. The 2025 edition is May 27th - 20th.  Join @z-space.ca for great culture & connections all week https://news.z-space.ca/web-summit-vancouver/",at://did:plc:2cxgdrgtsmrbqnjkwyplmp43/app.bsky.feed.generator/web-summit-vanc
test 3/3 - 2,2024-03-03T10:01:20.597Z,0,0,so-asano.com,テストです、ちょっとすいません（by 開発者）,at://did:plc:pxwzal3aspfg2xnbbt2fjami/app.bsky.feed.generator/18e03c00a096dd8
test 3/3,2024-03-03T01:47:32.844Z,0,0,so-asano.com,テストです,at://did:plc:pxwzal3aspfg2xnbbt2fjami/app.bsky.feed.generator/18e01fcd3390f53
Booksy 💙📚 test,2025-10-14T20:29:06.925Z,0,0,clarabelle.xyz,A feed for anyone who likes reading and books. Share what you're reading with us by using 💙📚 or #booksky in your posts. More #booksky feeds 👉🏻 booksky.club/list,at://did:plc:geoqe3qls5mwezckxxsewys2/app.bsky.feed.generator/bookskytesting
WTA,2025-07-28T23:37:25.002Z,0,0,franklinseal.bsky.social,"A feed for discussion about the WTA (Women's Tennis Association) tour, players, tournaments. To post to this feed use #wtafeed",at://did:plc:rtv7v6rrk4geb64yk77r5vfr/app.bsky.feed.generator/wta
Space Race,2025-07-28T23:37:19.703Z,0,0,franklinseal.bsky.social,"More about the launch biz, less about the science. The how more than the why. The 4 R's: Reliable, Rapid, Reusable Rockets. Vastly cheaper per-ton-to-LEO opens the way to deep space. Like it, hate it, this is happening. It's exciting! (Haters will get the boot.) Follows #srf",at://did:plc:rtv7v6rrk4geb64yk77r5vfr/app.bsky.feed.generator/spacerace
Scientific Animism (SA),2025-07-28T23:37:11.605Z,0,0,franklinseal.bsky.social,"A feed for discussion of Scientific Animism (SA) — the worldview that recognizes agency, subjectivity, or meaning-making capacities in non-human systems, grounded not in mystical belief but in scientific understandings of complexity, relationality, and emergence. Gaia related. Follows #safeed",at://did:plc:rtv7v6rrk4geb64yk77r5vfr/app.bsky.feed.generator/sa
Feed Runner's Feed,2025-07-28T23:37:23.807Z,0,0,franklinseal.bsky.social,"Feed Runner's Feed For those who create and run Bluesky feeds. A place for bitching, boasting and asking questions about what works, what doesn't or just whatever comes up. Maybe someone else is suffering/succeeding just like you. Share it here. Follows #feedrunner",at://did:plc:rtv7v6rrk4geb64yk77r5vfr/app.bsky.feed.generator/feedrunner
AI User,2025-07-28T23:37:08.608Z,0,0,franklinseal.bsky.social,"AI User Forum — Follows #aiuser  Not for devs, pros or AI-art. Discussion group for the personal user ONLY. If you find ChatGPT et al to be a fascinating (perhaps unsettling) and growing presence in your life. A safe place to bitch, boast & pose questions. AI-pics and haters will get blocked.",at://did:plc:rtv7v6rrk4geb64yk77r5vfr/app.bsky.feed.generator/aiuser
My bangers,2025-11-15T21:27:48.057Z,0,0,outonthemoors.bsky.social,Myra's greatest hits,at://did:plc:rzgxnxi42gyskrxw247ofmee/app.bsky.feed.generator/aaaiszx3ijgog
Justlookin000 Posts,2024-11-23T03:37:13.257Z,0,0,outonthemoors.bsky.social,,at://did:plc:rzgxnxi42gyskrxw247ofmee/app.bsky.feed.generator/aaafofzwzudcs
Sparkles Posts,2024-11-16T17:48:52.576Z,0,0,outonthemoors.bsky.social,,at://did:plc:rzgxnxi42gyskrxw247ofmee/app.bsky.feed.generator/aaadmc2nbmq52
Tech News,2025-07-29T14:51:07.703Z,0,0,j4ck.xyz,"A feed that shows all posts with links to common tech news sites, or from their respective accounts",at://did:plc:4hawmtgzjx3vclfyphbhfn7v/app.bsky.feed.generator/tchnws
LO's Posts,2024-11-14T02:48:39.813Z,0,0,outonthemoors.bsky.social,My posts,at://did:plc:rzgxnxi42gyskrxw247ofmee/app.bsky.feed.generator/aaacrebhh3tfu
Coochie N Cats 2 (WIP),2023-05-30T04:07:08.089Z,0,0,emmanuel.bsky.nyc,"A feed that brings you everything about Crypto, Coochie, Cats. Don't worry, it avoids giveaway posts and the usual crypto spam",at://did:plc:f7gdbr6mkxcukdnjd7vdl4q4/app.bsky.feed.generator/ccc2
Coochie N Cats (WIP),2023-05-30T03:50:30.645Z,0,0,emmanuel.bsky.nyc,"A feed that brings you everything about Crypto, Coochie, Cats. Don't worry, it avoids giveaway posts and the usual crypto spam",at://did:plc:f7gdbr6mkxcukdnjd7vdl4q4/app.bsky.feed.generator/ccc
plz disregard,2025-11-22T05:29:48.435Z,0,0,daryllmarie.bsky.social,please disregard :),at://did:plc:ffkgesg3jsv2j7aagkzrtcvt/app.bsky.feed.generator/aaahauuarxbxi
plz disregard (3),2024-11-14T03:09:23.387Z,0,0,daryllmarie.bsky.social,,at://did:plc:ffkgesg3jsv2j7aagkzrtcvt/app.bsky.feed.generator/aaacrdfafc3ks
Miu Mixtape,2023-09-24T03:36:05.217Z,0,0,miukanaa.bsky.social,All of my beat links yippie // Made at BlueskyFeeds.com,at://did:plc:esfl6niffhrbupoglos62ab3/app.bsky.feed.generator/beat-zone
Miu ART,2023-09-20T19:02:32.054Z,0,0,miukanaa.bsky.social,Whoaaaaa all my ART IS HERE //Made at BlueskyFeeds.com,at://did:plc:esfl6niffhrbupoglos62ab3/app.bsky.feed.generator/Miu-Art-Feed
#sketch,2024-10-21T20:26:34.315Z,0,0,yazirou.bsky.social,スケッチと模写まとめ,at://did:plc:7suceff6524a2lxgynjfm6vi/app.bsky.feed.generator/aaalcqco7jjqa
blueskyArtShow last,2025-06-06T00:15:15.750Z,0,0,luiscordoba.bsky.social,search blueskyArtShow photographers,at://did:plc:gkdzhhasll5lweby2pnakh3c/app.bsky.feed.generator/aaapkx74ub2yg
scape for search,2025-05-22T00:45:40.246Z,0,0,luiscordoba.bsky.social,scape photographers,at://did:plc:gkdzhhasll5lweby2pnakh3c/app.bsky.feed.generator/aaapk3hqkz5ma
Search photography  feed,2025-06-22T21:32:44.737Z,0,0,luiscordoba.bsky.social,photography  feed for following search,at://did:plc:gkdzhhasll5lweby2pnakh3c/app.bsky.feed.generator/aaapjgmm3gs7k
photographer lc,2025-05-27T00:33:24.951Z,0,0,luiscordoba.bsky.social,photographer curated last 3 hours,at://did:plc:gkdzhhasll5lweby2pnakh3c/app.bsky.feed.generator/aaapeuqy5xdvk
photography lc,2025-05-03T22:28:26.585Z,0,0,luiscordoba.bsky.social,photographer by LC,at://did:plc:gkdzhhasll5lweby2pnakh3c/app.bsky.feed.generator/aaaozb3yvjlu4
Europe Photographers,2025-03-31T16:06:55.110Z,0,0,luiscordoba.bsky.social,3 days Europe,at://did:plc:gkdzhhasll5lweby2pnakh3c/app.bsky.feed.generator/aaaopttpcpgzg
pprepost,2025-08-28T03:05:10.908Z,0,0,luiscordoba.bsky.social,ppreposts,at://did:plc:gkdzhhasll5lweby2pnakh3c/app.bsky.feed.generator/aaao5f6fhoo5y
Rachel's Posts ,2024-11-14T04:18:11.085Z,0,0,outonthemoors.bsky.social,,at://did:plc:rzgxnxi42gyskrxw247ofmee/app.bsky.feed.generator/aaacry57q2asw
🏹 strays,2025-11-18T17:52:48.861Z,0,0,francesmeh.reviews,untagged mentions,at://did:plc:2hwwem55ce6djnk6bn62cstr/app.bsky.feed.generator/untagged-mentio
test,2025-12-02T01:48:38.832Z,0,0,francesmeh.reviews,,at://did:plc:2hwwem55ce6djnk6bn62cstr/app.bsky.feed.generator/test
Jubi's Pics,2023-08-04T19:54:46.933Z,0,0,jubilations.bsky.social,RL pictures and junk!,at://did:plc:gna5ofk7gglhms2raaquxtcm/app.bsky.feed.generator/aaal562yhagma
Art of Floofthefennec,2023-07-24T12:45:45.791Z,0,0,floofthefennec.bsky.social,A Feed of my Art,at://did:plc:fixomajp5ziaifcrcazrs4qz/app.bsky.feed.generator/aaairpqmwxga2
birds lc,2025-04-28T16:13:15.382Z,0,0,luiscordoba.bsky.social,my birds feed,at://did:plc:gkdzhhasll5lweby2pnakh3c/app.bsky.feed.generator/aaahz57tkb3re
Rrepost,2025-08-04T21:46:11.710Z,0,0,luiscordoba.bsky.social,Rrepost by sky,at://did:plc:gkdzhhasll5lweby2pnakh3c/app.bsky.feed.generator/aaahoc55wm6a2
followers by skyfeed,2025-06-16T18:54:23.547Z,0,0,luiscordoba.bsky.social,followers lc  by skyfeed,at://did:plc:gkdzhhasll5lweby2pnakh3c/app.bsky.feed.generator/aaahkjwmlscvy
jrepost,2025-08-04T12:20:50.501Z,0,0,luiscordoba.bsky.social,jrepost sky,at://did:plc:gkdzhhasll5lweby2pnakh3c/app.bsky.feed.generator/aaahkasrpie2q
following by skyfeed,2025-06-28T21:52:02.835Z,0,0,luiscordoba.bsky.social,list://{{$user.did}}/followers  list://{{$user.did}}/following  list://{{$user.did}}/following_following  list://{{$user.did}}/mutuals,at://did:plc:gkdzhhasll5lweby2pnakh3c/app.bsky.feed.generator/aaags5damvv3w
repostedR,2025-09-22T03:38:22.506Z,0,0,luiscordoba.bsky.social,rr,at://did:plc:gkdzhhasll5lweby2pnakh3c/app.bsky.feed.generator/aaag67mae5ddq
new lc,2025-05-03T18:58:26.381Z,0,0,luiscordoba.bsky.social,,at://did:plc:gkdzhhasll5lweby2pnakh3c/app.bsky.feed.generator/aaafkljufdr26
tags popular,2025-06-29T16:14:47.139Z,0,0,luiscordoba.bsky.social,popular tags,at://did:plc:gkdzhhasll5lweby2pnakh3c/app.bsky.feed.generator/aaadpo54r7vzm
🅰️lc,2025-04-21T03:39:45.578Z,0,0,luiscordoba.bsky.social,🅰️🅰️,at://did:plc:gkdzhhasll5lweby2pnakh3c/app.bsky.feed.generator/aaabqco5vlbvq
Mutuals by hour,2025-07-16T15:49:03.944Z,0,0,luiscordoba.bsky.social,mutuals by skyfeed by the hour,at://did:plc:gkdzhhasll5lweby2pnakh3c/app.bsky.feed.generator/aaabh2x6alyiy
GoodMorning,2025-04-07T22:36:31.801Z,0,0,luiscordoba.bsky.social,Good morningers,at://did:plc:gkdzhhasll5lweby2pnakh3c/app.bsky.feed.generator/aaabeyxgpbmss
gamebooktest001,1970-01-01T00:00:00.000Z,0,0,so-asano.com,途中から再開したい場合はこのフィードを購読してください,at://did:plc:pxwzal3aspfg2xnbbt2fjami/app.bsky.feed.generator/test-0
flower lc,2025-07-18T01:13:41.843Z,0,0,luiscordoba.bsky.social,my top flowers collection,at://did:plc:gkdzhhasll5lweby2pnakh3c/app.bsky.feed.generator/aaaazibdwmbeg
UNNES BASE,2024-06-13T04:46:48.900Z,0,0,unnesmenfess.bsky.social,"Feed ini berisi menfess umum sehari-hari.  Jika ada menfess yang menggunakan trigger ""-ness"" maka akan otomatis masuk ke dalam feed ini.",at://did:plc:7cwsxcsp2lcy7mnugbuiq5dp/app.bsky.feed.generator/aaaaywmnnz26i
UNNES POLITICS,2024-06-13T04:46:03.271Z,0,0,unnesmenfess.bsky.social,"Feed ini berisi menfess yang membahas tentang fenomena politik.  Jika ada menfess yang menggunakan trigger ""-politicss"" maka akan otomatis masuk ke dalam feed ini.",at://did:plc:7cwsxcsp2lcy7mnugbuiq5dp/app.bsky.feed.generator/aaaay4sqi5jb6
UNNES DEAREST,2024-06-13T04:46:13.718Z,0,0,unnesmenfess.bsky.social,"Feed ini berisi menfess yang ditujukan untuk seseorang yang terkasih/dearest.  Jika ada menfess yang menggunakan trigger ""-dearness"" maka akan otomatis masuk ke dalam feed ini.",at://did:plc:7cwsxcsp2lcy7mnugbuiq5dp/app.bsky.feed.generator/aaaay4gyuwc3w
めちゃくちゃあたる占い,1970-01-01T00:00:00.000Z,0,0,so-asano.com,めちゃくちゃあたる占いです,at://did:plc:pxwzal3aspfg2xnbbt2fjami/app.bsky.feed.generator/uranai-7
めちゃくちゃあたる占い,1970-01-01T00:00:00.000Z,0,0,so-asano.com,めちゃくちゃあたる占いです,at://did:plc:pxwzal3aspfg2xnbbt2fjami/app.bsky.feed.generator/uranai-4
めちゃくちゃあたる占い,1970-01-01T00:00:00.000Z,0,0,so-asano.com,めちゃくちゃあたる占いです,at://did:plc:pxwzal3aspfg2xnbbt2fjami/app.bsky.feed.generator/uranai-3
めちゃくちゃあたる占い,1970-01-01T00:00:00.000Z,0,0,so-asano.com,途中から再開したい場合はこのフィードを購読してください,at://did:plc:pxwzal3aspfg2xnbbt2fjami/app.bsky.feed.generator/uranai-0
トオクノライク,2023-09-28T14:43:24.180Z,0,0,so-asano.com,ひとつ遠くの Like されたポストを集めるフィードです。,at://did:plc:pxwzal3aspfg2xnbbt2fjami/app.bsky.feed.generator/tookuNoLikeFeed
Test Feed,2025-01-26T14:35:34.364Z,0,0,so-asano.com,Just testing...,at://did:plc:pxwzal3aspfg2xnbbt2fjami/app.bsky.feed.generator/test-feed-1
gamebooktest001,1970-01-01T00:00:00.000Z,0,0,so-asano.com,gamebook test 01,at://did:plc:pxwzal3aspfg2xnbbt2fjami/app.bsky.feed.generator/test-7
gamebooktest001,1970-01-01T00:00:00.000Z,0,0,so-asano.com,gamebook test 01,at://did:plc:pxwzal3aspfg2xnbbt2fjami/app.bsky.feed.generator/test-4
gamebooktest001,1970-01-01T00:00:00.000Z,0,0,so-asano.com,gamebook test 01,at://did:plc:pxwzal3aspfg2xnbbt2fjami/app.bsky.feed.generator/test-3
gamebooktest001,1970-01-01T00:00:00.000Z,0,0,so-asano.com,gamebook test 01,at://did:plc:pxwzal3aspfg2xnbbt2fjami/app.bsky.feed.generator/test-2
gamebooktest001,1970-01-01T00:00:00.000Z,0,0,so-asano.com,gamebook test 01,at://did:plc:pxwzal3aspfg2xnbbt2fjami/app.bsky.feed.generator/test-1
#humans,2025-04-07T18:29:47.407Z,0,0,luiscordoba.bsky.social,of bluesky tag,at://did:plc:gkdzhhasll5lweby2pnakh3c/app.bsky.feed.generator/aaabcyvqalgy6
new fll,2025-04-30T23:55:41.986Z,0,0,luiscordoba.bsky.social,new fll,at://did:plc:gkdzhhasll5lweby2pnakh3c/app.bsky.feed.generator/aaaish3ruyflw
greposts,2025-08-07T00:34:57.009Z,0,0,luiscordoba.bsky.social,grepost by skyfeed,at://did:plc:gkdzhhasll5lweby2pnakh3c/app.bsky.feed.generator/aaaid4swvmhqc
#scape lc,2025-05-16T11:36:49.646Z,0,0,luiscordoba.bsky.social,landscape lc,at://did:plc:gkdzhhasll5lweby2pnakh3c/app.bsky.feed.generator/aaahz7avjwmia
#Body by RealNSFW,2025-08-26T20:55:42.510Z,0,0,realnsfw.social,"Babes posting body 👄  (to be featured, link in bio to join RealNSFW list, then use #body on any post)",at://did:plc:db645kt5coo7teuoxdjhq34x/app.bsky.feed.generator/aaabolkcunwg2
Jullika - for me ♡,2024-10-22T19:34:15.416Z,0,0,jullika.bsky.social,Jullika - for me ♡,at://did:plc:qxion6yjatwpgpl6idbocahm/app.bsky.feed.generator/aaalleupunx7u
Trade Policy News,2025-08-26T21:26:16.710Z,0,0,simonlester.com,Trade policy news from sources on Bluesky,at://did:plc:xqzu2eazvxb5fohoc4nap33y/app.bsky.feed.generator/trade-policy-ne
Trade Policy,2025-08-14T02:42:37.712Z,0,0,simonlester.com,"This @graze.social‬ feed is based on all posts/skeets using certain terms (eg free trade) from people/organizations on this list: https://bsky.app/profile/simonlester.com/lists/3kdkmmusd4d2r As more people/organizations join Bluesky, I'll add to the list. Please get in touch if you want to be added.",at://did:plc:xqzu2eazvxb5fohoc4nap33y/app.bsky.feed.generator/trade-policy
Philly Phanatic Pheed,2025-09-13T17:26:49.105Z,0,0,simonlester.com,A feed with posts about the world's greatest mascot.  Created with surf.social,at://did:plc:xqzu2eazvxb5fohoc4nap33y/app.bsky.feed.generator/philly-phanat
Trade Policy Backup,2024-11-22T01:46:34.462Z,0,0,simonlester.com,Backup trade policy feed,at://did:plc:xqzu2eazvxb5fohoc4nap33y/app.bsky.feed.generator/aaadubgcnh2rw
Favstar Top,2025-05-13T12:33:12.648Z,0,0,dak.myatproto.social,,at://did:plc:piswk46uuf4lsb2ms7lu2b76/app.bsky.feed.generator/aaal4o5i4i25q
Skircle Feed,2025-03-05T11:33:37.556Z,0,0,dak.myatproto.social,,at://did:plc:piswk46uuf4lsb2ms7lu2b76/app.bsky.feed.generator/aaaezmmsasyl4
Mind Numbing Fun,2025-09-21T10:33:30.104Z,0,0,dak.myatproto.social,"A feed for posts that explore mind numbing fun topics, quirky entertainment, and captivating distractions.",at://did:plc:piswk46uuf4lsb2ms7lu2b76/app.bsky.feed.generator/Mind-Numbing-Fun
garbage cock.,2025-01-07T09:58:03.950Z,0,0,lscrapl.bsky.social,,at://did:plc:b2vvv3yl4de2cbxfspo7j3ek/app.bsky.feed.generator/aaaeamesolyma
...,2024-11-15T06:56:27.852Z,0,0,lscrapl.bsky.social,all the candy,at://did:plc:b2vvv3yl4de2cbxfspo7j3ek/app.bsky.feed.generator/aaac5f5risctq
FireHose Photo,2025-08-22T14:47:12.804Z,0,0,luiscordoba.bsky.social,fIRE HOSE PHOTO RAW,at://did:plc:gkdzhhasll5lweby2pnakh3c/app.bsky.feed.generator/aaaludisycr4o
plz disregard (2),2025-01-02T18:18:45.357Z,0,0,daryllmarie.bsky.social,,at://did:plc:ffkgesg3jsv2j7aagkzrtcvt/app.bsky.feed.generator/aaaithdvzu24a
OLD BTS Bangtan OT7 Feed,2025-07-28T23:57:28.903Z,0,0,everythinggoes1.bsky.social,Apobangpo! Feed for mentions of the kpop group BTS - use #BTS & member names & tags. BTS Video feed can be found here: https://bsky.app/profile/did:plc:2dozc4lhicvbmpsbxnicvdpj/feed/BTS_Video_Feed //,at://did:plc:2dozc4lhicvbmpsbxnicvdpj/app.bsky.feed.generator/BTS-OT7-Feed-OL
pinhole ,2024-10-25T07:18:42.049Z,0,0,georgeg.bsky.social,A feed for pinhole photography,at://did:plc:pxxmkc37qu3s7426n2gb2nqz/app.bsky.feed.generator/aaanyw6zndv5y
Just Writing Things,2025-07-29T00:44:24.104Z,0,0,aimeecozza.com,"Aimee's just writing things. Includes WIPs, snippets, quotes, promo, and whatever else gets caught in the feed.",at://did:plc:orwmq33pobteowpzc5gzwwil/app.bsky.feed.generator/aaapxpxc5cuu4
AIC 11k DTIYS,2025-02-04T00:52:04.561Z,0,0,aimeecozza.com,Aimee Cozza Illustration 11k Draw This In Your Style featuring a funky cyberpunk person! Collects all posts using #aicdtiys,at://did:plc:orwmq33pobteowpzc5gzwwil/app.bsky.feed.generator/aaalgjz6imrya
はらへりざむらい,2024-10-23T12:43:25.926Z,0,0,kondateokazu.bsky.social,おなかがすいてちからがでない JPN bsky民たち,at://did:plc:ilqazgl7rlh64xwwwcrfpoqi/app.bsky.feed.generator/aaabf5g3n64gy
ALL food porn ,2024-10-23T13:06:17.211Z,0,0,kondateokazu.bsky.social,日本中の食べ物画像が流れてくるフィード,at://did:plc:ilqazgl7rlh64xwwwcrfpoqi/app.bsky.feed.generator/aaabe7cxgsngu
Tariffs v2,2025-07-29T00:55:33.408Z,0,0,parthc28.bsky.social,balanced posts about tariffs,at://did:plc:oqi2lv2zphz27ynfiacq27b3/app.bsky.feed.generator/tariffs
AI & Atproto Talk,2025-04-17T04:56:01.179Z,0,0,parthc28.bsky.social,"Engage in the latest discussion on new AI models with a focus on intersections and overlaps with Atproto technology. Share your thoughts, insights, and updates in this dynamic field.",at://did:plc:oqi2lv2zphz27ynfiacq27b3/app.bsky.feed.generator/AI-Atproto-Talk
Tariff Debate 🔥,2025-04-07T04:36:22.106Z,0,0,parthc28.bsky.social,Balanced views on tariffs (top sort)  https://dazzle.fm/algorithms,at://did:plc:oqi2lv2zphz27ynfiacq27b3/app.bsky.feed.generator/3lm74xwhxzr2c
Tariff Debate 🆕,2025-04-07T04:36:22.002Z,0,0,parthc28.bsky.social,Balanced views on tariffs (latest sort)  https://dazzle.fm/algorithms,at://did:plc:oqi2lv2zphz27ynfiacq27b3/app.bsky.feed.generator/3lm74xwcnqg26
#KleurInDeNatuur2,2024-02-19T13:42:15.442Z,0,0,christinaroland.bsky.social,#KleurInDeNatuur2,at://did:plc:nadndjxu4frhmwexuxd6uryy/app.bsky.feed.generator/aaamc6yi5hdce
Indie Presses,2024-11-17T15:12:28.644Z,0,0,inkfishmagazine.bsky.social,"Independent publishers, small and indie presses.",at://did:plc:umxuuowjv7qzudv7o53akim5/app.bsky.feed.generator/aaadvleglxkwo
Homeschool,2024-12-13T03:19:45.451Z,0,0,jjude.com,all posts from Joseph Jude about homeschooling,at://did:plc:4hn2ld3q5zelho23lx372hx5/app.bsky.feed.generator/aaal4bvfcks2q
Desmond Blume Poems ,2024-11-25T12:37:31.949Z,0,0,punkpoet.bsky.social,"Poems written by me, Desmond Blume #poem #poetry #poetsonbluesky",at://did:plc:pu7hstzvvqqtcqk3ynnwol6q/app.bsky.feed.generator/aaaggbxcdjqlo
ATBerlin,2025-11-17T12:36:42.458Z,0,0,atproto.berlin,All posts tagging #atproto_ber.,at://did:plc:oalsdauozmx7wgt4fsb6hzhm/app.bsky.feed.generator/ATBerlin
moon driven,2025-05-10T01:19:14.749Z,0,0,luiscordoba.bsky.social,,at://did:plc:gkdzhhasll5lweby2pnakh3c/app.bsky.feed.generator/aaalpmq45qzso
moon lc,2025-08-07T21:32:15.403Z,0,0,luiscordoba.bsky.social,moon driven,at://did:plc:gkdzhhasll5lweby2pnakh3c/app.bsky.feed.generator/aaaln37e7klzu
fllwinglcp3d,2025-04-23T04:05:28.981Z,0,0,luiscordoba.bsky.social,fllwinglcp3d,at://did:plc:gkdzhhasll5lweby2pnakh3c/app.bsky.feed.generator/aaalmeuhb6bze
mrepost,2025-08-19T01:13:07.407Z,0,0,luiscordoba.bsky.social,mreposts for repost,at://did:plc:gkdzhhasll5lweby2pnakh3c/app.bsky.feed.generator/aaal7ypcw4hlg
alrepost,2025-08-19T01:11:37.506Z,0,0,luiscordoba.bsky.social,alrepost for repost,at://did:plc:gkdzhhasll5lweby2pnakh3c/app.bsky.feed.generator/aaal7x7l3yj5w
lcp👍,2025-03-19T02:43:50.858Z,0,0,luiscordoba.bsky.social,,at://did:plc:gkdzhhasll5lweby2pnakh3c/app.bsky.feed.generator/aaakyof5vafds
LCP🔁,2025-04-21T13:58:46.387Z,0,0,luiscordoba.bsky.social,🔁LCP,at://did:plc:gkdzhhasll5lweby2pnakh3c/app.bsky.feed.generator/aaakxoa5k4wkq
DIY & Home Improvement,2025-07-29T01:03:13.003Z,0,0,clarabelle.xyz,,at://did:plc:geoqe3qls5mwezckxxsewys2/app.bsky.feed.generator/diy
blue_love,1970-01-01T00:00:00.000Z,0,0,so-asano.com,ギャルゲー第 1 弾です！,at://did:plc:pxwzal3aspfg2xnbbt2fjami/app.bsky.feed.generator/blue_love-7
blue_love,1970-01-01T00:00:00.000Z,0,0,so-asano.com,ギャルゲー第 1 弾です！,at://did:plc:pxwzal3aspfg2xnbbt2fjami/app.bsky.feed.generator/blue_love-4
blue_love,1970-01-01T00:00:00.000Z,0,0,so-asano.com,ギャルゲー第 1 弾です！,at://did:plc:pxwzal3aspfg2xnbbt2fjami/app.bsky.feed.generator/blue_love-3
blue_love,1970-01-01T00:00:00.000Z,0,0,so-asano.com,ギャルゲー第 1 弾です！,at://did:plc:pxwzal3aspfg2xnbbt2fjami/app.bsky.feed.generator/blue_love-2
Bluemotion,2024-04-01T23:17:47.628Z,0,0,so-asano.com,Bluemotion 動画のフィードです。,at://did:plc:pxwzal3aspfg2xnbbt2fjami/app.bsky.feed.generator/aaajx4wj3kbcu
So Asano's Ego-search,2025-09-08T18:15:53.510Z,0,0,so-asano.com,自分用,at://did:plc:pxwzal3aspfg2xnbbt2fjami/app.bsky.feed.generator/aaaj5hranj3yc
"Hello, world!",2023-11-07T05:54:04.225Z,0,0,so-asano.com,test,at://did:plc:pxwzal3aspfg2xnbbt2fjami/app.bsky.feed.generator/aaah65op3kb2u
mutuals by like,2025-05-05T01:43:59.182Z,0,0,luiscordoba.bsky.social,greatest post,at://did:plc:gkdzhhasll5lweby2pnakh3c/app.bsky.feed.generator/aaaj4g6tljf7s
わはー,2025-10-01T15:10:54.652Z,0,0,so-asano.com,わはー,at://did:plc:pxwzal3aspfg2xnbbt2fjami/app.bsky.feed.generator/19939081bc0f024
テスト,2025-09-11T02:14:44.804Z,0,0,so-asano.com,たいやき,at://did:plc:pxwzal3aspfg2xnbbt2fjami/app.bsky.feed.generator/1993473ec8e1355
クソゲーまとめ,2025-05-09T11:13:37.646Z,0,0,so-asano.com,ぼくがやってるクソゲーのまとめです,at://did:plc:pxwzal3aspfg2xnbbt2fjami/app.bsky.feed.generator/196b4c030fb51b1
Test 2025/4/28 - 3,2025-04-28T02:56:40.581Z,0,0,so-asano.com,test,at://did:plc:pxwzal3aspfg2xnbbt2fjami/app.bsky.feed.generator/1967a5345ca7bb9
Test 2025/4/28 - 2,2025-04-28T02:36:23.686Z,0,0,so-asano.com,Test,at://did:plc:pxwzal3aspfg2xnbbt2fjami/app.bsky.feed.generator/1967a40b0980d25
Test 2024/4/14,2025-04-13T22:43:41.980Z,0,0,so-asano.com,test,at://did:plc:pxwzal3aspfg2xnbbt2fjami/app.bsky.feed.generator/1963152903dba29
test 2025/4/14,2025-04-13T22:21:49.378Z,0,0,so-asano.com,test,at://did:plc:pxwzal3aspfg2xnbbt2fjami/app.bsky.feed.generator/196313e86f025ba
test 2025/3/3 - 4,2025-03-02T23:45:40.552Z,0,0,so-asano.com,test,at://did:plc:pxwzal3aspfg2xnbbt2fjami/app.bsky.feed.generator/1955940365a6254
test 2025/3/3 - 2,2025-03-02T23:18:53.648Z,0,0,so-asano.com,test,at://did:plc:pxwzal3aspfg2xnbbt2fjami/app.bsky.feed.generator/1955927ae974a46
test 6/28 - 4,2024-06-28T02:00:19.550Z,0,0,so-asano.com,test,at://did:plc:pxwzal3aspfg2xnbbt2fjami/app.bsky.feed.generator/1905c926ef2b777
test 6/28 - 3,2024-06-28T01:59:22.568Z,0,0,so-asano.com,test,at://did:plc:pxwzal3aspfg2xnbbt2fjami/app.bsky.feed.generator/1905c91908652c0
Test 3/17 - 2,2024-03-31T02:47:12.925Z,0,0,so-asano.com,テストです（すみません by 開発者）,at://did:plc:pxwzal3aspfg2xnbbt2fjami/app.bsky.feed.generator/18e4825ce716ce0
test 3/6,2024-03-05T17:25:05.712Z,0,0,so-asano.com,テストです、すみません（by 開発者）,at://did:plc:pxwzal3aspfg2xnbbt2fjami/app.bsky.feed.generator/18e0fa5af5d0ba2
FOLLOWINGLCP,2025-04-06T21:29:24.998Z,0,0,luiscordoba.bsky.social,FOLLOWINGLCP,at://did:plc:gkdzhhasll5lweby2pnakh3c/app.bsky.feed.generator/aaakv2t3ednce
MUTUALS LC,2025-05-16T11:28:12.048Z,0,0,luiscordoba.bsky.social,MY MUTUALS by the hour,at://did:plc:gkdzhhasll5lweby2pnakh3c/app.bsky.feed.generator/aaajg6z2eqefg
test 2025/09/17,2025-09-17T12:00:19.205Z,0,0,so-asano.com,test,at://did:plc:pxwzal3aspfg2xnbbt2fjami/app.bsky.feed.generator/199578bf05a6d1e
"Hello, world!",2024-11-22T04:51:34.059Z,0,0,thomasr8.bsky.social,MyFirst SkyFeed,at://did:plc:z6tnolviceuaiiw66ossq3dj/app.bsky.feed.generator/aaafenkkuqlsw
it's only me,2024-12-04T18:40:41.160Z,0,0,doclaing.com,my combined posts.,at://did:plc:fbcj6zwgvqa63wmcv4muclqe/app.bsky.feed.generator/aaag7cxb3hvwg
debb's bangers ,2024-11-15T23:18:29.352Z,0,0,debbshock.blue,,at://did:plc:dxxbkz7sbu4hbes5idlvglpv/app.bsky.feed.generator/aaadd4glrsl7c
WoodyLuvsCoffee Posts,2023-08-22T22:26:04.792Z,0,0,woodyluvscoffee.bsky.social,Posts WoodyLuvsCoffee,at://did:plc:5loqawak6t5imxu3my4gg6wi/app.bsky.feed.generator/aaabysehosj5o
Nileo's Smut,2023-08-29T14:27:11.704Z,0,0,nileoart.rip,Nileo's smut (nothing too hardcore but still lewd),at://did:plc:rv5zvltua2akdui2me5trtm6/app.bsky.feed.generator/aaajb4sunrv7m
Yandrew artfeed,2023-10-13T18:01:51.141Z,0,0,yandrew.bsky.social,"I'm prone to shitposting, so you can find posts related ONLY to my art on this feed :3",at://did:plc:hnesl75y5koz3mmd4hg7fji3/app.bsky.feed.generator/aaacseah4km6u
Rowansugar's Art,2024-10-22T06:35:07.733Z,0,0,rowansugar.bsky.social,All my art posts in one place! <3,at://did:plc:4gpgbkgupuju5k5oz3teqotx/app.bsky.feed.generator/aaalf2hqpw3yq
Dev test feed,2023-05-28T01:23:48.019Z,0,0,test.marshal.dev,powered by The AT Protocol SDK for Python,at://did:plc:kvwvcn5iqfooopmyzvb4qzba/app.bsky.feed.generator/test-feed
Woodwinds,2025-05-04T18:04:25.979Z,0,0,timerival.net,,at://did:plc:226wxdoyduxqq4ptg4yfseks/app.bsky.feed.generator/aaacalk3efjg6
Meditation,2025-05-04T18:04:59.180Z,0,0,timerival.net,,at://did:plc:226wxdoyduxqq4ptg4yfseks/app.bsky.feed.generator/aaabbcbg5xke2
mastering,2025-04-10T14:28:46.382Z,0,0,timerival.net,,at://did:plc:226wxdoyduxqq4ptg4yfseks/app.bsky.feed.generator/aaabbaybtsxqc
electronicmusic,2025-04-10T14:32:10.179Z,0,0,timerival.net,,at://did:plc:226wxdoyduxqq4ptg4yfseks/app.bsky.feed.generator/aaabbatempsnw
SP404,2025-04-10T14:36:35.987Z,0,0,timerival.net,,at://did:plc:226wxdoyduxqq4ptg4yfseks/app.bsky.feed.generator/aaabba6betf2y
Yum!,2025-04-05T18:21:10.809Z,0,0,timerival.net,,at://did:plc:226wxdoyduxqq4ptg4yfseks/app.bsky.feed.generator/aaaaolkkunmv2
Fandom Coders Feed,2024-02-25T21:01:59.010Z,0,0,essentialrandom.bsky.social,A feed for fandom coders,at://did:plc:r2vpg2iszskbkegoldmqa322/app.bsky.feed.generator/fancoders
Les threads de Mel'💮,2025-01-01T15:43:20.559Z,0,0,melgribouille.bsky.social,Juste une façon de rassembler les différents threads que j'aime bien rédiger de temps en temps  BlueskyFeedCreator.com,at://did:plc:v6eeitv6yqh4iwzi2ebg6ibj/app.bsky.feed.generator/melthreads
Trending on Lawsky,2025-09-29T02:02:37.254Z,0,0,manos.lol,,at://did:plc:ffhsvgvnjwkbbhoi62pezi4x/app.bsky.feed.generator/lawsky-trending
Popular ATProto,2025-10-11T21:07:16.284Z,0,0,manos.lol,"Popular posts from members of @surfdude29.ispost.ing's ""Bsky Team, ATProto Devs et al"" list (https://bsky.app/profile/did:plc:sflxm2fxohaqpfgahgdlm7rl/lists/3kkttylu26l24).",at://did:plc:ffhsvgvnjwkbbhoi62pezi4x/app.bsky.feed.generator/devs-atproto
Best of Lawsky (Beta),2025-07-28T23:26:13.808Z,0,0,manos.lol,,at://did:plc:ffhsvgvnjwkbbhoi62pezi4x/app.bsky.feed.generator/best-lawsky
Popular on Lawsky,2024-09-06T06:02:41.524Z,0,0,manos.lol,,at://did:plc:ffhsvgvnjwkbbhoi62pezi4x/app.bsky.feed.generator/aaamlxnfwj5pw
atcute feedgen example,2025-05-29T09:41:56.247Z,0,0,mary.my.id,,at://did:plc:ia76kvnndjutgedggx2ibrem/app.bsky.feed.generator/atcute-feed-example
Art follows,2024-02-08T10:07:22.803Z,0,0,mary.my.id,"My art follows, might contain NSFW",at://did:plc:ia76kvnndjutgedggx2ibrem/app.bsky.feed.generator/aaaiqlq66sats
Unbreaking Threads,2025-07-28T23:54:01.106Z,0,0,knowtheory.net,A feed of mentions of unbreaking.org,at://did:plc:l5yz32nydpebjlcdfgycmf3x/app.bsky.feed.generator/unbreaking
Ted's next test feed,2025-07-28T23:54:05.731Z,0,0,knowtheory.net,"Any post, literally just any.",at://did:plc:l5yz32nydpebjlcdfgycmf3x/app.bsky.feed.generator/totally-differe
Ted's Test Feed,2025-07-28T23:54:05.711Z,0,0,knowtheory.net,,at://did:plc:l5yz32nydpebjlcdfgycmf3x/app.bsky.feed.generator/test
Appstore Links,2025-07-28T23:54:01.208Z,0,0,knowtheory.net,Links to appstores,at://did:plc:l5yz32nydpebjlcdfgycmf3x/app.bsky.feed.generator/appstore-links
ATProto,2025-07-28T23:54:01.405Z,0,0,knowtheory.net,,at://did:plc:l5yz32nydpebjlcdfgycmf3x/app.bsky.feed.generator/any-mention-of-
Body Image,2023-08-21T07:44:47.543Z,0,0,drboothroyd.bsky.social,Feed for posts mentioning body image. If necessary I'll edit to make it more specific to research than general chat later on. //Made at BlueskyFeeds.com,at://did:plc:d3yuaylgclh2mjgxa55cnvkf/app.bsky.feed.generator/bodyimage-psych
⚽ 🥅,2025-07-29T00:28:17.717Z,0,0,tunji.dev,Goals and videos from the beautiful game,at://did:plc:6q4y7p2wft3tncsffspts3m5/app.bsky.feed.generator/footygoals
🦚,2025-10-06T15:55:19.460Z,0,0,tunji.dev,Birds,at://did:plc:6q4y7p2wft3tncsffspts3m5/app.bsky.feed.generator/birds
Only Mel💮's posts,2025-01-22T08:13:28.155Z,0,0,melgribouille.bsky.social,Just to see my own posts without any repost.  BlueskyFeedCreator.com,at://did:plc:v6eeitv6yqh4iwzi2ebg6ibj/app.bsky.feed.generator/onlymelposts
Steam Links (Trending),2025-07-29T14:40:43.002Z,0,0,j4ck.xyz,Feed which shows posts with Steam game links (trending/new blend.),at://did:plc:4hawmtgzjx3vclfyphbhfn7v/app.bsky.feed.generator/steam
Superbowl,2025-07-29T14:45:43.704Z,0,0,j4ck.xyz,Unofficial #Superbowl feed! ,at://did:plc:4hawmtgzjx3vclfyphbhfn7v/app.bsky.feed.generator/sprbwl
Photography - trending,2025-07-29T14:39:07.609Z,0,0,j4ck.xyz,Trending Photography posts,at://did:plc:4hawmtgzjx3vclfyphbhfn7v/app.bsky.feed.generator/photography
Nintendo Switch,2025-07-29T14:40:39.409Z,0,0,j4ck.xyz,"Nintendo Switch feed!  #gaming #nintendo #nintendoswitch",at://did:plc:4hawmtgzjx3vclfyphbhfn7v/app.bsky.feed.generator/nswitch
Mac ,2025-05-11T18:25:04.746Z,0,0,j4ck.xyz,Mac feed  #mac #apple  Created with surf.social,at://did:plc:4hawmtgzjx3vclfyphbhfn7v/app.bsky.feed.generator/mac-enuhmwgwk
Percussion,2025-04-10T14:35:07.683Z,0,0,timerival.net,,at://did:plc:226wxdoyduxqq4ptg4yfseks/app.bsky.feed.generator/aaaaoh6quqmsg
Posts,2025-11-19T06:18:51.257Z,0,0,cheeky-gal.bsky.social,*POSTS*,at://did:plc:aiecbl2ok6qy6pi6m3j3v74d/app.bsky.feed.generator/aaajvpejilokq
Dems on food banks,2025-11-03T04:58:31.957Z,0,0,davidsacerdote.bsky.social,,at://did:plc:o4s55v3tsfph6whswxccpsia/app.bsky.feed.generator/aaab477osjugq
ATProto Instagram,2025-07-29T14:45:32.210Z,0,0,j4ck.xyz,posts about building an instagram clone on atproto,at://did:plc:4hawmtgzjx3vclfyphbhfn7v/app.bsky.feed.generator/instatgram
iPhone Air,2025-09-22T20:06:16.408Z,0,0,j4ck.xyz,Feed for posts about the iPhone air model,at://did:plc:4hawmtgzjx3vclfyphbhfn7v/app.bsky.feed.generator/iPhone-Air
Home,2025-10-18T20:01:32.553Z,0,0,j4ck.xyz,Experimental Home timeline for Bluesky (personal),at://did:plc:4hawmtgzjx3vclfyphbhfn7v/app.bsky.feed.generator/home
Google I/O,2025-07-29T14:50:15.607Z,0,0,j4ck.xyz,Google I/O feed! Follow for a live stream of posts about #GoogleIO as it happens in real time!,at://did:plc:4hawmtgzjx3vclfyphbhfn7v/app.bsky.feed.generator/gglio
Eurovision,2025-07-29T14:45:32.103Z,0,0,j4ck.xyz,Posts about Eurovision,at://did:plc:4hawmtgzjx3vclfyphbhfn7v/app.bsky.feed.generator/eurovision
Custom Feed,2025-10-18T20:58:39.655Z,0,0,j4ck.xyz,A custom feed,at://did:plc:4hawmtgzjx3vclfyphbhfn7v/app.bsky.feed.generator/custom-feed
conan gray,2025-11-08T11:56:46.261Z,0,0,j4ck.xyz,A feed showing posts about conan gray!,at://did:plc:4hawmtgzjx3vclfyphbhfn7v/app.bsky.feed.generator/cngry
There be no dragons here,2023-10-24T16:25:12.317Z,0,0,rabbitholer.bsky.social,Just a feed that is unlikely to ruin my day.,at://did:plc:v336bgjhyj5suvc6ds5vkckg/app.bsky.feed.generator/aaagepjeqmjqq
VR,2025-10-29T13:38:32.857Z,0,0,j4ck.xyz,A feed showing posts about VR / Virtual Reality,at://did:plc:4hawmtgzjx3vclfyphbhfn7v/app.bsky.feed.generator/VR
Simon Willison links,2025-08-19T20:20:35.005Z,0,0,j4ck.xyz,A feed showing links and discussions around Simon Willison’s AI writeups / blog posts ,at://did:plc:4hawmtgzjx3vclfyphbhfn7v/app.bsky.feed.generator/Simon-Willison
Minecraft builds 🔧,2025-09-27T08:57:47.549Z,0,0,j4ck.xyz,A feed for Minecraft builds!,at://did:plc:4hawmtgzjx3vclfyphbhfn7v/app.bsky.feed.generator/Minecraft-build
Apple Event,2025-08-26T21:13:47.612Z,0,0,j4ck.xyz,Feed for any #AppleEvent ,at://did:plc:4hawmtgzjx3vclfyphbhfn7v/app.bsky.feed.generator/Apple-Event
Abstraction / Expression,2025-12-04T22:40:00.431Z,0,0,yannoehl.bsky.social,,at://did:plc:ylniktydmweivveydqegruet/app.bsky.feed.generator/aaaov5ihm3wuq
Bri[collage] 🎲,2025-12-11T16:06:18.734Z,0,0,yannoehl.bsky.social,"An inclusive mix of analog, digital, photomontage, assemblage, etc. Broadly falling into the collage genre.  This feed is curated and intentionally randomized. To be thrown into the mix include #collage somewhere in your post or alt txt. Only posts with media are considered.",at://did:plc:ylniktydmweivveydqegruet/app.bsky.feed.generator/aaanrjcu3ylyk
special Humans ,2025-05-01T12:14:17.678Z,0,0,humansofbluesky.bsky.social,special friends,at://did:plc:75olwwdd7syhlxbwzr55tpnf/app.bsky.feed.generator/aaag33ggywh42
HumansOfBlueSky2,2025-04-10T00:02:46.378Z,0,0,humansofbluesky.bsky.social,HumansOfBlueSky2,at://did:plc:75olwwdd7syhlxbwzr55tpnf/app.bsky.feed.generator/aaabvce26tajk
HumansOfBlueSky3,2025-04-09T23:46:51.083Z,0,0,humansofbluesky.bsky.social,,at://did:plc:75olwwdd7syhlxbwzr55tpnf/app.bsky.feed.generator/aaabv2ay2mve4
元 動画高速反映ふゐゐど,2025-09-19T18:05:10.505Z,0,0,raitako.com,,at://did:plc:rmpcdvowarn4rcz4slzl76k2/app.bsky.feed.generator/ja-video
Media Extraction Feed 3,2025-11-22T15:59:32.537Z,0,0,raitako.com,あなたのリストからメディア付きの投稿を抽出してくれます！,at://did:plc:rmpcdvowarn4rcz4slzl76k2/app.bsky.feed.generator/extract-media-3
Media Extraction Feed 2,2025-11-22T15:58:44.836Z,0,0,raitako.com,あなたのリストからメディア付きの投稿を抽出してくれます！,at://did:plc:rmpcdvowarn4rcz4slzl76k2/app.bsky.feed.generator/extract-media-2
Media Extraction Feed 1,2025-11-22T15:58:05.535Z,0,0,raitako.com,あなたのリストからメディア付きの投稿を抽出してくれます！,at://did:plc:rmpcdvowarn4rcz4slzl76k2/app.bsky.feed.generator/extract-media-1
All you need is love,2023-08-28T13:42:34.672Z,0,0,robpc.com,Every post with the word 'love' in it,at://did:plc:gkvpokm7ec5j5yxls6xk4e3z/app.bsky.feed.generator/love
Brosephine Backwards,2024-07-24T22:50:16.849Z,0,0,joparkerbear.bsky.social,"my posts in ascending order, beginning with my very first.",at://did:plc:btj7htumgboprmobfodhw7wu/app.bsky.feed.generator/aaaons5zsgspy
Queen,2025-07-29T14:40:30.108Z,0,0,j4ck.xyz,"Feed for Queen posts.  Removed if labelled by Bluesky's Moderation Service. Keeping it safe & family friendly.",at://did:plc:4hawmtgzjx3vclfyphbhfn7v/app.bsky.feed.generator/aaaeneat6ka6o
Wanderling World Shop,2025-07-29T00:27:37.906Z,0,0,wanderlingworld.bsky.social,Updates for Wanderling World shop!,at://did:plc:odqmsar3ikz5ubokya4sempk/app.bsky.feed.generator/aaal6iqtn4rzw
Positive Vibes,2025-09-06T18:34:07.808Z,0,0,dfeldman.org,,at://did:plc:vao23dmph7uezdt3gzk7nxwm/app.bsky.feed.generator/positive-vibes
Haiku Garden,2025-09-06T18:41:22.707Z,0,0,dfeldman.org,,at://did:plc:vao23dmph7uezdt3gzk7nxwm/app.bsky.feed.generator/haiku-garden
bskytest,2025-09-06T18:23:33.204Z,0,0,dfeldman.org,,at://did:plc:vao23dmph7uezdt3gzk7nxwm/app.bsky.feed.generator/bskytest
discord,2025-07-29T01:00:25.812Z,0,0,verdverm.com,to keep track of posts related to Discord,at://did:plc:2jtyqespp2zfodukwvktqwe6/app.bsky.feed.generator/discord
Verm's CUE Feed,2025-07-29T01:00:25.302Z,0,0,verdverm.com,A CUE(lang) feed,at://did:plc:2jtyqespp2zfodukwvktqwe6/app.bsky.feed.generator/cuelang
12 drummers drumming,2024-12-13T14:01:15.752Z,0,0,kalvinmacleod.bsky.social,The very funny people of Bluesky (probably not actual drummers),at://did:plc:7um6cygepxtnieeqlat6crrn/app.bsky.feed.generator/aaamauc5xjiv2
Food and Cooking,2025-01-11T15:54:50.653Z,0,0,bmann.ca,,at://did:plc:2cxgdrgtsmrbqnjkwyplmp43/app.bsky.feed.generator/atlas-1736610890304
Exe.xyz,2025-12-24T18:51:48.935Z,0,0,bmann.ca,Posts with links to exe.dev experiments on the *.exe.xyz domain. ,at://did:plc:2cxgdrgtsmrbqnjkwyplmp43/app.bsky.feed.generator/ExeXYZ
Game Dev Ranked,2024-11-20T23:27:10.089Z,0,0,emmapixels.com,Version of the game dev feed here: https://bsky.app/profile/trezy.codes/feed/game-dev  Re-ranked with HN ranking,at://did:plc:bix3hv76hqt7fuqewgff46m7/app.bsky.feed.generator/aaaexzg3vvsyu
Test Feed,2025-07-29T00:27:44.707Z,0,0,wanderlingworld.bsky.social,Test,at://did:plc:odqmsar3ikz5ubokya4sempk/app.bsky.feed.generator/testfeed
side bangs - music posts,2024-12-02T07:47:12.050Z,0,0,sidebangsmusic.com,what we love and need to post about more,at://did:plc:3m2kspgf4l5vomio76ihjjlk/app.bsky.feed.generator/aaaidbxrit3fi
EpiNerd,2025-02-10T14:20:07.571Z,0,0,paulcleary.net,"Infectious disease, epidemiology, statistics, data science, informatics, global health, FOSS, cybersecurity for work - films, books and languages for fun - add your own mutes/blocks",at://did:plc:piubidfrubqokdw2nvla7cvv/app.bsky.feed.generator/aaadvpxlfawji
Top Liked Posts,2025-11-19T00:54:08.262Z,0,0,dungeonbitch.bsky.social,,at://did:plc:mdamtga3ae3hiwftmiym366n/app.bsky.feed.generator/aaac57hxg5wg4
Better For Me Feed,2025-05-06T18:29:22.186Z,0,0,cult-papa.com,,at://did:plc:evlngincxz7yf6mjnegh5565/app.bsky.feed.generator/aaaknvbxfinb2
Test feed,2024-10-18T01:56:59.613Z,0,0,cyaneyed.lol,This is a test,at://did:plc:nmm26ltnxjx4oskwzdue4xvq/app.bsky.feed.generator/aaajzlinyrepc
Aurora Borealis,2025-10-28T04:19:23.757Z,0,0,transrights.northsky.social,Photos of Aurora Borealis,at://did:plc:23cnpffmuf4vkpsnwhgyvljw/app.bsky.feed.generator/Aurora-Photos
Corn Dogs of Bluesky,2025-03-25T05:43:47.080Z,0,0,professorkiosk.wtf,Corn dogs from around the network,at://did:plc:plpviiolyyfxmopm6cqloy2b/app.bsky.feed.generator/aaamqdmozig7q
Graze - For You,2025-07-28T23:46:23.903Z,0,0,justinpoliachik.com,,at://did:plc:cubbfi3rcp5hniitgiv7pere/app.bsky.feed.generator/graze-for-you
Hopeful Cryptography 🆕,2025-04-20T11:02:17.579Z,0,0,kobi.bsky.social,Exploring the bright future of cryptography (latest sort)  https://dazzle.fm/algorithms,at://did:plc:6ynekzrjhn3r24y5oqhfsp43/app.bsky.feed.generator/3lnairoopsv23
エルデンリング,2024-07-18T06:21:46.481Z,0,0,matope.bsky.social,,at://did:plc:kzxl37blybhp7kvn2clme7j2/app.bsky.feed.generator/aaami7ngiwf24
Mave's Faves,2025-10-30T19:39:19.061Z,0,0,sireviscerate.myatproto.social,Mave's best,at://did:plc:2wtsa2p73r3lsfyenwlu6zrx/app.bsky.feed.generator/aaadnem4lhxts
Feed,2025-03-10T02:32:25.454Z,0,0,atprotofun.bsky.social,I like big depths and I cannot lie,at://did:plc:tke2pik76uoizsaettuhdxt7/app.bsky.feed.generator/77db76b5e7f
UK Newsmakers,2024-08-30T10:24:02.917Z,0,0,newsmastfoundation.org,"⚠️ Beta ⚠️  Follow the UK on Bluesky, curated by The Newsmast Foundation.  Follow us @newsmastfoundation.org for the UK's leading Fediverse project 🕸️",at://did:plc:vnycpb2e4lh4tc7oyr3n2jvh/app.bsky.feed.generator/aaafvyahaxlek
Newsmast Misc.,2024-06-24T11:38:08.513Z,0,0,newsmastfoundation.org,"A of Newsmast Communities. Primarily for internal purposes.  Towards a more democratic, better social media - connecting people between platforms: Bluesky, Threads, Mastodon & more🕸️See something interesting? Follow  @ap.brid.gy  and you’ll be able to interact with the post.",at://did:plc:vnycpb2e4lh4tc7oyr3n2jvh/app.bsky.feed.generator/aaaet773jvboa
Newsmast Pulse,2024-06-24T11:37:55.495Z,0,0,newsmastfoundation.org,"A of Newsmast Communities. Primarily for internal purposes.  Towards a more democratic, better social media - connecting people between platforms: Bluesky, Threads, Mastodon & more🕸️See something interesting? Follow  @ap.brid.gy  and you’ll be able to interact with the post.",at://did:plc:vnycpb2e4lh4tc7oyr3n2jvh/app.bsky.feed.generator/aaabbzz4xc4cq
CowboyBouquet Art,2025-01-23T18:50:07.650Z,0,0,cowboybouquet.bsky.social,Personal Bucket Art  BlueskyFeedCreator.com,at://did:plc:ozn4qnmmteszzpn6dlljvplp/app.bsky.feed.generator/cbmyart
CowboyBouquet Fanart,2025-01-23T19:02:05.460Z,0,0,cowboybouquet.bsky.social,Bucket Fanart  BlueskyFeedCreator.com,at://did:plc:ozn4qnmmteszzpn6dlljvplp/app.bsky.feed.generator/cbfanart
CowboyBouquet All Art,2025-01-23T18:40:53.754Z,0,0,cowboybouquet.bsky.social,All Art from Bucket  BlueskyFeedCreator.com,at://did:plc:ozn4qnmmteszzpn6dlljvplp/app.bsky.feed.generator/cbart
Paper Skygest Lite,2025-11-03T18:38:45.156Z,0,0,paper-feed.bsky.social,Personalized research digest based on accounts you follow,at://did:plc:uaadt6f5bbda6cycbmatcm3z/app.bsky.feed.generator/paper-follows
Bsky Buds (personal),2023-08-25T16:44:26.495Z,0,0,cyaneyed.lol,personal feed,at://did:plc:nmm26ltnxjx4oskwzdue4xvq/app.bsky.feed.generator/aaapzcr4mgkms
SF作品の感想,2024-12-07T08:35:37.755Z,0,0,mkizka.dev,SF中心に小説や映画やゲームの感想をまとめています。自分用です,at://did:plc:4gow62pk3vqpuwiwaslcwisa/app.bsky.feed.generator/18e4b600f3e7704
Most Reposted,2025-08-30T18:13:32.505Z,0,0,vinesauceclips.bsky.social,Vinesauce Clips - Most Reposted,at://did:plc:guuq2dz36nm5xig3xyf2nm3a/app.bsky.feed.generator/aaapylqthpd3i
Most Liked,2025-08-30T18:11:49.305Z,0,0,vinesauceclips.bsky.social,Vinesauce Clips - Most Liked,at://did:plc:guuq2dz36nm5xig3xyf2nm3a/app.bsky.feed.generator/aaapykwe3cjkg
Oldest,2025-08-28T07:40:25.207Z,0,0,vinesauceclips.bsky.social,Vinesauce Clips - From Oldest to Newest,at://did:plc:guuq2dz36nm5xig3xyf2nm3a/app.bsky.feed.generator/aaao7hl7xv5kk
商品情報BOTシリーズ,2024-11-26T11:48:02.157Z,0,0,5leafjp.bsky.social,商品情報BOTシリーズの全アカウントの投稿です,at://did:plc:rx7wl7dto3c7i5jfxsfqtpto/app.bsky.feed.generator/aaaeiopvwhzvy
Urbanism+ Directory,2025-02-17T23:31:24.060Z,0,0,urbanism.plus,A directory of Urbanism feeds,at://did:plc:nyz2ssqxd3g72lpmdrfrsc74/app.bsky.feed.generator/aaabmgvb5bfgk
Watcher Entertainment,2025-02-28T21:28:02.257Z,0,0,tulipsocial.com,Your go-to source for everything about Watcher Entertainment.,at://did:plc:ksl6aeeojwgfafuswlhucmne/app.bsky.feed.generator/watcher-entertainment-rixh
Watcher Entertainment ,2025-03-03T23:56:27.458Z,0,0,tulipsocial.com,YouTube’s Watcher Entertainment Content Feed,at://did:plc:ksl6aeeojwgfafuswlhucmne/app.bsky.feed.generator/watcher
test3,2025-02-18T22:30:38.462Z,0,0,tulipsocial.com,test3,at://did:plc:ksl6aeeojwgfafuswlhucmne/app.bsky.feed.generator/test3
Custom Feed,2025-02-16T11:22:58.148Z,0,0,tulipsocial.com,Custom feed,at://did:plc:ksl6aeeojwgfafuswlhucmne/app.bsky.feed.generator/test2
Puppies and kittens2,2025-02-24T14:18:41.286Z,0,0,tulipsocial.com,Puppies and kittens are cute2,at://did:plc:ksl6aeeojwgfafuswlhucmne/app.bsky.feed.generator/puppies-and-kittens2-swga
Puppies and kittens,2025-02-24T14:03:14.955Z,0,0,tulipsocial.com,Puppies and kittens are cute,at://did:plc:ksl6aeeojwgfafuswlhucmne/app.bsky.feed.generator/puppies-and-kittens-nekg
AI Generated Music,2025-02-07T12:34:28.448Z,0,0,tulipsocial.com,The best AI generated music,at://did:plc:ksl6aeeojwgfafuswlhucmne/app.bsky.feed.generator/minitest1
Math for Investors,2025-02-06T09:33:59.149Z,0,0,tulipsocial.com,Mathematics content for people that want to invest,at://did:plc:ksl6aeeojwgfafuswlhucmne/app.bsky.feed.generator/math-for-investors-eodt
🦖 feed,2025-04-13T08:09:05.182Z,0,0,tulipsocial.com,pictures of dinosaurs ,at://did:plc:ksl6aeeojwgfafuswlhucmne/app.bsky.feed.generator/feed-mwey
Artist Feed Template,2025-07-29T00:27:43.309Z,0,0,wanderlingworld.bsky.social,A template for artists to build their own art feed!,at://did:plc:odqmsar3ikz5ubokya4sempk/app.bsky.feed.generator/artistfeedtemp
Bskyinfo feedback,2025-02-28T04:19:11.952Z,0,0,tulipsocial.com,How would the user evaluate bskyinfo?,at://did:plc:ksl6aeeojwgfafuswlhucmne/app.bsky.feed.generator/bskyinfo-feedback
Board Game Artists,2025-02-07T01:10:34.154Z,0,0,tulipsocial.com,from a list?,at://did:plc:ksl6aeeojwgfafuswlhucmne/app.bsky.feed.generator/board-game-artists-pgsa
Blackpink in your area,2025-02-05T08:21:55.453Z,0,0,tulipsocial.com,Blackpink fan page,at://did:plc:ksl6aeeojwgfafuswlhucmne/app.bsky.feed.generator/blackpink-in-your-area-qsow
Berlin Du Bist Wunderbar,2025-02-16T09:17:32.849Z,0,0,tulipsocial.com,Berlin feed,at://did:plc:ksl6aeeojwgfafuswlhucmne/app.bsky.feed.generator/berlin
100 Days Of Ukulele 2025,2025-03-02T05:43:11.452Z,0,0,tulipsocial.com,Trying to create a feed based on the 100DOU starter pack,at://did:plc:ksl6aeeojwgfafuswlhucmne/app.bsky.feed.generator/100-days-of-ukulele-2025
Space Stuff!,2023-05-26T17:04:34.323Z,0,0,handle.invalid,Rockets and that kind of thing,at://did:plc:xli6ltfng2enc7chgwff6hxk/app.bsky.feed.generator/space
Music Mentions,2023-05-26T16:59:32.180Z,0,0,handle.invalid,Talking about the sounds that move you,at://did:plc:xli6ltfng2enc7chgwff6hxk/app.bsky.feed.generator/music
Love and Affection,2023-05-26T16:58:07.588Z,0,0,handle.invalid,"People, places, and things that are loved or in love",at://did:plc:xli6ltfng2enc7chgwff6hxk/app.bsky.feed.generator/love
Happiness,2023-05-26T16:55:36.848Z,0,0,handle.invalid,Looking for happiness and joy (like literally looking for those words),at://did:plc:xli6ltfng2enc7chgwff6hxk/app.bsky.feed.generator/happy
Dogs and Puppies,2023-05-26T16:53:59.527Z,0,0,handle.invalid,aka doggos and puppers (image recognition for pics is on the way),at://did:plc:xli6ltfng2enc7chgwff6hxk/app.bsky.feed.generator/dogs
Cats and Kittens,2023-05-26T16:52:20.881Z,0,0,handle.invalid,Mentions of feline friends (working on image recognition for pics too),at://did:plc:xli6ltfng2enc7chgwff6hxk/app.bsky.feed.generator/cats
Beautiful - The Word,2023-05-26T16:49:08.270Z,0,0,handle.invalid,Anytime someone uses the word beautiful,at://did:plc:xli6ltfng2enc7chgwff6hxk/app.bsky.feed.generator/beautiful
Discover ,2025-05-22T10:39:07.251Z,0,0,oppi.li,oppilis discover feed,at://did:plc:qfpnj4og54vl56wngdriaxug/app.bsky.feed.generator/discover
Theophania Antoniou,2024-02-27T06:18:48.693Z,0,0,vanridraws.bsky.social,"All of my posts featuring my fun and flirty vampire, Theophania Antoniou. Contents may be ~spicy~, but will be flagged accordingly",at://did:plc:gciy334j2czubkd2ty6ijl7e/app.bsky.feed.generator/aaaluoiip4w56
Vanri Ventures,2024-02-07T06:06:34.648Z,0,0,vanridraws.bsky.social,"All of my tangible goods that could be yours!  If something's not active in my shop, just ask and I can get it back up for you!",at://did:plc:gciy334j2czubkd2ty6ijl7e/app.bsky.feed.generator/aaalj7fjheous
Combined Feed,2025-02-16T12:44:14.849Z,0,0,tulipsocial.com,combined feed,at://did:plc:ksl6aeeojwgfafuswlhucmne/app.bsky.feed.generator/combined
